#
# There is insufficient memory for the Java Runtime Environment to continue.
# Native memory allocation (mmap) failed to map 287309824 bytes for Failed to commit area from 0x00000000aa600000 to 0x00000000bb800000 of length 287309824.
# Possible reasons:
#   The system is out of physical RAM or swap space
#   The process is running with CompressedOops enabled, and the Java Heap may be blocking the growth of the native heap
# Possible solutions:
#   Reduce memory load on the system
#   Increase physical memory or swap space
#   Check if swap backing store is full
#   Decrease Java heap size (-Xmx/-Xms)
#   Decrease number of Java threads
#   Decrease Java thread stack sizes (-Xss)
#   Set larger code cache with -XX:ReservedCodeCacheSize=
#   JVM is running with Unscaled Compressed Oops mode in which the Java heap is
#     placed in the first 4GB address space. The Java Heap base address is the
#     maximum limit for the native heap growth. Please use -XX:HeapBaseMinAddress
#     to set the Java Heap base and to place the Java Heap above 4GB virtual address.
# This output file may be truncated or incomplete.
#
#  Out of Memory Error (src/hotspot/os/windows/os_windows.cpp:3627), pid=2380, tid=15332
#
# JRE version: OpenJDK Runtime Environment (11.0.15) (build 11.0.15+0-b2043.56-9505619)
# Java VM: OpenJDK 64-Bit Server VM (11.0.15+0-b2043.56-9505619, mixed mode, tiered, compressed oops, g1 gc, windows-amd64)
# No core dump will be written. Minidumps are not enabled by default on client versions of Windows
#

---------------  S U M M A R Y ------------

Command Line: -javaagent:C:\Program Files\Android\Android Studio\plugins\android\resources\trace_agent.jar=C:\Users\Lenovo\AppData\Local\Temp\sync.trace.profile --add-opens=java.base/java.util=ALL-UNNAMED --add-opens=java.base/java.lang=ALL-UNNAMED --add-opens=java.base/java.lang.invoke=ALL-UNNAMED --add-opens=java.base/java.util=ALL-UNNAMED --add-opens=java.prefs/java.util.prefs=ALL-UNNAMED --add-opens=java.prefs/java.util.prefs=ALL-UNNAMED --add-opens=java.base/java.nio.charset=ALL-UNNAMED --add-opens=java.base/java.net=ALL-UNNAMED --add-opens=java.base/java.util.concurrent.atomic=ALL-UNNAMED -Xmx2048m -Dfile.encoding=UTF-8 -Duser.country=IN -Duser.language=en -Duser.variant org.gradle.launcher.daemon.bootstrap.GradleDaemon 7.5

Host: Intel(R) Core(TM) i5-8365U CPU @ 1.60GHz, 8 cores, 15G,  Windows 11 , 64 bit Build 22621 (10.0.22621.4391)
Time: Fri Nov 29 11:15:21 2024 India Standard Time elapsed time: 27.217673 seconds (0d 0h 0m 27s)

---------------  T H R E A D  ---------------

Current thread (0x0000028c9b52f000):  VMThread "VM Thread" [stack: 0x000000dcae100000,0x000000dcae200000] [id=15332]

Stack: [0x000000dcae100000,0x000000dcae200000]
[error occurred during error reporting (printing stack bounds), id 0xc0000005, EXCEPTION_ACCESS_VIOLATION (0xc0000005) at pc=0x0000028c8435112d]

Native frames: (J=compiled Java code, j=interpreted, Vv=VM code, C=native code)
V  [jvm.dll+0x64135a]
V  [jvm.dll+0x7d39f9]
V  [jvm.dll+0x7d51b9]
V  [jvm.dll+0x7d5805]
V  [jvm.dll+0x7d57bb]
V  [jvm.dll+0x640655]
V  [jvm.dll+0x640d68]
C  [ntdll.dll+0xa527f]
C  [ntdll.dll+0x1e886]
C  [ntdll.dll+0xa426e]
C  0x0000028c8435112d

VM_Operation (0x000000dcb72fc720): G1CollectForAllocation, mode: safepoint, requested by thread 0x0000028ca212d000


---------------  P R O C E S S  ---------------

Threads class SMR info:
_java_thread_list=0x0000028ca2b9e110, length=149, elements={
0x0000028c8083a800, 0x0000028c9b576800, 0x0000028c9b579800, 0x0000028c9b593000,
0x0000028c9b594000, 0x0000028c9b595000, 0x0000028c9b597800, 0x0000028c9b59a800,
0x0000028c9b5a3800, 0x0000028c9b730800, 0x0000028c9b8f3800, 0x0000028c9ffc3800,
0x0000028c9d5fd800, 0x0000028c9fa7e800, 0x0000028c9e148000, 0x0000028ca1fdd000,
0x0000028ca1fdb800, 0x0000028ca1fde800, 0x0000028ca1fdf800, 0x0000028ca1fdc000,
0x0000028ca1fe1000, 0x0000028ca1fe0000, 0x0000028ca1fe2000, 0x0000028ca1fde000,
0x0000028ca201e800, 0x0000028ca201e000, 0x0000028ca201f800, 0x0000028ca201d000,
0x0000028ca2021000, 0x0000028ca2020800, 0x0000028ca201c800, 0x0000028ca2024800,
0x0000028ca2027000, 0x0000028ca2026000, 0x0000028ca2028800, 0x0000028ca2023000,
0x0000028ca2029800, 0x0000028ca202a000, 0x0000028c9cb06800, 0x0000028c9cb03000,
0x0000028c9cb00800, 0x0000028c9cb04800, 0x0000028c9cb04000, 0x0000028c9cb02000,
0x0000028c9cb05800, 0x0000028c9cb01800, 0x0000028c9cb08800, 0x0000028c9cb08000,
0x0000028c9cb0c000, 0x0000028c9cb0b000, 0x0000028c9cb0d000, 0x0000028c9cb09800,
0x0000028c9cb07000, 0x0000028c9cb0d800, 0x0000028c9cb0e800, 0x0000028c9cb0f000,
0x0000028c9cb0a800, 0x0000028c9bce7000, 0x0000028c9bce8800, 0x0000028c9bce6000,
0x0000028c9bce9800, 0x0000028c9bceb000, 0x0000028c9bce8000, 0x0000028c9bcea800,
0x0000028c9bce5800, 0x0000028c9bcec000, 0x0000028c9d59b000, 0x0000028c9d59b800,
0x0000028c9d59c800, 0x0000028c9d59d000, 0x0000028c9d59a000, 0x0000028c9d59e000,
0x0000028c9d598800, 0x0000028c9d59f000, 0x0000028c9d599000, 0x0000028c9d5a1800,
0x0000028c9d5a2000, 0x0000028c9d5a4800, 0x0000028c9d5a3000, 0x0000028c9d5a4000,
0x0000028c9d59f800, 0x0000028c9d5a5800, 0x0000028c9d5a6000, 0x0000028c9d5a0800,
0x0000028c9d5a7000, 0x0000028c9d7fe000, 0x0000028c9d800800, 0x0000028c9d7ff800,
0x0000028c9d801000, 0x0000028c9d7fe800, 0x0000028c9d802000, 0x0000028c9d803000,
0x0000028c9d7fd000, 0x0000028c9d803800, 0x0000028c9d806000, 0x0000028c9d807000,
0x0000028c9d807800, 0x0000028c9d808800, 0x0000028c9d80a000, 0x0000028c9d809800,
0x0000028c9d804800, 0x0000028c9d80b000, 0x0000028c9d805800, 0x0000028c9d80c000,
0x0000028c9f856800, 0x0000028c9f850800, 0x0000028c9f855800, 0x0000028c9f854800,
0x0000028c9f853000, 0x0000028c9f857000, 0x0000028c9f854000, 0x0000028c9f851800,
0x0000028c9f858000, 0x0000028c9f852000, 0x0000028c9f85d800, 0x0000028c9f85e800,
0x0000028c9f859000, 0x0000028c9f85d000, 0x0000028c9f85c000, 0x0000028c9f85b000,
0x0000028c9f85f800, 0x0000028c9f859800, 0x0000028c9f85a800, 0x0000028ca49b9000,
0x0000028ca49bb800, 0x0000028ca49bc000, 0x0000028ca49b7800, 0x0000028ca49be000,
0x0000028ca49b8000, 0x0000028ca49c2000, 0x0000028ca49c2800, 0x0000028ca49c1000,
0x0000028ca49c3800, 0x0000028ca49c5000, 0x0000028ca49c0800, 0x0000028ca212d000,
0x0000028ca2133000, 0x0000028ca212f000, 0x0000028ca212e000, 0x0000028ca2134800,
0x0000028ca2130800, 0x0000028ca212f800, 0x0000028ca2135800, 0x0000028ca2136000,
0x0000028ca2137000, 0x0000028ca2131800, 0x0000028ca2138000, 0x0000028ca2132000,
0x0000028c9da21800
}

Java Threads: ( => current thread )
  0x0000028c8083a800 JavaThread "main" [_thread_blocked, id=24104, stack(0x000000dcadb00000,0x000000dcadc00000)]
  0x0000028c9b576800 JavaThread "Reference Handler" daemon [_thread_blocked, id=23208, stack(0x000000dcae200000,0x000000dcae300000)]
  0x0000028c9b579800 JavaThread "Finalizer" daemon [_thread_blocked, id=11244, stack(0x000000dcae300000,0x000000dcae400000)]
  0x0000028c9b593000 JavaThread "Signal Dispatcher" daemon [_thread_blocked, id=23892, stack(0x000000dcae400000,0x000000dcae500000)]
  0x0000028c9b594000 JavaThread "Attach Listener" daemon [_thread_blocked, id=27012, stack(0x000000dcae500000,0x000000dcae600000)]
  0x0000028c9b595000 JavaThread "Service Thread" daemon [_thread_blocked, id=6012, stack(0x000000dcae600000,0x000000dcae700000)]
  0x0000028c9b597800 JavaThread "C2 CompilerThread0" daemon [_thread_blocked, id=21252, stack(0x000000dcae700000,0x000000dcae800000)]
  0x0000028c9b59a800 JavaThread "C1 CompilerThread0" daemon [_thread_blocked, id=25280, stack(0x000000dcae800000,0x000000dcae900000)]
  0x0000028c9b5a3800 JavaThread "Sweeper thread" daemon [_thread_blocked, id=28548, stack(0x000000dcae900000,0x000000dcaea00000)]
  0x0000028c9b730800 JavaThread "Common-Cleaner" daemon [_thread_blocked, id=18048, stack(0x000000dcaea00000,0x000000dcaeb00000)]
  0x0000028c9b8f3800 JavaThread "C2 CompilerThread1" daemon [_thread_in_native, id=6992, stack(0x000000dcaeb00000,0x000000dcaec00000)]
  0x0000028c9ffc3800 JavaThread "Daemon health stats" [_thread_blocked, id=25688, stack(0x000000dcaf300000,0x000000dcaf400000)]
  0x0000028c9d5fd800 JavaThread "Incoming local TCP Connector on port 64147" [_thread_in_native, id=21144, stack(0x000000dcaf400000,0x000000dcaf500000)]
  0x0000028c9fa7e800 JavaThread "Daemon periodic checks" [_thread_blocked, id=10720, stack(0x000000dcaf500000,0x000000dcaf600000)]
  0x0000028c9e148000 JavaThread "Daemon" [_thread_blocked, id=13536, stack(0x000000dcaf600000,0x000000dcaf700000)]
  0x0000028ca1fdd000 JavaThread "Handler for socket connection from /127.0.0.1:64147 to /127.0.0.1:64148" [_thread_in_native, id=24776, stack(0x000000dcaf700000,0x000000dcaf800000)]
  0x0000028ca1fdb800 JavaThread "Cancel handler" [_thread_blocked, id=27364, stack(0x000000dcaf800000,0x000000dcaf900000)]
  0x0000028ca1fde800 JavaThread "Daemon worker" [_thread_blocked, id=13032, stack(0x000000dcaf900000,0x000000dcafa00000)]
  0x0000028ca1fdf800 JavaThread "Asynchronous log dispatcher for DefaultDaemonConnection: socket connection from /127.0.0.1:64147 to /127.0.0.1:64148" [_thread_blocked, id=16964, stack(0x000000dcafa00000,0x000000dcafb00000)]
  0x0000028ca1fdc000 JavaThread "Stdin handler" [_thread_blocked, id=24716, stack(0x000000dcafb00000,0x000000dcafc00000)]
  0x0000028ca1fe1000 JavaThread "Daemon client event forwarder" [_thread_blocked, id=20168, stack(0x000000dcafc00000,0x000000dcafd00000)]
  0x0000028ca1fe0000 JavaThread "Cache worker for journal cache (C:\Users\Lenovo\.gradle\caches\journal-1)" [_thread_blocked, id=14784, stack(0x000000dcafd00000,0x000000dcafe00000)]
  0x0000028ca1fe2000 JavaThread "File lock request listener" [_thread_in_native, id=25184, stack(0x000000dcafe00000,0x000000dcaff00000)]
  0x0000028ca1fde000 JavaThread "Cache worker for file hash cache (C:\Users\Lenovo\.gradle\caches\7.5\fileHashes)" [_thread_blocked, id=20020, stack(0x000000dcb0200000,0x000000dcb0300000)]
  0x0000028ca201e800 JavaThread "File watcher server" daemon [_thread_blocked, id=20624, stack(0x000000dcb0300000,0x000000dcb0400000)]
  0x0000028ca201e000 JavaThread "File watcher consumer" daemon [_thread_blocked, id=28240, stack(0x000000dcb0400000,0x000000dcb0500000)]
  0x0000028ca201f800 JavaThread "Cache worker for checksums cache (D:\product GALAXY\product_galaxy\.gradle\7.5\checksums)" [_thread_blocked, id=16948, stack(0x000000dcb0500000,0x000000dcb0600000)]
  0x0000028ca201d000 JavaThread "Cache worker for cache directory md-rule (C:\Users\Lenovo\.gradle\caches\7.5\md-rule)" [_thread_blocked, id=26268, stack(0x000000dcb0600000,0x000000dcb0700000)]
  0x0000028ca2021000 JavaThread "Cache worker for file content cache (C:\Users\Lenovo\.gradle\caches\7.5\fileContent)" [_thread_blocked, id=9344, stack(0x000000dcb0700000,0x000000dcb0800000)]
  0x0000028ca2020800 JavaThread "Cache worker for file hash cache (D:\product GALAXY\product_galaxy\.gradle\7.5\fileHashes)" [_thread_blocked, id=19348, stack(0x000000dcb0800000,0x000000dcb0900000)]
  0x0000028ca201c800 JavaThread "Cache worker for cache directory md-supplier (C:\Users\Lenovo\.gradle\caches\7.5\md-supplier)" [_thread_blocked, id=22620, stack(0x000000dcb0900000,0x000000dcb0a00000)]
  0x0000028ca2024800 JavaThread "Cache worker for execution history cache (C:\Users\Lenovo\.gradle\caches\7.5\executionHistory)" [_thread_blocked, id=9240, stack(0x000000dcb0a00000,0x000000dcb0b00000)]
  0x0000028ca2027000 JavaThread "jar transforms" [_thread_blocked, id=2124, stack(0x000000dcb0b00000,0x000000dcb0c00000)]
  0x0000028ca2026000 JavaThread "jar transforms Thread 2" [_thread_blocked, id=8644, stack(0x000000dcb0c00000,0x000000dcb0d00000)]
  0x0000028ca2028800 JavaThread "jar transforms Thread 3" [_thread_blocked, id=10156, stack(0x000000dcb0d00000,0x000000dcb0e00000)]
  0x0000028ca2023000 JavaThread "jar transforms Thread 4" [_thread_blocked, id=25372, stack(0x000000dcb0e00000,0x000000dcb0f00000)]
  0x0000028ca2029800 JavaThread "Cache worker for dependencies-accessors (D:\product GALAXY\product_galaxy\.gradle\7.5\dependencies-accessors)" [_thread_blocked, id=22948, stack(0x000000dcb0f00000,0x000000dcb1000000)]
  0x0000028ca202a000 JavaThread "jar transforms Thread 5" [_thread_blocked, id=18520, stack(0x000000dcb1000000,0x000000dcb1100000)]
  0x0000028c9cb06800 JavaThread "Cache worker for Build Output Cleanup Cache (D:\product GALAXY\product_galaxy\.gradle\buildOutputCleanup)" [_thread_blocked, id=13992, stack(0x000000dcb1100000,0x000000dcb1200000)]
  0x0000028c9cb03000 JavaThread "Unconstrained build operations" [_thread_blocked, id=21668, stack(0x000000dcb1200000,0x000000dcb1300000)]
  0x0000028c9cb00800 JavaThread "Unconstrained build operations Thread 2" [_thread_blocked, id=27984, stack(0x000000dcb1300000,0x000000dcb1400000)]
  0x0000028c9cb04800 JavaThread "Unconstrained build operations Thread 3" [_thread_blocked, id=20840, stack(0x000000dcb1400000,0x000000dcb1500000)]
  0x0000028c9cb04000 JavaThread "Unconstrained build operations Thread 4" [_thread_blocked, id=12708, stack(0x000000dcb1500000,0x000000dcb1600000)]
  0x0000028c9cb02000 JavaThread "Unconstrained build operations Thread 5" [_thread_blocked, id=6312, stack(0x000000dcb1600000,0x000000dcb1700000)]
  0x0000028c9cb05800 JavaThread "Unconstrained build operations Thread 6" [_thread_blocked, id=22656, stack(0x000000dcb1700000,0x000000dcb1800000)]
  0x0000028c9cb01800 JavaThread "Unconstrained build operations Thread 7" [_thread_blocked, id=8508, stack(0x000000dcb1800000,0x000000dcb1900000)]
  0x0000028c9cb08800 JavaThread "Unconstrained build operations Thread 8" [_thread_blocked, id=25180, stack(0x000000dcb1900000,0x000000dcb1a00000)]
  0x0000028c9cb08000 JavaThread "Unconstrained build operations Thread 9" [_thread_blocked, id=8724, stack(0x000000dcb1a00000,0x000000dcb1b00000)]
  0x0000028c9cb0c000 JavaThread "Unconstrained build operations Thread 10" [_thread_blocked, id=24440, stack(0x000000dcb1b00000,0x000000dcb1c00000)]
  0x0000028c9cb0b000 JavaThread "Unconstrained build operations Thread 11" [_thread_blocked, id=8512, stack(0x000000dcb1c00000,0x000000dcb1d00000)]
  0x0000028c9cb0d000 JavaThread "Unconstrained build operations Thread 12" [_thread_blocked, id=26136, stack(0x000000dcb1d00000,0x000000dcb1e00000)]
  0x0000028c9cb09800 JavaThread "Unconstrained build operations Thread 13" [_thread_blocked, id=9968, stack(0x000000dcb1e00000,0x000000dcb1f00000)]
  0x0000028c9cb07000 JavaThread "Unconstrained build operations Thread 14" [_thread_blocked, id=27404, stack(0x000000dcb1f00000,0x000000dcb2000000)]
  0x0000028c9cb0d800 JavaThread "Unconstrained build operations Thread 15" [_thread_blocked, id=22040, stack(0x000000dcb2000000,0x000000dcb2100000)]
  0x0000028c9cb0e800 JavaThread "Unconstrained build operations Thread 16" [_thread_blocked, id=23812, stack(0x000000dcb2100000,0x000000dcb2200000)]
  0x0000028c9cb0f000 JavaThread "Unconstrained build operations Thread 17" [_thread_blocked, id=3832, stack(0x000000dcb2200000,0x000000dcb2300000)]
  0x0000028c9cb0a800 JavaThread "Unconstrained build operations Thread 18" [_thread_blocked, id=17152, stack(0x000000dcb2300000,0x000000dcb2400000)]
  0x0000028c9bce7000 JavaThread "Unconstrained build operations Thread 19" [_thread_blocked, id=20384, stack(0x000000dcb2400000,0x000000dcb2500000)]
  0x0000028c9bce8800 JavaThread "Unconstrained build operations Thread 20" [_thread_blocked, id=6368, stack(0x000000dcb2500000,0x000000dcb2600000)]
  0x0000028c9bce6000 JavaThread "Unconstrained build operations Thread 21" [_thread_blocked, id=16416, stack(0x000000dcb2600000,0x000000dcb2700000)]
  0x0000028c9bce9800 JavaThread "Unconstrained build operations Thread 22" [_thread_blocked, id=13752, stack(0x000000dcb2700000,0x000000dcb2800000)]
  0x0000028c9bceb000 JavaThread "Unconstrained build operations Thread 23" [_thread_blocked, id=9148, stack(0x000000dcb2800000,0x000000dcb2900000)]
  0x0000028c9bce8000 JavaThread "Unconstrained build operations Thread 24" [_thread_blocked, id=26816, stack(0x000000dcb2900000,0x000000dcb2a00000)]
  0x0000028c9bcea800 JavaThread "Unconstrained build operations Thread 25" [_thread_blocked, id=18016, stack(0x000000dcb2a00000,0x000000dcb2b00000)]
  0x0000028c9bce5800 JavaThread "Unconstrained build operations Thread 26" [_thread_blocked, id=20988, stack(0x000000dcb2b00000,0x000000dcb2c00000)]
  0x0000028c9bcec000 JavaThread "Unconstrained build operations Thread 27" [_thread_blocked, id=4672, stack(0x000000dcb2c00000,0x000000dcb2d00000)]
  0x0000028c9d59b000 JavaThread "Unconstrained build operations Thread 28" [_thread_blocked, id=7332, stack(0x000000dcb2d00000,0x000000dcb2e00000)]
  0x0000028c9d59b800 JavaThread "Unconstrained build operations Thread 29" [_thread_blocked, id=16312, stack(0x000000dcb2e00000,0x000000dcb2f00000)]
  0x0000028c9d59c800 JavaThread "Unconstrained build operations Thread 30" [_thread_blocked, id=21616, stack(0x000000dcb2f00000,0x000000dcb3000000)]
  0x0000028c9d59d000 JavaThread "Unconstrained build operations Thread 31" [_thread_blocked, id=13760, stack(0x000000dcb3000000,0x000000dcb3100000)]
  0x0000028c9d59a000 JavaThread "Unconstrained build operations Thread 32" [_thread_blocked, id=22900, stack(0x000000dcb3100000,0x000000dcb3200000)]
  0x0000028c9d59e000 JavaThread "Unconstrained build operations Thread 33" [_thread_blocked, id=8772, stack(0x000000dcb3200000,0x000000dcb3300000)]
  0x0000028c9d598800 JavaThread "Unconstrained build operations Thread 34" [_thread_blocked, id=18008, stack(0x000000dcb3300000,0x000000dcb3400000)]
  0x0000028c9d59f000 JavaThread "Unconstrained build operations Thread 35" [_thread_blocked, id=6296, stack(0x000000dcb3400000,0x000000dcb3500000)]
  0x0000028c9d599000 JavaThread "Unconstrained build operations Thread 36" [_thread_blocked, id=21352, stack(0x000000dcb3500000,0x000000dcb3600000)]
  0x0000028c9d5a1800 JavaThread "Unconstrained build operations Thread 37" [_thread_blocked, id=21420, stack(0x000000dcb3600000,0x000000dcb3700000)]
  0x0000028c9d5a2000 JavaThread "Unconstrained build operations Thread 38" [_thread_blocked, id=20048, stack(0x000000dcb3700000,0x000000dcb3800000)]
  0x0000028c9d5a4800 JavaThread "Unconstrained build operations Thread 39" [_thread_blocked, id=22052, stack(0x000000dcb3800000,0x000000dcb3900000)]
  0x0000028c9d5a3000 JavaThread "Unconstrained build operations Thread 40" [_thread_blocked, id=3456, stack(0x000000dcb3900000,0x000000dcb3a00000)]
  0x0000028c9d5a4000 JavaThread "Unconstrained build operations Thread 41" [_thread_blocked, id=9124, stack(0x000000dcb3a00000,0x000000dcb3b00000)]
  0x0000028c9d59f800 JavaThread "Unconstrained build operations Thread 42" [_thread_blocked, id=26348, stack(0x000000dcb3b00000,0x000000dcb3c00000)]
  0x0000028c9d5a5800 JavaThread "Unconstrained build operations Thread 43" [_thread_blocked, id=27080, stack(0x000000dcb3c00000,0x000000dcb3d00000)]
  0x0000028c9d5a6000 JavaThread "Unconstrained build operations Thread 44" [_thread_blocked, id=23868, stack(0x000000dcb3d00000,0x000000dcb3e00000)]
  0x0000028c9d5a0800 JavaThread "Unconstrained build operations Thread 45" [_thread_blocked, id=25200, stack(0x000000dcb3e00000,0x000000dcb3f00000)]
  0x0000028c9d5a7000 JavaThread "Unconstrained build operations Thread 46" [_thread_blocked, id=20580, stack(0x000000dcb3f00000,0x000000dcb4000000)]
  0x0000028c9d7fe000 JavaThread "Unconstrained build operations Thread 47" [_thread_blocked, id=12736, stack(0x000000dcb4000000,0x000000dcb4100000)]
  0x0000028c9d800800 JavaThread "Unconstrained build operations Thread 48" [_thread_blocked, id=11964, stack(0x000000dcb4100000,0x000000dcb4200000)]
  0x0000028c9d7ff800 JavaThread "Unconstrained build operations Thread 49" [_thread_blocked, id=13960, stack(0x000000dcb4200000,0x000000dcb4300000)]
  0x0000028c9d801000 JavaThread "Unconstrained build operations Thread 50" [_thread_blocked, id=5556, stack(0x000000dcb4300000,0x000000dcb4400000)]
  0x0000028c9d7fe800 JavaThread "Unconstrained build operations Thread 51" [_thread_blocked, id=20892, stack(0x000000dcb4400000,0x000000dcb4500000)]
  0x0000028c9d802000 JavaThread "Unconstrained build operations Thread 52" [_thread_blocked, id=25448, stack(0x000000dcb4500000,0x000000dcb4600000)]
  0x0000028c9d803000 JavaThread "Unconstrained build operations Thread 53" [_thread_blocked, id=28268, stack(0x000000dcb4600000,0x000000dcb4700000)]
  0x0000028c9d7fd000 JavaThread "Unconstrained build operations Thread 54" [_thread_blocked, id=24444, stack(0x000000dcb4700000,0x000000dcb4800000)]
  0x0000028c9d803800 JavaThread "Unconstrained build operations Thread 55" [_thread_blocked, id=22312, stack(0x000000dcb4800000,0x000000dcb4900000)]
  0x0000028c9d806000 JavaThread "Unconstrained build operations Thread 56" [_thread_blocked, id=1476, stack(0x000000dcb4900000,0x000000dcb4a00000)]
  0x0000028c9d807000 JavaThread "Unconstrained build operations Thread 57" [_thread_blocked, id=10024, stack(0x000000dcb4a00000,0x000000dcb4b00000)]
  0x0000028c9d807800 JavaThread "Unconstrained build operations Thread 58" [_thread_blocked, id=15008, stack(0x000000dcb4b00000,0x000000dcb4c00000)]
  0x0000028c9d808800 JavaThread "Unconstrained build operations Thread 59" [_thread_blocked, id=20872, stack(0x000000dcb4c00000,0x000000dcb4d00000)]
  0x0000028c9d80a000 JavaThread "Unconstrained build operations Thread 60" [_thread_blocked, id=10264, stack(0x000000dcb4d00000,0x000000dcb4e00000)]
  0x0000028c9d809800 JavaThread "Unconstrained build operations Thread 61" [_thread_blocked, id=4732, stack(0x000000dcb4e00000,0x000000dcb4f00000)]
  0x0000028c9d804800 JavaThread "Unconstrained build operations Thread 62" [_thread_blocked, id=18768, stack(0x000000dcb4f00000,0x000000dcb5000000)]
  0x0000028c9d80b000 JavaThread "Unconstrained build operations Thread 63" [_thread_blocked, id=20556, stack(0x000000dcb5000000,0x000000dcb5100000)]
  0x0000028c9d805800 JavaThread "Unconstrained build operations Thread 64" [_thread_blocked, id=17140, stack(0x000000dcb5100000,0x000000dcb5200000)]
  0x0000028c9d80c000 JavaThread "Unconstrained build operations Thread 65" [_thread_blocked, id=18984, stack(0x000000dcb5200000,0x000000dcb5300000)]
  0x0000028c9f856800 JavaThread "Unconstrained build operations Thread 66" [_thread_blocked, id=4868, stack(0x000000dcb5300000,0x000000dcb5400000)]
  0x0000028c9f850800 JavaThread "Unconstrained build operations Thread 67" [_thread_blocked, id=28156, stack(0x000000dcb5400000,0x000000dcb5500000)]
  0x0000028c9f855800 JavaThread "Unconstrained build operations Thread 68" [_thread_blocked, id=24792, stack(0x000000dcb5500000,0x000000dcb5600000)]
  0x0000028c9f854800 JavaThread "Unconstrained build operations Thread 69" [_thread_blocked, id=23588, stack(0x000000dcb5600000,0x000000dcb5700000)]
  0x0000028c9f853000 JavaThread "Unconstrained build operations Thread 70" [_thread_blocked, id=9228, stack(0x000000dcb5700000,0x000000dcb5800000)]
  0x0000028c9f857000 JavaThread "Unconstrained build operations Thread 71" [_thread_blocked, id=18280, stack(0x000000dcb5800000,0x000000dcb5900000)]
  0x0000028c9f854000 JavaThread "Unconstrained build operations Thread 72" [_thread_blocked, id=18376, stack(0x000000dcb5900000,0x000000dcb5a00000)]
  0x0000028c9f851800 JavaThread "Unconstrained build operations Thread 73" [_thread_blocked, id=18756, stack(0x000000dcb5a00000,0x000000dcb5b00000)]
  0x0000028c9f858000 JavaThread "Unconstrained build operations Thread 74" [_thread_blocked, id=1048, stack(0x000000dcb5b00000,0x000000dcb5c00000)]
  0x0000028c9f852000 JavaThread "Unconstrained build operations Thread 75" [_thread_blocked, id=13748, stack(0x000000dcb5c00000,0x000000dcb5d00000)]
  0x0000028c9f85d800 JavaThread "Unconstrained build operations Thread 76" [_thread_blocked, id=26692, stack(0x000000dcb5d00000,0x000000dcb5e00000)]
  0x0000028c9f85e800 JavaThread "Unconstrained build operations Thread 77" [_thread_blocked, id=19592, stack(0x000000dcb5e00000,0x000000dcb5f00000)]
  0x0000028c9f859000 JavaThread "Unconstrained build operations Thread 78" [_thread_blocked, id=19168, stack(0x000000dcb5f00000,0x000000dcb6000000)]
  0x0000028c9f85d000 JavaThread "Unconstrained build operations Thread 79" [_thread_blocked, id=600, stack(0x000000dcb6000000,0x000000dcb6100000)]
  0x0000028c9f85c000 JavaThread "Unconstrained build operations Thread 80" [_thread_blocked, id=27732, stack(0x000000dcb6100000,0x000000dcb6200000)]
  0x0000028c9f85b000 JavaThread "jar transforms Thread 6" [_thread_blocked, id=8248, stack(0x000000dcb6200000,0x000000dcb6300000)]
  0x0000028c9f85f800 JavaThread "jar transforms Thread 7" [_thread_blocked, id=21396, stack(0x000000dcb6300000,0x000000dcb6400000)]
  0x0000028c9f859800 JavaThread "jar transforms Thread 8" [_thread_blocked, id=24272, stack(0x000000dcb6400000,0x000000dcb6500000)]
  0x0000028c9f85a800 JavaThread "build event listener" [_thread_blocked, id=25808, stack(0x000000dcb6500000,0x000000dcb6600000)]
  0x0000028ca49b9000 JavaThread "Memory manager" [_thread_blocked, id=25716, stack(0x000000dcb6600000,0x000000dcb6700000)]
  0x0000028ca49bb800 JavaThread "included builds" [_thread_blocked, id=5396, stack(0x000000dcb6700000,0x000000dcb6800000)]
  0x0000028ca49bc000 JavaThread "Execution worker" [_thread_blocked, id=24656, stack(0x000000dcb6800000,0x000000dcb6900000)]
  0x0000028ca49b7800 JavaThread "Execution worker Thread 2" [_thread_blocked, id=3384, stack(0x000000dcb6900000,0x000000dcb6a00000)]
  0x0000028ca49be000 JavaThread "Execution worker Thread 3" [_thread_blocked, id=22932, stack(0x000000dcb6a00000,0x000000dcb6b00000)]
  0x0000028ca49b8000 JavaThread "Execution worker Thread 4" [_thread_blocked, id=8264, stack(0x000000dcb6b00000,0x000000dcb6c00000)]
  0x0000028ca49c2000 JavaThread "Execution worker Thread 5" [_thread_blocked, id=20296, stack(0x000000dcb6c00000,0x000000dcb6d00000)]
  0x0000028ca49c2800 JavaThread "Execution worker Thread 6" [_thread_blocked, id=23020, stack(0x000000dcb6d00000,0x000000dcb6e00000)]
  0x0000028ca49c1000 JavaThread "Execution worker Thread 7" [_thread_blocked, id=24508, stack(0x000000dcb6e00000,0x000000dcb6f00000)]
  0x0000028ca49c3800 JavaThread "Cache worker for execution history cache (D:\product GALAXY\product_galaxy\.gradle\7.5\executionHistory)" [_thread_blocked, id=21512, stack(0x000000dcb6f00000,0x000000dcb7000000)]
  0x0000028ca49c5000 JavaThread "WorkerExecutor Queue" [_thread_blocked, id=20904, stack(0x000000dcb7000000,0x000000dcb7100000)]
  0x0000028ca49c0800 JavaThread "WorkerExecutor Queue Thread 2" [_thread_blocked, id=16096, stack(0x000000dcb7100000,0x000000dcb7200000)]
  0x0000028ca212d000 JavaThread "WorkerExecutor Queue Thread 3" [_thread_blocked, id=5988, stack(0x000000dcb7200000,0x000000dcb7300000)]
  0x0000028ca2133000 JavaThread "WorkerExecutor Queue Thread 4" [_thread_blocked, id=13024, stack(0x000000dcb7300000,0x000000dcb7400000)]
  0x0000028ca212f000 JavaThread "pool-3-thread-1" [_thread_blocked, id=16188, stack(0x000000dcb7400000,0x000000dcb7500000)]
  0x0000028ca212e000 JavaThread "stderr" [_thread_in_native, id=22072, stack(0x000000dcb7500000,0x000000dcb7600000)]
  0x0000028ca2134800 JavaThread "stdout" [_thread_in_native, id=14524, stack(0x000000dcb7600000,0x000000dcb7700000)]
  0x0000028ca2130800 JavaThread "ForkJoinPool-1-worker-3" daemon [_thread_blocked, id=21924, stack(0x000000dcb7900000,0x000000dcb7a00000)]
  0x0000028ca212f800 JavaThread "ForkJoinPool-1-worker-5" daemon [_thread_blocked, id=15604, stack(0x000000dcb7a00000,0x000000dcb7b00000)]
  0x0000028ca2135800 JavaThread "ForkJoinPool-1-worker-7" daemon [_thread_blocked, id=22148, stack(0x000000dcb7b00000,0x000000dcb7c00000)]
  0x0000028ca2136000 JavaThread "ForkJoinPool-1-worker-9" daemon [_thread_blocked, id=5240, stack(0x000000dcb7c00000,0x000000dcb7d00000)]
  0x0000028ca2137000 JavaThread "ForkJoinPool-1-worker-11" daemon [_thread_blocked, id=20376, stack(0x000000dcb7d00000,0x000000dcb7e00000)]
  0x0000028ca2131800 JavaThread "ForkJoinPool-1-worker-13" daemon [_thread_blocked, id=4328, stack(0x000000dcb7e00000,0x000000dcb7f00000)]
  0x0000028ca2138000 JavaThread "ForkJoinPool-1-worker-15" daemon [_thread_blocked, id=26308, stack(0x000000dcb7f00000,0x000000dcb8000000)]
  0x0000028ca2132000 JavaThread "ForkJoinPool-1-worker-1" daemon [_thread_blocked, id=27928, stack(0x000000dcb8000000,0x000000dcb8100000)]
  0x0000028c9da21800 JavaThread "C2 CompilerThread2" daemon [_thread_in_native, id=22956, stack(0x000000dcb8100000,0x000000dcb8200000)]

Other Threads:
=>0x0000028c9b52f000 VMThread "VM Thread" [stack: 0x000000dcae100000,0x000000dcae200000] [id=15332]
  0x0000028c9c079000 WatcherThread [stack: 0x000000dcaec00000,0x000000dcaed00000] [id=26976]
  0x0000028c80856000 GCTaskThread "GC Thread#0" [stack: 0x000000dcadc00000,0x000000dcadd00000] [id=21548]
  0x0000028c9cad8000 GCTaskThread "GC Thread#1" [stack: 0x000000dcaee00000,0x000000dcaef00000] [id=20208]
  0x0000028c9d577800 GCTaskThread "GC Thread#2" [stack: 0x000000dcaef00000,0x000000dcaf000000] [id=18860]
  0x0000028c9cc02000 GCTaskThread "GC Thread#3" [stack: 0x000000dcaf000000,0x000000dcaf100000] [id=24916]
  0x0000028c9cc02800 GCTaskThread "GC Thread#4" [stack: 0x000000dcaf100000,0x000000dcaf200000] [id=22292]
  0x0000028c9c8ea000 GCTaskThread "GC Thread#5" [stack: 0x000000dcaf200000,0x000000dcaf300000] [id=28344]
  0x0000028ca2012800 GCTaskThread "GC Thread#6" [stack: 0x000000dcaff00000,0x000000dcb0000000] [id=6200]
  0x0000028ca1a27800 GCTaskThread "GC Thread#7" [stack: 0x000000dcb0000000,0x000000dcb0100000] [id=2364]
  0x0000028c80882000 ConcurrentGCThread "G1 Main Marker" [stack: 0x000000dcadd00000,0x000000dcade00000] [id=25520]
  0x0000028c80883800 ConcurrentGCThread "G1 Conc#0" [stack: 0x000000dcade00000,0x000000dcadf00000] [id=19804]
  0x0000028c9cd52800 ConcurrentGCThread "G1 Conc#1" [stack: 0x000000dcb0100000,0x000000dcb0200000] [id=13860]
  0x0000028c9ab95000 ConcurrentGCThread "G1 Refine#0" [stack: 0x000000dcadf00000,0x000000dcae000000] [id=5148]
  0x0000028c9d1a7800 ConcurrentGCThread "G1 Refine#1" [stack: 0x000000dcb7700000,0x000000dcb7800000] [id=21452]
  0x0000028c9d1a8800 ConcurrentGCThread "G1 Refine#2" [stack: 0x000000dcb7800000,0x000000dcb7900000] [id=15884]
  0x0000028c9d1a9000 ConcurrentGCThread "G1 Refine#3" [stack: 0x000000dcaed00000,0x000000dcaee00000] [id=18628]
  0x0000028ca864b000 ConcurrentGCThread "G1 Refine#4" [stack: 0x000000dcb8200000,0x000000dcb8300000] [id=23856]
  0x0000028ca864c000 ConcurrentGCThread "G1 Refine#5" [stack: 0x000000dcb8300000,0x000000dcb8400000] [id=11292]
  0x0000028c9ab96000 ConcurrentGCThread "G1 Young RemSet Sampling" [stack: 0x000000dcae000000,0x000000dcae100000] [id=20612]

Threads with active compile tasks:
C2 CompilerThread0    27238 15692       4       com.android.tools.r8.graph.A3$$Lambda$1708/0x0000000100d04040::apply (12 bytes)
C2 CompilerThread1    27238 15690       4       com.android.tools.r8.graph.A3::a (178 bytes)
C2 CompilerThread2    27238 15465       4       com.android.tools.r8.internal.jo::a (48 bytes)

VM state:at safepoint (normal execution)

VM Mutex/Monitor currently owned by a thread:  ([mutex/lock_event])
[0x0000028c808371a0] Threads_lock - owner thread: 0x0000028c9b52f000
[0x0000028c80837470] Heap_lock - owner thread: 0x0000028ca212d000

Heap address: 0x0000000080000000, size: 2048 MB, Compressed Oops mode: 32-bit
Narrow klass base: 0x0000000000000000, Narrow klass shift: 3
Compressed class space size: 1073741824 Address: 0x0000000100000000

Heap:
 garbage-first heap   total 974848K, used 445162K [0x0000000080000000, 0x0000000100000000)
  region size 1024K, 5 young (5120K), 5 survivors (5120K)
 Metaspace       used 106703K, capacity 109746K, committed 110104K, reserved 1144832K
  class space    used 14019K, capacity 15282K, committed 15384K, reserved 1048576K
Heap Regions: E=young(eden), S=young(survivor), O=old, HS=humongous(starts), HC=humongous(continues), CS=collection set, F=free, A=archive, TAMS=top-at-mark-start (previous, next)
|   0|0x0000000080000000, 0x0000000080100000, 0x0000000080100000|100%| O|  |TAMS 0x0000000080100000, 0x0000000080000000| Updating 
|   1|0x0000000080100000, 0x0000000080200000, 0x0000000080200000|100%| O|  |TAMS 0x0000000080200000, 0x0000000080100000| Updating 
|   2|0x0000000080200000, 0x0000000080300000, 0x0000000080300000|100%| O|  |TAMS 0x0000000080300000, 0x0000000080200000| Updating 
|   3|0x0000000080300000, 0x0000000080400000, 0x0000000080400000|100%|HS|  |TAMS 0x0000000080400000, 0x0000000080300000| Complete 
|   4|0x0000000080400000, 0x0000000080500000, 0x0000000080500000|100%|HC|  |TAMS 0x0000000080500000, 0x0000000080400000| Complete 
|   5|0x0000000080500000, 0x0000000080600000, 0x0000000080600000|100%|HC|  |TAMS 0x0000000080600000, 0x0000000080500000| Complete 
|   6|0x0000000080600000, 0x0000000080700000, 0x0000000080700000|100%| O|  |TAMS 0x0000000080700000, 0x0000000080600000| Updating 
|   7|0x0000000080700000, 0x0000000080800000, 0x0000000080800000|100%| O|  |TAMS 0x0000000080800000, 0x0000000080700000| Updating 
|   8|0x0000000080800000, 0x0000000080900000, 0x0000000080900000|100%| O|  |TAMS 0x0000000080900000, 0x0000000080800000| Updating 
|   9|0x0000000080900000, 0x0000000080a00000, 0x0000000080a00000|100%| O|  |TAMS 0x0000000080a00000, 0x0000000080900000| Updating 
|  10|0x0000000080a00000, 0x0000000080b00000, 0x0000000080b00000|100%| O|  |TAMS 0x0000000080b00000, 0x0000000080a00000| Updating 
|  11|0x0000000080b00000, 0x0000000080c00000, 0x0000000080c00000|100%| O|  |TAMS 0x0000000080c00000, 0x0000000080b00000| Updating 
|  12|0x0000000080c00000, 0x0000000080d00000, 0x0000000080d00000|100%| O|  |TAMS 0x0000000080d00000, 0x0000000080c00000| Updating 
|  13|0x0000000080d00000, 0x0000000080e00000, 0x0000000080e00000|100%| O|  |TAMS 0x0000000080e00000, 0x0000000080d00000| Updating 
|  14|0x0000000080e00000, 0x0000000080f00000, 0x0000000080f00000|100%| O|  |TAMS 0x0000000080f00000, 0x0000000080e00000| Updating 
|  15|0x0000000080f00000, 0x0000000081000000, 0x0000000081000000|100%| O|  |TAMS 0x0000000081000000, 0x0000000080f00000| Updating 
|  16|0x0000000081000000, 0x0000000081100000, 0x0000000081100000|100%| O|  |TAMS 0x0000000081100000, 0x0000000081000000| Updating 
|  17|0x0000000081100000, 0x0000000081200000, 0x0000000081200000|100%| O|  |TAMS 0x0000000081200000, 0x0000000081100000| Updating 
|  18|0x0000000081200000, 0x0000000081300000, 0x0000000081300000|100%| O|  |TAMS 0x0000000081300000, 0x0000000081200000| Updating 
|  19|0x0000000081300000, 0x00000000813ffff8, 0x0000000081400000| 99%| O|  |TAMS 0x00000000813ffff8, 0x0000000081300000| Updating 
|  20|0x0000000081400000, 0x0000000081500000, 0x0000000081500000|100%| O|  |TAMS 0x0000000081500000, 0x0000000081400000| Updating 
|  21|0x0000000081500000, 0x0000000081600000, 0x0000000081600000|100%| O|  |TAMS 0x0000000081600000, 0x0000000081500000| Updating 
|  22|0x0000000081600000, 0x0000000081700000, 0x0000000081700000|100%|HS|  |TAMS 0x0000000081700000, 0x0000000081600000| Complete 
|  23|0x0000000081700000, 0x0000000081800000, 0x0000000081800000|100%|HS|  |TAMS 0x0000000081800000, 0x0000000081700000| Complete 
|  24|0x0000000081800000, 0x0000000081900000, 0x0000000081900000|100%|HC|  |TAMS 0x0000000081900000, 0x0000000081800000| Complete 
|  25|0x0000000081900000, 0x0000000081a00000, 0x0000000081a00000|100%|HS|  |TAMS 0x0000000081a00000, 0x0000000081900000| Complete 
|  26|0x0000000081a00000, 0x0000000081b00000, 0x0000000081b00000|100%|HS|  |TAMS 0x0000000081b00000, 0x0000000081a00000| Complete 
|  27|0x0000000081b00000, 0x0000000081c00000, 0x0000000081c00000|100%|HC|  |TAMS 0x0000000081c00000, 0x0000000081b00000| Complete 
|  28|0x0000000081c00000, 0x0000000081d00000, 0x0000000081d00000|100%|HC|  |TAMS 0x0000000081d00000, 0x0000000081c00000| Complete 
|  29|0x0000000081d00000, 0x0000000081e00000, 0x0000000081e00000|100%|HC|  |TAMS 0x0000000081e00000, 0x0000000081d00000| Complete 
|  30|0x0000000081e00000, 0x0000000081f00000, 0x0000000081f00000|100%| O|  |TAMS 0x0000000081f00000, 0x0000000081e00000| Updating 
|  31|0x0000000081f00000, 0x0000000082000000, 0x0000000082000000|100%| O|  |TAMS 0x0000000082000000, 0x0000000081f00000| Updating 
|  32|0x0000000082000000, 0x0000000082100000, 0x0000000082100000|100%| O|  |TAMS 0x0000000082100000, 0x0000000082000000| Updating 
|  33|0x0000000082100000, 0x0000000082200000, 0x0000000082200000|100%| O|  |TAMS 0x0000000082200000, 0x0000000082100000| Updating 
|  34|0x0000000082200000, 0x0000000082300000, 0x0000000082300000|100%| O|  |TAMS 0x0000000082300000, 0x0000000082200000| Updating 
|  35|0x0000000082300000, 0x0000000082400000, 0x0000000082400000|100%| O|  |TAMS 0x0000000082400000, 0x0000000082300000| Updating 
|  36|0x0000000082400000, 0x0000000082500000, 0x0000000082500000|100%| O|  |TAMS 0x0000000082500000, 0x0000000082400000| Updating 
|  37|0x0000000082500000, 0x0000000082600000, 0x0000000082600000|100%| O|  |TAMS 0x0000000082600000, 0x0000000082500000| Updating 
|  38|0x0000000082600000, 0x0000000082700000, 0x0000000082700000|100%| O|  |TAMS 0x0000000082700000, 0x0000000082600000| Updating 
|  39|0x0000000082700000, 0x0000000082800000, 0x0000000082800000|100%| O|  |TAMS 0x0000000082800000, 0x0000000082700000| Updating 
|  40|0x0000000082800000, 0x0000000082900000, 0x0000000082900000|100%| O|  |TAMS 0x0000000082900000, 0x0000000082800000| Updating 
|  41|0x0000000082900000, 0x0000000082a00000, 0x0000000082a00000|100%| O|  |TAMS 0x0000000082a00000, 0x0000000082900000| Updating 
|  42|0x0000000082a00000, 0x0000000082b00000, 0x0000000082b00000|100%| O|  |TAMS 0x0000000082b00000, 0x0000000082a00000| Updating 
|  43|0x0000000082b00000, 0x0000000082c00000, 0x0000000082c00000|100%| O|  |TAMS 0x0000000082c00000, 0x0000000082b00000| Updating 
|  44|0x0000000082c00000, 0x0000000082d00000, 0x0000000082d00000|100%| O|  |TAMS 0x0000000082d00000, 0x0000000082c00000| Updating 
|  45|0x0000000082d00000, 0x0000000082e00000, 0x0000000082e00000|100%| O|  |TAMS 0x0000000082e00000, 0x0000000082d00000| Updating 
|  46|0x0000000082e00000, 0x0000000082f00000, 0x0000000082f00000|100%| O|  |TAMS 0x0000000082f00000, 0x0000000082e00000| Updating 
|  47|0x0000000082f00000, 0x0000000083000000, 0x0000000083000000|100%| O|  |TAMS 0x0000000083000000, 0x0000000082f00000| Updating 
|  48|0x0000000083000000, 0x0000000083100000, 0x0000000083100000|100%| O|  |TAMS 0x0000000083100000, 0x0000000083000000| Updating 
|  49|0x0000000083100000, 0x0000000083200000, 0x0000000083200000|100%| O|  |TAMS 0x0000000083200000, 0x0000000083100000| Updating 
|  50|0x0000000083200000, 0x0000000083300000, 0x0000000083300000|100%| O|  |TAMS 0x0000000083300000, 0x0000000083200000| Updating 
|  51|0x0000000083300000, 0x0000000083400000, 0x0000000083400000|100%| O|  |TAMS 0x0000000083400000, 0x0000000083300000| Updating 
|  52|0x0000000083400000, 0x0000000083500000, 0x0000000083500000|100%| O|  |TAMS 0x0000000083500000, 0x0000000083400000| Updating 
|  53|0x0000000083500000, 0x0000000083600000, 0x0000000083600000|100%| O|  |TAMS 0x0000000083600000, 0x0000000083500000| Updating 
|  54|0x0000000083600000, 0x0000000083700000, 0x0000000083700000|100%| O|  |TAMS 0x0000000083700000, 0x0000000083600000| Updating 
|  55|0x0000000083700000, 0x0000000083800000, 0x0000000083800000|100%| O|  |TAMS 0x0000000083800000, 0x0000000083700000| Updating 
|  56|0x0000000083800000, 0x0000000083900000, 0x0000000083900000|100%| O|  |TAMS 0x0000000083900000, 0x0000000083800000| Updating 
|  57|0x0000000083900000, 0x0000000083a00000, 0x0000000083a00000|100%| O|  |TAMS 0x0000000083a00000, 0x0000000083900000| Updating 
|  58|0x0000000083a00000, 0x0000000083b00000, 0x0000000083b00000|100%| O|  |TAMS 0x0000000083b00000, 0x0000000083a00000| Updating 
|  59|0x0000000083b00000, 0x0000000083c00000, 0x0000000083c00000|100%| O|  |TAMS 0x0000000083c00000, 0x0000000083b00000| Updating 
|  60|0x0000000083c00000, 0x0000000083d00000, 0x0000000083d00000|100%| O|  |TAMS 0x0000000083d00000, 0x0000000083c00000| Updating 
|  61|0x0000000083d00000, 0x0000000083e00000, 0x0000000083e00000|100%| O|  |TAMS 0x0000000083e00000, 0x0000000083d00000| Updating 
|  62|0x0000000083e00000, 0x0000000083f00000, 0x0000000083f00000|100%| O|  |TAMS 0x0000000083f00000, 0x0000000083e00000| Updating 
|  63|0x0000000083f00000, 0x0000000084000000, 0x0000000084000000|100%| O|  |TAMS 0x0000000084000000, 0x0000000083f00000| Updating 
|  64|0x0000000084000000, 0x0000000084100000, 0x0000000084100000|100%| O|  |TAMS 0x0000000084100000, 0x0000000084000000| Updating 
|  65|0x0000000084100000, 0x0000000084200000, 0x0000000084200000|100%| O|  |TAMS 0x0000000084200000, 0x0000000084100000| Updating 
|  66|0x0000000084200000, 0x0000000084300000, 0x0000000084300000|100%| O|  |TAMS 0x0000000084300000, 0x0000000084200000| Updating 
|  67|0x0000000084300000, 0x0000000084400000, 0x0000000084400000|100%| O|  |TAMS 0x0000000084400000, 0x0000000084300000| Updating 
|  68|0x0000000084400000, 0x0000000084500000, 0x0000000084500000|100%| O|  |TAMS 0x0000000084500000, 0x0000000084400000| Updating 
|  69|0x0000000084500000, 0x0000000084600000, 0x0000000084600000|100%| O|  |TAMS 0x0000000084600000, 0x0000000084500000| Updating 
|  70|0x0000000084600000, 0x0000000084700000, 0x0000000084700000|100%| O|  |TAMS 0x0000000084700000, 0x0000000084600000| Updating 
|  71|0x0000000084700000, 0x0000000084800000, 0x0000000084800000|100%| O|  |TAMS 0x0000000084800000, 0x0000000084700000| Updating 
|  72|0x0000000084800000, 0x0000000084900000, 0x0000000084900000|100%| O|  |TAMS 0x0000000084900000, 0x0000000084800000| Updating 
|  73|0x0000000084900000, 0x0000000084a00000, 0x0000000084a00000|100%| O|  |TAMS 0x0000000084a00000, 0x0000000084900000| Updating 
|  74|0x0000000084a00000, 0x0000000084b00000, 0x0000000084b00000|100%| O|  |TAMS 0x0000000084b00000, 0x0000000084a00000| Updating 
|  75|0x0000000084b00000, 0x0000000084c00000, 0x0000000084c00000|100%| O|  |TAMS 0x0000000084c00000, 0x0000000084b00000| Updating 
|  76|0x0000000084c00000, 0x0000000084d00000, 0x0000000084d00000|100%| O|  |TAMS 0x0000000084d00000, 0x0000000084c00000| Updating 
|  77|0x0000000084d00000, 0x0000000084e00000, 0x0000000084e00000|100%| O|  |TAMS 0x0000000084e00000, 0x0000000084d00000| Updating 
|  78|0x0000000084e00000, 0x0000000084f00000, 0x0000000084f00000|100%| O|  |TAMS 0x0000000084f00000, 0x0000000084e00000| Updating 
|  79|0x0000000084f00000, 0x0000000085000000, 0x0000000085000000|100%| O|  |TAMS 0x0000000085000000, 0x0000000084f00000| Updating 
|  80|0x0000000085000000, 0x0000000085100000, 0x0000000085100000|100%| O|  |TAMS 0x0000000085100000, 0x0000000085000000| Updating 
|  81|0x0000000085100000, 0x0000000085200000, 0x0000000085200000|100%| O|  |TAMS 0x0000000085200000, 0x0000000085100000| Updating 
|  82|0x0000000085200000, 0x0000000085300000, 0x0000000085300000|100%| O|  |TAMS 0x0000000085300000, 0x0000000085200000| Updating 
|  83|0x0000000085300000, 0x0000000085400000, 0x0000000085400000|100%| O|  |TAMS 0x0000000085400000, 0x0000000085300000| Updating 
|  84|0x0000000085400000, 0x0000000085500000, 0x0000000085500000|100%| O|  |TAMS 0x0000000085500000, 0x0000000085400000| Updating 
|  85|0x0000000085500000, 0x0000000085600000, 0x0000000085600000|100%| O|  |TAMS 0x0000000085600000, 0x0000000085500000| Updating 
|  86|0x0000000085600000, 0x0000000085700000, 0x0000000085700000|100%| O|  |TAMS 0x0000000085700000, 0x0000000085600000| Updating 
|  87|0x0000000085700000, 0x0000000085800000, 0x0000000085800000|100%| O|  |TAMS 0x0000000085800000, 0x0000000085700000| Updating 
|  88|0x0000000085800000, 0x0000000085900000, 0x0000000085900000|100%| O|  |TAMS 0x0000000085900000, 0x0000000085800000| Updating 
|  89|0x0000000085900000, 0x0000000085a00000, 0x0000000085a00000|100%| O|  |TAMS 0x0000000085a00000, 0x0000000085900000| Updating 
|  90|0x0000000085a00000, 0x0000000085b00000, 0x0000000085b00000|100%| O|  |TAMS 0x0000000085b00000, 0x0000000085a00000| Updating 
|  91|0x0000000085b00000, 0x0000000085c00000, 0x0000000085c00000|100%| O|  |TAMS 0x0000000085c00000, 0x0000000085b00000| Updating 
|  92|0x0000000085c00000, 0x0000000085d00000, 0x0000000085d00000|100%| O|  |TAMS 0x0000000085d00000, 0x0000000085c00000| Updating 
|  93|0x0000000085d00000, 0x0000000085e00000, 0x0000000085e00000|100%| O|  |TAMS 0x0000000085e00000, 0x0000000085d00000| Updating 
|  94|0x0000000085e00000, 0x0000000085f00000, 0x0000000085f00000|100%| O|  |TAMS 0x0000000085f00000, 0x0000000085e00000| Updating 
|  95|0x0000000085f00000, 0x0000000086000000, 0x0000000086000000|100%| O|  |TAMS 0x0000000086000000, 0x0000000085f00000| Updating 
|  96|0x0000000086000000, 0x0000000086100000, 0x0000000086100000|100%| O|  |TAMS 0x0000000086100000, 0x0000000086000000| Updating 
|  97|0x0000000086100000, 0x0000000086200000, 0x0000000086200000|100%| O|  |TAMS 0x0000000086200000, 0x0000000086100000| Updating 
|  98|0x0000000086200000, 0x0000000086300000, 0x0000000086300000|100%| O|  |TAMS 0x0000000086300000, 0x0000000086200000| Updating 
|  99|0x0000000086300000, 0x0000000086400000, 0x0000000086400000|100%| O|  |TAMS 0x0000000086400000, 0x0000000086300000| Updating 
| 100|0x0000000086400000, 0x0000000086500000, 0x0000000086500000|100%| O|  |TAMS 0x0000000086500000, 0x0000000086400000| Updating 
| 101|0x0000000086500000, 0x0000000086600000, 0x0000000086600000|100%| O|  |TAMS 0x0000000086600000, 0x0000000086500000| Updating 
| 102|0x0000000086600000, 0x0000000086700000, 0x0000000086700000|100%| O|  |TAMS 0x0000000086700000, 0x0000000086600000| Updating 
| 103|0x0000000086700000, 0x0000000086800000, 0x0000000086800000|100%| O|  |TAMS 0x0000000086800000, 0x0000000086700000| Updating 
| 104|0x0000000086800000, 0x0000000086900000, 0x0000000086900000|100%| O|  |TAMS 0x0000000086900000, 0x0000000086800000| Updating 
| 105|0x0000000086900000, 0x0000000086a00000, 0x0000000086a00000|100%| O|  |TAMS 0x0000000086a00000, 0x0000000086900000| Updating 
| 106|0x0000000086a00000, 0x0000000086b00000, 0x0000000086b00000|100%| O|  |TAMS 0x0000000086b00000, 0x0000000086a00000| Updating 
| 107|0x0000000086b00000, 0x0000000086c00000, 0x0000000086c00000|100%| O|  |TAMS 0x0000000086c00000, 0x0000000086b00000| Updating 
| 108|0x0000000086c00000, 0x0000000086d00000, 0x0000000086d00000|100%| O|  |TAMS 0x0000000086d00000, 0x0000000086c00000| Updating 
| 109|0x0000000086d00000, 0x0000000086e00000, 0x0000000086e00000|100%| O|  |TAMS 0x0000000086e00000, 0x0000000086d00000| Updating 
| 110|0x0000000086e00000, 0x0000000086f00000, 0x0000000086f00000|100%| O|  |TAMS 0x0000000086f00000, 0x0000000086e00000| Updating 
| 111|0x0000000086f00000, 0x0000000087000000, 0x0000000087000000|100%| O|  |TAMS 0x0000000087000000, 0x0000000086f00000| Updating 
| 112|0x0000000087000000, 0x0000000087100000, 0x0000000087100000|100%| O|  |TAMS 0x0000000087100000, 0x0000000087000000| Updating 
| 113|0x0000000087100000, 0x0000000087200000, 0x0000000087200000|100%| O|  |TAMS 0x0000000087200000, 0x0000000087100000| Updating 
| 114|0x0000000087200000, 0x0000000087300000, 0x0000000087300000|100%| O|  |TAMS 0x0000000087300000, 0x0000000087200000| Updating 
| 115|0x0000000087300000, 0x0000000087400000, 0x0000000087400000|100%| O|  |TAMS 0x0000000087400000, 0x0000000087300000| Updating 
| 116|0x0000000087400000, 0x0000000087500000, 0x0000000087500000|100%| O|  |TAMS 0x0000000087500000, 0x0000000087400000| Updating 
| 117|0x0000000087500000, 0x0000000087600000, 0x0000000087600000|100%| O|  |TAMS 0x0000000087600000, 0x0000000087500000| Updating 
| 118|0x0000000087600000, 0x0000000087700000, 0x0000000087700000|100%| O|  |TAMS 0x0000000087700000, 0x0000000087600000| Updating 
| 119|0x0000000087700000, 0x0000000087800000, 0x0000000087800000|100%| O|  |TAMS 0x0000000087800000, 0x0000000087700000| Updating 
| 120|0x0000000087800000, 0x0000000087900000, 0x0000000087900000|100%| O|  |TAMS 0x0000000087900000, 0x0000000087800000| Updating 
| 121|0x0000000087900000, 0x0000000087a00000, 0x0000000087a00000|100%| O|  |TAMS 0x0000000087a00000, 0x0000000087900000| Updating 
| 122|0x0000000087a00000, 0x0000000087b00000, 0x0000000087b00000|100%| O|  |TAMS 0x0000000087b00000, 0x0000000087a00000| Updating 
| 123|0x0000000087b00000, 0x0000000087c00000, 0x0000000087c00000|100%|HS|  |TAMS 0x0000000087c00000, 0x0000000087b00000| Complete 
| 124|0x0000000087c00000, 0x0000000087d00000, 0x0000000087d00000|100%|HC|  |TAMS 0x0000000087d00000, 0x0000000087c00000| Complete 
| 125|0x0000000087d00000, 0x0000000087e00000, 0x0000000087e00000|100%|HS|  |TAMS 0x0000000087e00000, 0x0000000087d00000| Complete 
| 126|0x0000000087e00000, 0x0000000087f00000, 0x0000000087f00000|100%|HC|  |TAMS 0x0000000087f00000, 0x0000000087e00000| Complete 
| 127|0x0000000087f00000, 0x0000000088000000, 0x0000000088000000|100%|HC|  |TAMS 0x0000000088000000, 0x0000000087f00000| Complete 
| 128|0x0000000088000000, 0x0000000088100000, 0x0000000088100000|100%|HC|  |TAMS 0x0000000088100000, 0x0000000088000000| Complete 
| 129|0x0000000088100000, 0x0000000088200000, 0x0000000088200000|100%|HC|  |TAMS 0x0000000088200000, 0x0000000088100000| Complete 
| 130|0x0000000088200000, 0x0000000088300000, 0x0000000088300000|100%|HC|  |TAMS 0x0000000088300000, 0x0000000088200000| Complete 
| 131|0x0000000088300000, 0x0000000088400000, 0x0000000088400000|100%|HS|  |TAMS 0x0000000088400000, 0x0000000088300000| Complete 
| 132|0x0000000088400000, 0x0000000088500000, 0x0000000088500000|100%|HC|  |TAMS 0x0000000088500000, 0x0000000088400000| Complete 
| 133|0x0000000088500000, 0x0000000088600000, 0x0000000088600000|100%|HC|  |TAMS 0x0000000088600000, 0x0000000088500000| Complete 
| 134|0x0000000088600000, 0x0000000088700000, 0x0000000088700000|100%|HC|  |TAMS 0x0000000088700000, 0x0000000088600000| Complete 
| 135|0x0000000088700000, 0x0000000088800000, 0x0000000088800000|100%|HS|  |TAMS 0x0000000088800000, 0x0000000088700000| Complete 
| 136|0x0000000088800000, 0x0000000088900000, 0x0000000088900000|100%|HS|  |TAMS 0x0000000088900000, 0x0000000088800000| Complete 
| 137|0x0000000088900000, 0x0000000088a00000, 0x0000000088a00000|100%|HS|  |TAMS 0x0000000088a00000, 0x0000000088900000| Complete 
| 138|0x0000000088a00000, 0x0000000088b00000, 0x0000000088b00000|100%|HS|  |TAMS 0x0000000088b00000, 0x0000000088a00000| Complete 
| 139|0x0000000088b00000, 0x0000000088c00000, 0x0000000088c00000|100%|HS|  |TAMS 0x0000000088c00000, 0x0000000088b00000| Complete 
| 140|0x0000000088c00000, 0x0000000088d00000, 0x0000000088d00000|100%|HC|  |TAMS 0x0000000088d00000, 0x0000000088c00000| Complete 
| 141|0x0000000088d00000, 0x0000000088e00000, 0x0000000088e00000|100%|HS|  |TAMS 0x0000000088e00000, 0x0000000088d00000| Complete 
| 142|0x0000000088e00000, 0x0000000088f00000, 0x0000000088f00000|100%|HS|  |TAMS 0x0000000088f00000, 0x0000000088e00000| Complete 
| 143|0x0000000088f00000, 0x0000000089000000, 0x0000000089000000|100%|HC|  |TAMS 0x0000000089000000, 0x0000000088f00000| Complete 
| 144|0x0000000089000000, 0x0000000089100000, 0x0000000089100000|100%|HS|  |TAMS 0x0000000089100000, 0x0000000089000000| Complete 
| 145|0x0000000089100000, 0x0000000089200000, 0x0000000089200000|100%|HS|  |TAMS 0x0000000089200000, 0x0000000089100000| Complete 
| 146|0x0000000089200000, 0x0000000089300000, 0x0000000089300000|100%|HC|  |TAMS 0x0000000089300000, 0x0000000089200000| Complete 
| 147|0x0000000089300000, 0x0000000089400000, 0x0000000089400000|100%|HC|  |TAMS 0x0000000089400000, 0x0000000089300000| Complete 
| 148|0x0000000089400000, 0x0000000089500000, 0x0000000089500000|100%| O|  |TAMS 0x0000000089500000, 0x0000000089400000| Updating 
| 149|0x0000000089500000, 0x0000000089600000, 0x0000000089600000|100%| O|  |TAMS 0x0000000089600000, 0x0000000089500000| Updating 
| 150|0x0000000089600000, 0x0000000089700000, 0x0000000089700000|100%| O|  |TAMS 0x0000000089700000, 0x0000000089600000| Updating 
| 151|0x0000000089700000, 0x0000000089800000, 0x0000000089800000|100%| O|  |TAMS 0x0000000089800000, 0x0000000089700000| Updating 
| 152|0x0000000089800000, 0x0000000089900000, 0x0000000089900000|100%| O|  |TAMS 0x0000000089900000, 0x0000000089800000| Updating 
| 153|0x0000000089900000, 0x0000000089a00000, 0x0000000089a00000|100%| O|  |TAMS 0x0000000089a00000, 0x0000000089900000| Updating 
| 154|0x0000000089a00000, 0x0000000089b00000, 0x0000000089b00000|100%| O|  |TAMS 0x0000000089b00000, 0x0000000089a00000| Updating 
| 155|0x0000000089b00000, 0x0000000089c00000, 0x0000000089c00000|100%| O|  |TAMS 0x0000000089c00000, 0x0000000089b00000| Updating 
| 156|0x0000000089c00000, 0x0000000089d00000, 0x0000000089d00000|100%| O|  |TAMS 0x0000000089d00000, 0x0000000089c00000| Updating 
| 157|0x0000000089d00000, 0x0000000089e00000, 0x0000000089e00000|100%| O|  |TAMS 0x0000000089e00000, 0x0000000089d00000| Updating 
| 158|0x0000000089e00000, 0x0000000089f00000, 0x0000000089f00000|100%| O|  |TAMS 0x0000000089f00000, 0x0000000089e00000| Updating 
| 159|0x0000000089f00000, 0x000000008a000000, 0x000000008a000000|100%| O|  |TAMS 0x000000008a000000, 0x0000000089f00000| Updating 
| 160|0x000000008a000000, 0x000000008a100000, 0x000000008a100000|100%| O|  |TAMS 0x000000008a100000, 0x000000008a000000| Updating 
| 161|0x000000008a100000, 0x000000008a200000, 0x000000008a200000|100%| O|  |TAMS 0x000000008a200000, 0x000000008a100000| Updating 
| 162|0x000000008a200000, 0x000000008a300000, 0x000000008a300000|100%| O|  |TAMS 0x000000008a300000, 0x000000008a200000| Updating 
| 163|0x000000008a300000, 0x000000008a400000, 0x000000008a400000|100%| O|  |TAMS 0x000000008a300000, 0x000000008a300000| Untracked 
| 164|0x000000008a400000, 0x000000008a500000, 0x000000008a500000|100%| O|  |TAMS 0x000000008a400000, 0x000000008a400000| Untracked 
| 165|0x000000008a500000, 0x000000008a600000, 0x000000008a600000|100%| O|  |TAMS 0x000000008a600000, 0x000000008a500000| Updating 
| 166|0x000000008a600000, 0x000000008a700000, 0x000000008a700000|100%| O|  |TAMS 0x000000008a700000, 0x000000008a600000| Updating 
| 167|0x000000008a700000, 0x000000008a800000, 0x000000008a800000|100%| O|  |TAMS 0x000000008a800000, 0x000000008a700000| Updating 
| 168|0x000000008a800000, 0x000000008a900000, 0x000000008a900000|100%| O|  |TAMS 0x000000008a900000, 0x000000008a800000| Updating 
| 169|0x000000008a900000, 0x000000008aa00000, 0x000000008aa00000|100%| O|  |TAMS 0x000000008aa00000, 0x000000008a900000| Updating 
| 170|0x000000008aa00000, 0x000000008ab00000, 0x000000008ab00000|100%| O|  |TAMS 0x000000008ab00000, 0x000000008aa00000| Updating 
| 171|0x000000008ab00000, 0x000000008ac00000, 0x000000008ac00000|100%| O|  |TAMS 0x000000008ab00000, 0x000000008ab00000| Untracked 
| 172|0x000000008ac00000, 0x000000008ad00000, 0x000000008ad00000|100%| O|  |TAMS 0x000000008ad00000, 0x000000008ac00000| Updating 
| 173|0x000000008ad00000, 0x000000008ae00000, 0x000000008ae00000|100%| O|  |TAMS 0x000000008ae00000, 0x000000008ad00000| Updating 
| 174|0x000000008ae00000, 0x000000008af00000, 0x000000008af00000|100%| O|  |TAMS 0x000000008af00000, 0x000000008ae00000| Updating 
| 175|0x000000008af00000, 0x000000008b000000, 0x000000008b000000|100%| O|  |TAMS 0x000000008b000000, 0x000000008af00000| Updating 
| 176|0x000000008b000000, 0x000000008b100000, 0x000000008b100000|100%| O|  |TAMS 0x000000008b000000, 0x000000008b000000| Untracked 
| 177|0x000000008b100000, 0x000000008b200000, 0x000000008b200000|100%| O|  |TAMS 0x000000008b100000, 0x000000008b100000| Untracked 
| 178|0x000000008b200000, 0x000000008b300000, 0x000000008b300000|100%| O|  |TAMS 0x000000008b200000, 0x000000008b200000| Untracked 
| 179|0x000000008b300000, 0x000000008b400000, 0x000000008b400000|100%| O|  |TAMS 0x000000008b300000, 0x000000008b300000| Untracked 
| 180|0x000000008b400000, 0x000000008b500000, 0x000000008b500000|100%| O|  |TAMS 0x000000008b400000, 0x000000008b400000| Untracked 
| 181|0x000000008b500000, 0x000000008b500000, 0x000000008b600000|  0%| F|  |TAMS 0x000000008b500000, 0x000000008b500000| Untracked 
| 182|0x000000008b600000, 0x000000008b700000, 0x000000008b700000|100%| O|  |TAMS 0x000000008b700000, 0x000000008b600000| Updating 
| 183|0x000000008b700000, 0x000000008b800000, 0x000000008b800000|100%| O|  |TAMS 0x000000008b800000, 0x000000008b700000| Updating 
| 184|0x000000008b800000, 0x000000008b900000, 0x000000008b900000|100%| O|  |TAMS 0x000000008b900000, 0x000000008b800000| Updating 
| 185|0x000000008b900000, 0x000000008ba00000, 0x000000008ba00000|100%| O|  |TAMS 0x000000008ba00000, 0x000000008b900000| Updating 
| 186|0x000000008ba00000, 0x000000008bb00000, 0x000000008bb00000|100%| O|  |TAMS 0x000000008bb00000, 0x000000008ba00000| Updating 
| 187|0x000000008bb00000, 0x000000008bc00000, 0x000000008bc00000|100%| O|  |TAMS 0x000000008bc00000, 0x000000008bb00000| Updating 
| 188|0x000000008bc00000, 0x000000008bd00000, 0x000000008bd00000|100%| O|  |TAMS 0x000000008bd00000, 0x000000008bc00000| Updating 
| 189|0x000000008bd00000, 0x000000008bd00000, 0x000000008be00000|  0%| F|  |TAMS 0x000000008bd00000, 0x000000008bd00000| Untracked 
| 190|0x000000008be00000, 0x000000008bf00000, 0x000000008bf00000|100%| O|  |TAMS 0x000000008bf00000, 0x000000008be00000| Updating 
| 191|0x000000008bf00000, 0x000000008c000000, 0x000000008c000000|100%| O|  |TAMS 0x000000008c000000, 0x000000008bf00000| Updating 
| 192|0x000000008c000000, 0x000000008c100000, 0x000000008c100000|100%| O|  |TAMS 0x000000008c100000, 0x000000008c000000| Updating 
| 193|0x000000008c100000, 0x000000008c200000, 0x000000008c200000|100%| O|  |TAMS 0x000000008c200000, 0x000000008c100000| Updating 
| 194|0x000000008c200000, 0x000000008c300000, 0x000000008c300000|100%| O|  |TAMS 0x000000008c300000, 0x000000008c200000| Updating 
| 195|0x000000008c300000, 0x000000008c400000, 0x000000008c400000|100%| O|  |TAMS 0x000000008c400000, 0x000000008c300000| Updating 
| 196|0x000000008c400000, 0x000000008c500000, 0x000000008c500000|100%| O|  |TAMS 0x000000008c500000, 0x000000008c400000| Updating 
| 197|0x000000008c500000, 0x000000008c600000, 0x000000008c600000|100%| O|  |TAMS 0x000000008c600000, 0x000000008c500000| Updating 
| 198|0x000000008c600000, 0x000000008c700000, 0x000000008c700000|100%| O|  |TAMS 0x000000008c700000, 0x000000008c600000| Updating 
| 199|0x000000008c700000, 0x000000008c800000, 0x000000008c800000|100%|HS|  |TAMS 0x000000008c800000, 0x000000008c700000| Complete 
| 200|0x000000008c800000, 0x000000008c900000, 0x000000008c900000|100%|HC|  |TAMS 0x000000008c900000, 0x000000008c800000| Complete 
| 201|0x000000008c900000, 0x000000008ca00000, 0x000000008ca00000|100%| O|  |TAMS 0x000000008ca00000, 0x000000008c900000| Updating 
| 202|0x000000008ca00000, 0x000000008cb00000, 0x000000008cb00000|100%| O|  |TAMS 0x000000008cb00000, 0x000000008ca00000| Updating 
| 203|0x000000008cb00000, 0x000000008cc00000, 0x000000008cc00000|100%| O|  |TAMS 0x000000008cc00000, 0x000000008cb00000| Updating 
| 204|0x000000008cc00000, 0x000000008cc00000, 0x000000008cd00000|  0%| F|  |TAMS 0x000000008cc00000, 0x000000008cc00000| Untracked 
| 205|0x000000008cd00000, 0x000000008cd00000, 0x000000008ce00000|  0%| F|  |TAMS 0x000000008cd00000, 0x000000008cd00000| Untracked 
| 206|0x000000008ce00000, 0x000000008ce00000, 0x000000008cf00000|  0%| F|  |TAMS 0x000000008ce00000, 0x000000008ce00000| Untracked 
| 207|0x000000008cf00000, 0x000000008cf00000, 0x000000008d000000|  0%| F|  |TAMS 0x000000008cf00000, 0x000000008cf00000| Untracked 
| 208|0x000000008d000000, 0x000000008d100000, 0x000000008d100000|100%| O|  |TAMS 0x000000008d100000, 0x000000008d000000| Updating 
| 209|0x000000008d100000, 0x000000008d100000, 0x000000008d200000|  0%| F|  |TAMS 0x000000008d100000, 0x000000008d100000| Untracked 
| 210|0x000000008d200000, 0x000000008d300000, 0x000000008d300000|100%| O|  |TAMS 0x000000008d300000, 0x000000008d200000| Updating 
| 211|0x000000008d300000, 0x000000008d300000, 0x000000008d400000|  0%| F|  |TAMS 0x000000008d300000, 0x000000008d300000| Untracked 
| 212|0x000000008d400000, 0x000000008d500000, 0x000000008d500000|100%| O|  |TAMS 0x000000008d500000, 0x000000008d400000| Updating 
| 213|0x000000008d500000, 0x000000008d500000, 0x000000008d600000|  0%| F|  |TAMS 0x000000008d500000, 0x000000008d500000| Untracked 
| 214|0x000000008d600000, 0x000000008d700000, 0x000000008d700000|100%| O|  |TAMS 0x000000008d700000, 0x000000008d600000| Updating 
| 215|0x000000008d700000, 0x000000008d800000, 0x000000008d800000|100%| O|  |TAMS 0x000000008d800000, 0x000000008d700000| Updating 
| 216|0x000000008d800000, 0x000000008d900000, 0x000000008d900000|100%| O|  |TAMS 0x000000008d900000, 0x000000008d800000| Updating 
| 217|0x000000008d900000, 0x000000008d900000, 0x000000008da00000|  0%| F|  |TAMS 0x000000008d900000, 0x000000008d900000| Untracked 
| 218|0x000000008da00000, 0x000000008da00000, 0x000000008db00000|  0%| F|  |TAMS 0x000000008da00000, 0x000000008da00000| Untracked 
| 219|0x000000008db00000, 0x000000008dc00000, 0x000000008dc00000|100%| O|  |TAMS 0x000000008dc00000, 0x000000008db00000| Updating 
| 220|0x000000008dc00000, 0x000000008dc00000, 0x000000008dd00000|  0%| F|  |TAMS 0x000000008dc00000, 0x000000008dc00000| Untracked 
| 221|0x000000008dd00000, 0x000000008de00000, 0x000000008de00000|100%|HS|  |TAMS 0x000000008de00000, 0x000000008dd00000| Complete 
| 222|0x000000008de00000, 0x000000008df00000, 0x000000008df00000|100%|HC|  |TAMS 0x000000008df00000, 0x000000008de00000| Complete 
| 223|0x000000008df00000, 0x000000008e000000, 0x000000008e000000|100%|HC|  |TAMS 0x000000008e000000, 0x000000008df00000| Complete 
| 224|0x000000008e000000, 0x000000008e000000, 0x000000008e100000|  0%| F|  |TAMS 0x000000008e000000, 0x000000008e000000| Untracked 
| 225|0x000000008e100000, 0x000000008e100000, 0x000000008e200000|  0%| F|  |TAMS 0x000000008e100000, 0x000000008e100000| Untracked 
| 226|0x000000008e200000, 0x000000008e300000, 0x000000008e300000|100%|HS|  |TAMS 0x000000008e300000, 0x000000008e200000| Complete 
| 227|0x000000008e300000, 0x000000008e300000, 0x000000008e400000|  0%| F|  |TAMS 0x000000008e300000, 0x000000008e300000| Untracked 
| 228|0x000000008e400000, 0x000000008e500000, 0x000000008e500000|100%| O|  |TAMS 0x000000008e500000, 0x000000008e400000| Updating 
| 229|0x000000008e500000, 0x000000008e600000, 0x000000008e600000|100%| O|  |TAMS 0x000000008e600000, 0x000000008e500000| Updating 
| 230|0x000000008e600000, 0x000000008e700000, 0x000000008e700000|100%| O|  |TAMS 0x000000008e700000, 0x000000008e600000| Updating 
| 231|0x000000008e700000, 0x000000008e800000, 0x000000008e800000|100%| O|  |TAMS 0x000000008e800000, 0x000000008e700000| Updating 
| 232|0x000000008e800000, 0x000000008e900000, 0x000000008e900000|100%| O|  |TAMS 0x000000008e900000, 0x000000008e800000| Updating 
| 233|0x000000008e900000, 0x000000008ea00000, 0x000000008ea00000|100%| O|  |TAMS 0x000000008ea00000, 0x000000008e900000| Updating 
| 234|0x000000008ea00000, 0x000000008ea00000, 0x000000008eb00000|  0%| F|  |TAMS 0x000000008ea00000, 0x000000008ea00000| Untracked 
| 235|0x000000008eb00000, 0x000000008eb00000, 0x000000008ec00000|  0%| F|  |TAMS 0x000000008eb00000, 0x000000008eb00000| Untracked 
| 236|0x000000008ec00000, 0x000000008ec00000, 0x000000008ed00000|  0%| F|  |TAMS 0x000000008ec00000, 0x000000008ec00000| Untracked 
| 237|0x000000008ed00000, 0x000000008ee00000, 0x000000008ee00000|100%| O|  |TAMS 0x000000008ee00000, 0x000000008ed00000| Updating 
| 238|0x000000008ee00000, 0x000000008ef00000, 0x000000008ef00000|100%| O|  |TAMS 0x000000008ef00000, 0x000000008ee00000| Updating 
| 239|0x000000008ef00000, 0x000000008f000000, 0x000000008f000000|100%| O|  |TAMS 0x000000008f000000, 0x000000008ef00000| Updating 
| 240|0x000000008f000000, 0x000000008f100000, 0x000000008f100000|100%| O|  |TAMS 0x000000008f100000, 0x000000008f000000| Updating 
| 241|0x000000008f100000, 0x000000008f200000, 0x000000008f200000|100%| O|  |TAMS 0x000000008f200000, 0x000000008f100000| Updating 
| 242|0x000000008f200000, 0x000000008f300000, 0x000000008f300000|100%| O|  |TAMS 0x000000008f300000, 0x000000008f200000| Updating 
| 243|0x000000008f300000, 0x000000008f400000, 0x000000008f400000|100%| O|  |TAMS 0x000000008f400000, 0x000000008f300000| Updating 
| 244|0x000000008f400000, 0x000000008f500000, 0x000000008f500000|100%| O|  |TAMS 0x000000008f500000, 0x000000008f400000| Updating 
| 245|0x000000008f500000, 0x000000008f600000, 0x000000008f600000|100%| O|  |TAMS 0x000000008f600000, 0x000000008f500000| Updating 
| 246|0x000000008f600000, 0x000000008f700000, 0x000000008f700000|100%| O|  |TAMS 0x000000008f700000, 0x000000008f600000| Updating 
| 247|0x000000008f700000, 0x000000008f800000, 0x000000008f800000|100%| O|  |TAMS 0x000000008f800000, 0x000000008f700000| Updating 
| 248|0x000000008f800000, 0x000000008f900000, 0x000000008f900000|100%| O|  |TAMS 0x000000008f900000, 0x000000008f800000| Updating 
| 249|0x000000008f900000, 0x000000008fa00000, 0x000000008fa00000|100%| O|  |TAMS 0x000000008fa00000, 0x000000008f900000| Updating 
| 250|0x000000008fa00000, 0x000000008fb00000, 0x000000008fb00000|100%| O|  |TAMS 0x000000008fb00000, 0x000000008fa00000| Updating 
| 251|0x000000008fb00000, 0x000000008fc00000, 0x000000008fc00000|100%| O|  |TAMS 0x000000008fc00000, 0x000000008fb00000| Updating 
| 252|0x000000008fc00000, 0x000000008fd00000, 0x000000008fd00000|100%| O|  |TAMS 0x000000008fd00000, 0x000000008fc00000| Updating 
| 253|0x000000008fd00000, 0x000000008fe00000, 0x000000008fe00000|100%| O|  |TAMS 0x000000008fe00000, 0x000000008fd00000| Updating 
| 254|0x000000008fe00000, 0x000000008ff00000, 0x000000008ff00000|100%| O|  |TAMS 0x000000008ff00000, 0x000000008fe00000| Updating 
| 255|0x000000008ff00000, 0x0000000090000000, 0x0000000090000000|100%| O|  |TAMS 0x0000000090000000, 0x000000008ff00000| Updating 
| 256|0x0000000090000000, 0x0000000090100000, 0x0000000090100000|100%| O|  |TAMS 0x0000000090100000, 0x0000000090000000| Updating 
| 257|0x0000000090100000, 0x0000000090200000, 0x0000000090200000|100%| O|  |TAMS 0x0000000090200000, 0x0000000090100000| Updating 
| 258|0x0000000090200000, 0x0000000090300000, 0x0000000090300000|100%| O|  |TAMS 0x0000000090300000, 0x0000000090200000| Updating 
| 259|0x0000000090300000, 0x0000000090400000, 0x0000000090400000|100%| O|  |TAMS 0x0000000090400000, 0x0000000090300000| Updating 
| 260|0x0000000090400000, 0x0000000090500000, 0x0000000090500000|100%| O|  |TAMS 0x0000000090500000, 0x0000000090400000| Updating 
| 261|0x0000000090500000, 0x0000000090600000, 0x0000000090600000|100%| O|  |TAMS 0x0000000090600000, 0x0000000090500000| Updating 
| 262|0x0000000090600000, 0x0000000090700000, 0x0000000090700000|100%| O|  |TAMS 0x0000000090700000, 0x0000000090600000| Updating 
| 263|0x0000000090700000, 0x0000000090800000, 0x0000000090800000|100%| O|  |TAMS 0x0000000090800000, 0x0000000090700000| Updating 
| 264|0x0000000090800000, 0x0000000090900000, 0x0000000090900000|100%| O|  |TAMS 0x0000000090900000, 0x0000000090800000| Updating 
| 265|0x0000000090900000, 0x0000000090a00000, 0x0000000090a00000|100%| O|  |TAMS 0x0000000090a00000, 0x0000000090900000| Updating 
| 266|0x0000000090a00000, 0x0000000090b00000, 0x0000000090b00000|100%| O|  |TAMS 0x0000000090b00000, 0x0000000090a00000| Updating 
| 267|0x0000000090b00000, 0x0000000090c00000, 0x0000000090c00000|100%| O|  |TAMS 0x0000000090c00000, 0x0000000090b00000| Updating 
| 268|0x0000000090c00000, 0x0000000090d00000, 0x0000000090d00000|100%| O|  |TAMS 0x0000000090d00000, 0x0000000090c00000| Updating 
| 269|0x0000000090d00000, 0x0000000090e00000, 0x0000000090e00000|100%| O|  |TAMS 0x0000000090e00000, 0x0000000090d00000| Updating 
| 270|0x0000000090e00000, 0x0000000090f00000, 0x0000000090f00000|100%| O|  |TAMS 0x0000000090f00000, 0x0000000090e00000| Updating 
| 271|0x0000000090f00000, 0x0000000091000000, 0x0000000091000000|100%| O|  |TAMS 0x0000000091000000, 0x0000000090f00000| Updating 
| 272|0x0000000091000000, 0x0000000091100000, 0x0000000091100000|100%| O|  |TAMS 0x0000000091100000, 0x0000000091000000| Updating 
| 273|0x0000000091100000, 0x0000000091200000, 0x0000000091200000|100%| O|  |TAMS 0x0000000091200000, 0x0000000091100000| Updating 
| 274|0x0000000091200000, 0x0000000091300000, 0x0000000091300000|100%| O|  |TAMS 0x0000000091300000, 0x0000000091200000| Updating 
| 275|0x0000000091300000, 0x0000000091400000, 0x0000000091400000|100%| O|  |TAMS 0x0000000091400000, 0x0000000091300000| Updating 
| 276|0x0000000091400000, 0x0000000091500000, 0x0000000091500000|100%| O|  |TAMS 0x0000000091500000, 0x0000000091400000| Updating 
| 277|0x0000000091500000, 0x0000000091600000, 0x0000000091600000|100%| O|  |TAMS 0x0000000091600000, 0x0000000091500000| Updating 
| 278|0x0000000091600000, 0x0000000091700000, 0x0000000091700000|100%| O|  |TAMS 0x0000000091700000, 0x0000000091600000| Updating 
| 279|0x0000000091700000, 0x0000000091800000, 0x0000000091800000|100%| O|  |TAMS 0x0000000091800000, 0x0000000091700000| Updating 
| 280|0x0000000091800000, 0x0000000091900000, 0x0000000091900000|100%| O|  |TAMS 0x0000000091900000, 0x0000000091800000| Updating 
| 281|0x0000000091900000, 0x0000000091a00000, 0x0000000091a00000|100%| O|  |TAMS 0x0000000091a00000, 0x0000000091900000| Updating 
| 282|0x0000000091a00000, 0x0000000091b00000, 0x0000000091b00000|100%| O|  |TAMS 0x0000000091b00000, 0x0000000091a00000| Updating 
| 283|0x0000000091b00000, 0x0000000091c00000, 0x0000000091c00000|100%| O|  |TAMS 0x0000000091c00000, 0x0000000091b00000| Updating 
| 284|0x0000000091c00000, 0x0000000091d00000, 0x0000000091d00000|100%| O|  |TAMS 0x0000000091d00000, 0x0000000091c00000| Updating 
| 285|0x0000000091d00000, 0x0000000091e00000, 0x0000000091e00000|100%| O|  |TAMS 0x0000000091e00000, 0x0000000091d00000| Updating 
| 286|0x0000000091e00000, 0x0000000091f00000, 0x0000000091f00000|100%| O|  |TAMS 0x0000000091f00000, 0x0000000091e00000| Updating 
| 287|0x0000000091f00000, 0x0000000092000000, 0x0000000092000000|100%| O|  |TAMS 0x0000000092000000, 0x0000000091f00000| Updating 
| 288|0x0000000092000000, 0x0000000092100000, 0x0000000092100000|100%| O|  |TAMS 0x0000000092100000, 0x0000000092000000| Updating 
| 289|0x0000000092100000, 0x0000000092200000, 0x0000000092200000|100%| O|  |TAMS 0x0000000092200000, 0x0000000092100000| Updating 
| 290|0x0000000092200000, 0x0000000092300000, 0x0000000092300000|100%| O|  |TAMS 0x0000000092300000, 0x0000000092200000| Updating 
| 291|0x0000000092300000, 0x0000000092400000, 0x0000000092400000|100%| O|  |TAMS 0x0000000092400000, 0x0000000092300000| Updating 
| 292|0x0000000092400000, 0x0000000092500000, 0x0000000092500000|100%| O|  |TAMS 0x0000000092500000, 0x0000000092400000| Updating 
| 293|0x0000000092500000, 0x0000000092600000, 0x0000000092600000|100%| O|  |TAMS 0x0000000092600000, 0x0000000092500000| Updating 
| 294|0x0000000092600000, 0x0000000092700000, 0x0000000092700000|100%| O|  |TAMS 0x0000000092700000, 0x0000000092600000| Updating 
| 295|0x0000000092700000, 0x0000000092800000, 0x0000000092800000|100%| O|  |TAMS 0x0000000092800000, 0x0000000092700000| Updating 
| 296|0x0000000092800000, 0x0000000092900000, 0x0000000092900000|100%| O|  |TAMS 0x0000000092900000, 0x0000000092800000| Updating 
| 297|0x0000000092900000, 0x0000000092a00000, 0x0000000092a00000|100%| O|  |TAMS 0x0000000092a00000, 0x0000000092900000| Updating 
| 298|0x0000000092a00000, 0x0000000092b00000, 0x0000000092b00000|100%| O|  |TAMS 0x0000000092b00000, 0x0000000092a00000| Updating 
| 299|0x0000000092b00000, 0x0000000092c00000, 0x0000000092c00000|100%| O|  |TAMS 0x0000000092c00000, 0x0000000092b00000| Updating 
| 300|0x0000000092c00000, 0x0000000092d00000, 0x0000000092d00000|100%| O|  |TAMS 0x0000000092d00000, 0x0000000092c00000| Updating 
| 301|0x0000000092d00000, 0x0000000092e00000, 0x0000000092e00000|100%| O|  |TAMS 0x0000000092e00000, 0x0000000092d00000| Updating 
| 302|0x0000000092e00000, 0x0000000092f00000, 0x0000000092f00000|100%| O|  |TAMS 0x0000000092f00000, 0x0000000092e00000| Updating 
| 303|0x0000000092f00000, 0x0000000093000000, 0x0000000093000000|100%| O|  |TAMS 0x0000000093000000, 0x0000000092f00000| Updating 
| 304|0x0000000093000000, 0x0000000093100000, 0x0000000093100000|100%| O|  |TAMS 0x0000000093100000, 0x0000000093000000| Updating 
| 305|0x0000000093100000, 0x0000000093200000, 0x0000000093200000|100%| O|  |TAMS 0x0000000093200000, 0x0000000093100000| Updating 
| 306|0x0000000093200000, 0x0000000093300000, 0x0000000093300000|100%| O|  |TAMS 0x0000000093300000, 0x0000000093200000| Updating 
| 307|0x0000000093300000, 0x0000000093400000, 0x0000000093400000|100%| O|  |TAMS 0x0000000093400000, 0x0000000093300000| Updating 
| 308|0x0000000093400000, 0x0000000093500000, 0x0000000093500000|100%| O|  |TAMS 0x0000000093500000, 0x0000000093400000| Updating 
| 309|0x0000000093500000, 0x0000000093600000, 0x0000000093600000|100%| O|  |TAMS 0x0000000093600000, 0x0000000093500000| Updating 
| 310|0x0000000093600000, 0x0000000093700000, 0x0000000093700000|100%| O|  |TAMS 0x0000000093700000, 0x0000000093600000| Updating 
| 311|0x0000000093700000, 0x0000000093800000, 0x0000000093800000|100%| O|  |TAMS 0x0000000093800000, 0x0000000093700000| Updating 
| 312|0x0000000093800000, 0x0000000093900000, 0x0000000093900000|100%| O|  |TAMS 0x0000000093900000, 0x0000000093800000| Updating 
| 313|0x0000000093900000, 0x0000000093a00000, 0x0000000093a00000|100%| O|  |TAMS 0x0000000093a00000, 0x0000000093900000| Updating 
| 314|0x0000000093a00000, 0x0000000093b00000, 0x0000000093b00000|100%| O|  |TAMS 0x0000000093b00000, 0x0000000093a00000| Updating 
| 315|0x0000000093b00000, 0x0000000093c00000, 0x0000000093c00000|100%| O|  |TAMS 0x0000000093c00000, 0x0000000093b00000| Updating 
| 316|0x0000000093c00000, 0x0000000093d00000, 0x0000000093d00000|100%| O|  |TAMS 0x0000000093d00000, 0x0000000093c00000| Updating 
| 317|0x0000000093d00000, 0x0000000093e00000, 0x0000000093e00000|100%| O|  |TAMS 0x0000000093e00000, 0x0000000093d00000| Updating 
| 318|0x0000000093e00000, 0x0000000093f00000, 0x0000000093f00000|100%| O|  |TAMS 0x0000000093f00000, 0x0000000093e00000| Updating 
| 319|0x0000000093f00000, 0x0000000094000000, 0x0000000094000000|100%| O|  |TAMS 0x0000000094000000, 0x0000000093f00000| Updating 
| 320|0x0000000094000000, 0x0000000094100000, 0x0000000094100000|100%| O|  |TAMS 0x0000000094100000, 0x0000000094000000| Updating 
| 321|0x0000000094100000, 0x0000000094200000, 0x0000000094200000|100%| O|  |TAMS 0x0000000094200000, 0x0000000094100000| Updating 
| 322|0x0000000094200000, 0x0000000094300000, 0x0000000094300000|100%| O|  |TAMS 0x0000000094300000, 0x0000000094200000| Updating 
| 323|0x0000000094300000, 0x0000000094400000, 0x0000000094400000|100%| O|  |TAMS 0x0000000094400000, 0x0000000094300000| Updating 
| 324|0x0000000094400000, 0x0000000094500000, 0x0000000094500000|100%| O|  |TAMS 0x0000000094500000, 0x0000000094400000| Updating 
| 325|0x0000000094500000, 0x0000000094600000, 0x0000000094600000|100%| O|  |TAMS 0x0000000094600000, 0x0000000094500000| Updating 
| 326|0x0000000094600000, 0x0000000094700000, 0x0000000094700000|100%| O|  |TAMS 0x0000000094700000, 0x0000000094600000| Updating 
| 327|0x0000000094700000, 0x0000000094800000, 0x0000000094800000|100%| O|  |TAMS 0x0000000094800000, 0x0000000094700000| Updating 
| 328|0x0000000094800000, 0x0000000094900000, 0x0000000094900000|100%| O|  |TAMS 0x0000000094900000, 0x0000000094800000| Updating 
| 329|0x0000000094900000, 0x0000000094a00000, 0x0000000094a00000|100%| O|  |TAMS 0x0000000094a00000, 0x0000000094900000| Updating 
| 330|0x0000000094a00000, 0x0000000094b00000, 0x0000000094b00000|100%| O|  |TAMS 0x0000000094b00000, 0x0000000094a00000| Updating 
| 331|0x0000000094b00000, 0x0000000094c00000, 0x0000000094c00000|100%| O|  |TAMS 0x0000000094c00000, 0x0000000094b00000| Updating 
| 332|0x0000000094c00000, 0x0000000094d00000, 0x0000000094d00000|100%| O|  |TAMS 0x0000000094d00000, 0x0000000094c00000| Updating 
| 333|0x0000000094d00000, 0x0000000094e00000, 0x0000000094e00000|100%| O|  |TAMS 0x0000000094e00000, 0x0000000094d00000| Updating 
| 334|0x0000000094e00000, 0x0000000094f00000, 0x0000000094f00000|100%| O|  |TAMS 0x0000000094f00000, 0x0000000094e00000| Updating 
| 335|0x0000000094f00000, 0x0000000095000000, 0x0000000095000000|100%| O|  |TAMS 0x0000000095000000, 0x0000000094f00000| Updating 
| 336|0x0000000095000000, 0x0000000095100000, 0x0000000095100000|100%| O|  |TAMS 0x0000000095100000, 0x0000000095000000| Updating 
| 337|0x0000000095100000, 0x0000000095200000, 0x0000000095200000|100%| O|  |TAMS 0x0000000095200000, 0x0000000095100000| Updating 
| 338|0x0000000095200000, 0x0000000095300000, 0x0000000095300000|100%| O|  |TAMS 0x0000000095300000, 0x0000000095200000| Updating 
| 339|0x0000000095300000, 0x0000000095400000, 0x0000000095400000|100%| O|  |TAMS 0x0000000095400000, 0x0000000095300000| Updating 
| 340|0x0000000095400000, 0x0000000095500000, 0x0000000095500000|100%| O|  |TAMS 0x0000000095500000, 0x0000000095400000| Updating 
| 341|0x0000000095500000, 0x0000000095600000, 0x0000000095600000|100%| O|  |TAMS 0x0000000095600000, 0x0000000095500000| Updating 
| 342|0x0000000095600000, 0x0000000095700000, 0x0000000095700000|100%| O|  |TAMS 0x0000000095700000, 0x0000000095600000| Updating 
| 343|0x0000000095700000, 0x0000000095800000, 0x0000000095800000|100%| O|  |TAMS 0x0000000095800000, 0x0000000095700000| Updating 
| 344|0x0000000095800000, 0x0000000095900000, 0x0000000095900000|100%| O|  |TAMS 0x0000000095900000, 0x0000000095800000| Updating 
| 345|0x0000000095900000, 0x0000000095a00000, 0x0000000095a00000|100%| O|  |TAMS 0x0000000095a00000, 0x0000000095900000| Updating 
| 346|0x0000000095a00000, 0x0000000095b00000, 0x0000000095b00000|100%| O|  |TAMS 0x0000000095b00000, 0x0000000095a00000| Updating 
| 347|0x0000000095b00000, 0x0000000095c00000, 0x0000000095c00000|100%| O|  |TAMS 0x0000000095c00000, 0x0000000095b00000| Updating 
| 348|0x0000000095c00000, 0x0000000095d00000, 0x0000000095d00000|100%| O|  |TAMS 0x0000000095d00000, 0x0000000095c00000| Updating 
| 349|0x0000000095d00000, 0x0000000095e00000, 0x0000000095e00000|100%| O|  |TAMS 0x0000000095e00000, 0x0000000095d00000| Updating 
| 350|0x0000000095e00000, 0x0000000095f00000, 0x0000000095f00000|100%| O|  |TAMS 0x0000000095f00000, 0x0000000095e00000| Updating 
| 351|0x0000000095f00000, 0x0000000096000000, 0x0000000096000000|100%| O|  |TAMS 0x0000000096000000, 0x0000000095f00000| Updating 
| 352|0x0000000096000000, 0x0000000096100000, 0x0000000096100000|100%| O|  |TAMS 0x0000000096100000, 0x0000000096000000| Updating 
| 353|0x0000000096100000, 0x0000000096200000, 0x0000000096200000|100%| O|  |TAMS 0x0000000096200000, 0x0000000096100000| Updating 
| 354|0x0000000096200000, 0x0000000096300000, 0x0000000096300000|100%| O|  |TAMS 0x0000000096300000, 0x0000000096200000| Updating 
| 355|0x0000000096300000, 0x0000000096400000, 0x0000000096400000|100%| O|  |TAMS 0x0000000096400000, 0x0000000096300000| Updating 
| 356|0x0000000096400000, 0x0000000096500000, 0x0000000096500000|100%| O|  |TAMS 0x0000000096500000, 0x0000000096400000| Updating 
| 357|0x0000000096500000, 0x0000000096600000, 0x0000000096600000|100%| O|  |TAMS 0x0000000096600000, 0x0000000096500000| Updating 
| 358|0x0000000096600000, 0x0000000096700000, 0x0000000096700000|100%| O|  |TAMS 0x0000000096700000, 0x0000000096600000| Updating 
| 359|0x0000000096700000, 0x0000000096800000, 0x0000000096800000|100%| O|  |TAMS 0x0000000096800000, 0x0000000096700000| Updating 
| 360|0x0000000096800000, 0x0000000096900000, 0x0000000096900000|100%| O|  |TAMS 0x0000000096900000, 0x0000000096800000| Updating 
| 361|0x0000000096900000, 0x0000000096a00000, 0x0000000096a00000|100%| O|  |TAMS 0x0000000096a00000, 0x0000000096900000| Updating 
| 362|0x0000000096a00000, 0x0000000096b00000, 0x0000000096b00000|100%| O|  |TAMS 0x0000000096b00000, 0x0000000096a00000| Updating 
| 363|0x0000000096b00000, 0x0000000096c00000, 0x0000000096c00000|100%| O|  |TAMS 0x0000000096c00000, 0x0000000096b00000| Updating 
| 364|0x0000000096c00000, 0x0000000096d00000, 0x0000000096d00000|100%| O|  |TAMS 0x0000000096d00000, 0x0000000096c00000| Updating 
| 365|0x0000000096d00000, 0x0000000096e00000, 0x0000000096e00000|100%| O|  |TAMS 0x0000000096e00000, 0x0000000096d00000| Updating 
| 366|0x0000000096e00000, 0x0000000096f00000, 0x0000000096f00000|100%| O|  |TAMS 0x0000000096f00000, 0x0000000096e00000| Updating 
| 367|0x0000000096f00000, 0x0000000097000000, 0x0000000097000000|100%| O|  |TAMS 0x0000000097000000, 0x0000000096f00000| Updating 
| 368|0x0000000097000000, 0x0000000097100000, 0x0000000097100000|100%| O|  |TAMS 0x0000000097100000, 0x0000000097000000| Updating 
| 369|0x0000000097100000, 0x0000000097200000, 0x0000000097200000|100%| O|  |TAMS 0x0000000097200000, 0x0000000097100000| Updating 
| 370|0x0000000097200000, 0x0000000097300000, 0x0000000097300000|100%| O|  |TAMS 0x0000000097300000, 0x0000000097200000| Updating 
| 371|0x0000000097300000, 0x0000000097400000, 0x0000000097400000|100%| O|  |TAMS 0x0000000097400000, 0x0000000097300000| Updating 
| 372|0x0000000097400000, 0x0000000097500000, 0x0000000097500000|100%| O|  |TAMS 0x0000000097500000, 0x0000000097400000| Updating 
| 373|0x0000000097500000, 0x0000000097600000, 0x0000000097600000|100%| O|  |TAMS 0x0000000097600000, 0x0000000097500000| Updating 
| 374|0x0000000097600000, 0x0000000097700000, 0x0000000097700000|100%| O|  |TAMS 0x0000000097700000, 0x0000000097600000| Updating 
| 375|0x0000000097700000, 0x0000000097800000, 0x0000000097800000|100%| O|  |TAMS 0x0000000097800000, 0x0000000097700000| Updating 
| 376|0x0000000097800000, 0x0000000097900000, 0x0000000097900000|100%| O|  |TAMS 0x0000000097900000, 0x0000000097800000| Updating 
| 377|0x0000000097900000, 0x0000000097a00000, 0x0000000097a00000|100%| O|  |TAMS 0x0000000097a00000, 0x0000000097900000| Updating 
| 378|0x0000000097a00000, 0x0000000097b00000, 0x0000000097b00000|100%| O|  |TAMS 0x0000000097b00000, 0x0000000097a00000| Updating 
| 379|0x0000000097b00000, 0x0000000097c00000, 0x0000000097c00000|100%| O|  |TAMS 0x0000000097c00000, 0x0000000097b00000| Updating 
| 380|0x0000000097c00000, 0x0000000097d00000, 0x0000000097d00000|100%| O|  |TAMS 0x0000000097d00000, 0x0000000097c00000| Updating 
| 381|0x0000000097d00000, 0x0000000097e00000, 0x0000000097e00000|100%| O|  |TAMS 0x0000000097e00000, 0x0000000097d00000| Updating 
| 382|0x0000000097e00000, 0x0000000097f00000, 0x0000000097f00000|100%| O|  |TAMS 0x0000000097f00000, 0x0000000097e00000| Updating 
| 383|0x0000000097f00000, 0x0000000098000000, 0x0000000098000000|100%| O|  |TAMS 0x0000000098000000, 0x0000000097f00000| Updating 
| 384|0x0000000098000000, 0x0000000098100000, 0x0000000098100000|100%| O|  |TAMS 0x0000000098100000, 0x0000000098000000| Updating 
| 385|0x0000000098100000, 0x0000000098200000, 0x0000000098200000|100%| O|  |TAMS 0x0000000098200000, 0x0000000098100000| Updating 
| 386|0x0000000098200000, 0x0000000098300000, 0x0000000098300000|100%| O|  |TAMS 0x0000000098300000, 0x0000000098200000| Updating 
| 387|0x0000000098300000, 0x0000000098400000, 0x0000000098400000|100%| O|  |TAMS 0x0000000098400000, 0x0000000098300000| Updating 
| 388|0x0000000098400000, 0x0000000098500000, 0x0000000098500000|100%| O|  |TAMS 0x0000000098500000, 0x0000000098400000| Updating 
| 389|0x0000000098500000, 0x0000000098600000, 0x0000000098600000|100%| O|  |TAMS 0x0000000098600000, 0x0000000098500000| Updating 
| 390|0x0000000098600000, 0x0000000098600000, 0x0000000098700000|  0%| F|  |TAMS 0x0000000098600000, 0x0000000098600000| Untracked 
| 391|0x0000000098700000, 0x0000000098700000, 0x0000000098800000|  0%| F|  |TAMS 0x0000000098700000, 0x0000000098700000| Untracked 
| 392|0x0000000098800000, 0x0000000098900000, 0x0000000098900000|100%| O|  |TAMS 0x0000000098900000, 0x0000000098800000| Updating 
| 393|0x0000000098900000, 0x0000000098a00000, 0x0000000098a00000|100%| O|  |TAMS 0x0000000098a00000, 0x0000000098900000| Updating 
| 394|0x0000000098a00000, 0x0000000098b00000, 0x0000000098b00000|100%| O|  |TAMS 0x0000000098b00000, 0x0000000098a00000| Updating 
| 395|0x0000000098b00000, 0x0000000098c00000, 0x0000000098c00000|100%| O|  |TAMS 0x0000000098c00000, 0x0000000098b00000| Updating 
| 396|0x0000000098c00000, 0x0000000098d00000, 0x0000000098d00000|100%| O|  |TAMS 0x0000000098d00000, 0x0000000098c00000| Updating 
| 397|0x0000000098d00000, 0x0000000098e00000, 0x0000000098e00000|100%| O|  |TAMS 0x0000000098e00000, 0x0000000098d00000| Updating 
| 398|0x0000000098e00000, 0x0000000098f00000, 0x0000000098f00000|100%| O|  |TAMS 0x0000000098f00000, 0x0000000098e00000| Updating 
| 399|0x0000000098f00000, 0x0000000099000000, 0x0000000099000000|100%| O|  |TAMS 0x0000000099000000, 0x0000000098f00000| Updating 
| 400|0x0000000099000000, 0x0000000099100000, 0x0000000099100000|100%| O|  |TAMS 0x0000000099100000, 0x0000000099000000| Updating 
| 401|0x0000000099100000, 0x0000000099200000, 0x0000000099200000|100%| O|  |TAMS 0x0000000099200000, 0x0000000099100000| Updating 
| 402|0x0000000099200000, 0x0000000099300000, 0x0000000099300000|100%| O|  |TAMS 0x0000000099300000, 0x0000000099200000| Updating 
| 403|0x0000000099300000, 0x0000000099400000, 0x0000000099400000|100%| O|  |TAMS 0x0000000099400000, 0x0000000099300000| Updating 
| 404|0x0000000099400000, 0x0000000099500000, 0x0000000099500000|100%| O|  |TAMS 0x0000000099500000, 0x0000000099400000| Updating 
| 405|0x0000000099500000, 0x0000000099600000, 0x0000000099600000|100%| O|  |TAMS 0x0000000099600000, 0x0000000099500000| Updating 
| 406|0x0000000099600000, 0x0000000099700000, 0x0000000099700000|100%| O|  |TAMS 0x0000000099700000, 0x0000000099600000| Updating 
| 407|0x0000000099700000, 0x0000000099800000, 0x0000000099800000|100%| O|  |TAMS 0x0000000099800000, 0x0000000099700000| Updating 
| 408|0x0000000099800000, 0x0000000099900000, 0x0000000099900000|100%| O|  |TAMS 0x0000000099900000, 0x0000000099800000| Updating 
| 409|0x0000000099900000, 0x0000000099a00000, 0x0000000099a00000|100%| O|  |TAMS 0x0000000099a00000, 0x0000000099900000| Updating 
| 410|0x0000000099a00000, 0x0000000099b00000, 0x0000000099b00000|100%| O|  |TAMS 0x0000000099b00000, 0x0000000099a00000| Updating 
| 411|0x0000000099b00000, 0x0000000099c00000, 0x0000000099c00000|100%| O|  |TAMS 0x0000000099c00000, 0x0000000099b00000| Updating 
| 412|0x0000000099c00000, 0x0000000099d00000, 0x0000000099d00000|100%| O|  |TAMS 0x0000000099d00000, 0x0000000099c00000| Updating 
| 413|0x0000000099d00000, 0x0000000099e00000, 0x0000000099e00000|100%| O|  |TAMS 0x0000000099e00000, 0x0000000099d00000| Updating 
| 414|0x0000000099e00000, 0x0000000099f00000, 0x0000000099f00000|100%| O|  |TAMS 0x0000000099f00000, 0x0000000099e00000| Updating 
| 415|0x0000000099f00000, 0x000000009a000000, 0x000000009a000000|100%| O|  |TAMS 0x000000009a000000, 0x0000000099f00000| Updating 
| 416|0x000000009a000000, 0x000000009a100000, 0x000000009a100000|100%| O|  |TAMS 0x000000009a100000, 0x000000009a000000| Updating 
| 417|0x000000009a100000, 0x000000009a200000, 0x000000009a200000|100%| O|  |TAMS 0x000000009a200000, 0x000000009a100000| Updating 
| 418|0x000000009a200000, 0x000000009a300000, 0x000000009a300000|100%| O|  |TAMS 0x000000009a300000, 0x000000009a200000| Updating 
| 419|0x000000009a300000, 0x000000009a400000, 0x000000009a400000|100%| O|  |TAMS 0x000000009a400000, 0x000000009a300000| Updating 
| 420|0x000000009a400000, 0x000000009a500000, 0x000000009a500000|100%| O|  |TAMS 0x000000009a500000, 0x000000009a400000| Updating 
| 421|0x000000009a500000, 0x000000009a600000, 0x000000009a600000|100%| O|  |TAMS 0x000000009a600000, 0x000000009a500000| Updating 
| 422|0x000000009a600000, 0x000000009a700000, 0x000000009a700000|100%| O|  |TAMS 0x000000009a700000, 0x000000009a600000| Updating 
| 423|0x000000009a700000, 0x000000009a800000, 0x000000009a800000|100%| O|  |TAMS 0x000000009a800000, 0x000000009a700000| Updating 
| 424|0x000000009a800000, 0x000000009a900000, 0x000000009a900000|100%| O|  |TAMS 0x000000009a900000, 0x000000009a800000| Updating 
| 425|0x000000009a900000, 0x000000009aa00000, 0x000000009aa00000|100%| O|  |TAMS 0x000000009aa00000, 0x000000009a900000| Updating 
| 426|0x000000009aa00000, 0x000000009ab00000, 0x000000009ab00000|100%| O|  |TAMS 0x000000009ab00000, 0x000000009aa00000| Updating 
| 427|0x000000009ab00000, 0x000000009ac00000, 0x000000009ac00000|100%| O|  |TAMS 0x000000009ac00000, 0x000000009ab00000| Updating 
| 428|0x000000009ac00000, 0x000000009ad00000, 0x000000009ad00000|100%| O|  |TAMS 0x000000009ad00000, 0x000000009ac00000| Updating 
| 429|0x000000009ad00000, 0x000000009ae00000, 0x000000009ae00000|100%| O|  |TAMS 0x000000009ae00000, 0x000000009ad00000| Updating 
| 430|0x000000009ae00000, 0x000000009af00000, 0x000000009af00000|100%| O|  |TAMS 0x000000009af00000, 0x000000009ae00000| Updating 
| 431|0x000000009af00000, 0x000000009b000000, 0x000000009b000000|100%| O|  |TAMS 0x000000009b000000, 0x000000009af00000| Updating 
| 432|0x000000009b000000, 0x000000009b100000, 0x000000009b100000|100%| O|  |TAMS 0x000000009b100000, 0x000000009b000000| Updating 
| 433|0x000000009b100000, 0x000000009b200000, 0x000000009b200000|100%| O|  |TAMS 0x000000009b200000, 0x000000009b100000| Updating 
| 434|0x000000009b200000, 0x000000009b300000, 0x000000009b300000|100%| O|  |TAMS 0x000000009b300000, 0x000000009b200000| Updating 
| 435|0x000000009b300000, 0x000000009b400000, 0x000000009b400000|100%| O|  |TAMS 0x000000009b400000, 0x000000009b300000| Updating 
| 436|0x000000009b400000, 0x000000009b500000, 0x000000009b500000|100%| O|  |TAMS 0x000000009b500000, 0x000000009b400000| Updating 
| 437|0x000000009b500000, 0x000000009b600000, 0x000000009b600000|100%| O|  |TAMS 0x000000009b600000, 0x000000009b500000| Updating 
| 438|0x000000009b600000, 0x000000009b700000, 0x000000009b700000|100%| O|  |TAMS 0x000000009b700000, 0x000000009b600000| Updating 
| 439|0x000000009b700000, 0x000000009b800000, 0x000000009b800000|100%| O|  |TAMS 0x000000009b800000, 0x000000009b700000| Updating 
| 440|0x000000009b800000, 0x000000009b900000, 0x000000009b900000|100%| O|  |TAMS 0x000000009b900000, 0x000000009b800000| Updating 
| 441|0x000000009b900000, 0x000000009ba00000, 0x000000009ba00000|100%| O|  |TAMS 0x000000009ba00000, 0x000000009b900000| Updating 
| 442|0x000000009ba00000, 0x000000009bb00000, 0x000000009bb00000|100%| O|  |TAMS 0x000000009bb00000, 0x000000009ba00000| Updating 
| 443|0x000000009bb00000, 0x000000009bc00000, 0x000000009bc00000|100%| O|  |TAMS 0x000000009bc00000, 0x000000009bb00000| Updating 
| 444|0x000000009bc00000, 0x000000009bd00000, 0x000000009bd00000|100%| O|  |TAMS 0x000000009bd00000, 0x000000009bc00000| Updating 
| 445|0x000000009bd00000, 0x000000009be00000, 0x000000009be00000|100%| O|  |TAMS 0x000000009be00000, 0x000000009bd00000| Updating 
| 446|0x000000009be00000, 0x000000009bf00000, 0x000000009bf00000|100%| O|  |TAMS 0x000000009bf00000, 0x000000009be00000| Updating 
| 447|0x000000009bf00000, 0x000000009c000000, 0x000000009c000000|100%| O|  |TAMS 0x000000009c000000, 0x000000009bf00000| Updating 
| 448|0x000000009c000000, 0x000000009c100000, 0x000000009c100000|100%| O|  |TAMS 0x000000009c100000, 0x000000009c000000| Updating 
| 449|0x000000009c100000, 0x000000009c200000, 0x000000009c200000|100%| O|  |TAMS 0x000000009c180000, 0x000000009c100000| Updating 
| 450|0x000000009c200000, 0x000000009c200000, 0x000000009c300000|  0%| F|  |TAMS 0x000000009c200000, 0x000000009c200000| Untracked 
| 451|0x000000009c300000, 0x000000009c300000, 0x000000009c400000|  0%| F|  |TAMS 0x000000009c300000, 0x000000009c300000| Untracked 
| 452|0x000000009c400000, 0x000000009c400000, 0x000000009c500000|  0%| F|  |TAMS 0x000000009c400000, 0x000000009c400000| Untracked 
| 453|0x000000009c500000, 0x000000009c500000, 0x000000009c600000|  0%| F|  |TAMS 0x000000009c500000, 0x000000009c500000| Untracked 
| 454|0x000000009c600000, 0x000000009c600000, 0x000000009c700000|  0%| F|  |TAMS 0x000000009c600000, 0x000000009c600000| Untracked 
| 455|0x000000009c700000, 0x000000009c700000, 0x000000009c800000|  0%| F|  |TAMS 0x000000009c700000, 0x000000009c700000| Untracked 
| 456|0x000000009c800000, 0x000000009c800000, 0x000000009c900000|  0%| F|  |TAMS 0x000000009c800000, 0x000000009c800000| Untracked 
| 457|0x000000009c900000, 0x000000009c900000, 0x000000009ca00000|  0%| F|  |TAMS 0x000000009c900000, 0x000000009c900000| Untracked 
| 458|0x000000009ca00000, 0x000000009ca00000, 0x000000009cb00000|  0%| F|  |TAMS 0x000000009ca00000, 0x000000009ca00000| Untracked 
| 459|0x000000009cb00000, 0x000000009cb00000, 0x000000009cc00000|  0%| F|  |TAMS 0x000000009cb00000, 0x000000009cb00000| Untracked 
| 460|0x000000009cc00000, 0x000000009cc00000, 0x000000009cd00000|  0%| F|  |TAMS 0x000000009cc00000, 0x000000009cc00000| Untracked 
| 461|0x000000009cd00000, 0x000000009cd00000, 0x000000009ce00000|  0%| F|  |TAMS 0x000000009cd00000, 0x000000009cd00000| Untracked 
| 462|0x000000009ce00000, 0x000000009ce00000, 0x000000009cf00000|  0%| F|  |TAMS 0x000000009ce00000, 0x000000009ce00000| Untracked 
| 463|0x000000009cf00000, 0x000000009cf00000, 0x000000009d000000|  0%| F|  |TAMS 0x000000009cf00000, 0x000000009cf00000| Untracked 
| 464|0x000000009d000000, 0x000000009d000000, 0x000000009d100000|  0%| F|  |TAMS 0x000000009d000000, 0x000000009d000000| Untracked 
| 465|0x000000009d100000, 0x000000009d100000, 0x000000009d200000|  0%| F|  |TAMS 0x000000009d100000, 0x000000009d100000| Untracked 
| 466|0x000000009d200000, 0x000000009d200000, 0x000000009d300000|  0%| F|  |TAMS 0x000000009d200000, 0x000000009d200000| Untracked 
| 467|0x000000009d300000, 0x000000009d300000, 0x000000009d400000|  0%| F|  |TAMS 0x000000009d300000, 0x000000009d300000| Untracked 
| 468|0x000000009d400000, 0x000000009d400000, 0x000000009d500000|  0%| F|  |TAMS 0x000000009d400000, 0x000000009d400000| Untracked 
| 469|0x000000009d500000, 0x000000009d500000, 0x000000009d600000|  0%| F|  |TAMS 0x000000009d500000, 0x000000009d500000| Untracked 
| 470|0x000000009d600000, 0x000000009d600000, 0x000000009d700000|  0%| F|  |TAMS 0x000000009d600000, 0x000000009d600000| Untracked 
| 471|0x000000009d700000, 0x000000009d700000, 0x000000009d800000|  0%| F|  |TAMS 0x000000009d700000, 0x000000009d700000| Untracked 
| 472|0x000000009d800000, 0x000000009d800000, 0x000000009d900000|  0%| F|  |TAMS 0x000000009d800000, 0x000000009d800000| Untracked 
| 473|0x000000009d900000, 0x000000009d900000, 0x000000009da00000|  0%| F|  |TAMS 0x000000009d900000, 0x000000009d900000| Untracked 
| 474|0x000000009da00000, 0x000000009da00000, 0x000000009db00000|  0%| F|  |TAMS 0x000000009da00000, 0x000000009da00000| Untracked 
| 475|0x000000009db00000, 0x000000009db00000, 0x000000009dc00000|  0%| F|  |TAMS 0x000000009db00000, 0x000000009db00000| Untracked 
| 476|0x000000009dc00000, 0x000000009dc00000, 0x000000009dd00000|  0%| F|  |TAMS 0x000000009dc00000, 0x000000009dc00000| Untracked 
| 477|0x000000009dd00000, 0x000000009dd00000, 0x000000009de00000|  0%| F|  |TAMS 0x000000009dd00000, 0x000000009dd00000| Untracked 
| 478|0x000000009de00000, 0x000000009de00000, 0x000000009df00000|  0%| F|  |TAMS 0x000000009de00000, 0x000000009de00000| Untracked 
| 479|0x000000009df00000, 0x000000009df00000, 0x000000009e000000|  0%| F|  |TAMS 0x000000009df00000, 0x000000009df00000| Untracked 
| 480|0x000000009e000000, 0x000000009e000000, 0x000000009e100000|  0%| F|  |TAMS 0x000000009e000000, 0x000000009e000000| Untracked 
| 481|0x000000009e100000, 0x000000009e100000, 0x000000009e200000|  0%| F|  |TAMS 0x000000009e100000, 0x000000009e100000| Untracked 
| 482|0x000000009e200000, 0x000000009e200000, 0x000000009e300000|  0%| F|  |TAMS 0x000000009e200000, 0x000000009e200000| Untracked 
| 483|0x000000009e300000, 0x000000009e300000, 0x000000009e400000|  0%| F|  |TAMS 0x000000009e300000, 0x000000009e300000| Untracked 
| 484|0x000000009e400000, 0x000000009e400000, 0x000000009e500000|  0%| F|  |TAMS 0x000000009e400000, 0x000000009e400000| Untracked 
| 485|0x000000009e500000, 0x000000009e500000, 0x000000009e600000|  0%| F|  |TAMS 0x000000009e500000, 0x000000009e500000| Untracked 
| 486|0x000000009e600000, 0x000000009e600000, 0x000000009e700000|  0%| F|  |TAMS 0x000000009e600000, 0x000000009e600000| Untracked 
| 487|0x000000009e700000, 0x000000009e700000, 0x000000009e800000|  0%| F|  |TAMS 0x000000009e700000, 0x000000009e700000| Untracked 
| 488|0x000000009e800000, 0x000000009e800000, 0x000000009e900000|  0%| F|  |TAMS 0x000000009e800000, 0x000000009e800000| Untracked 
| 489|0x000000009e900000, 0x000000009e900000, 0x000000009ea00000|  0%| F|  |TAMS 0x000000009e900000, 0x000000009e900000| Untracked 
| 490|0x000000009ea00000, 0x000000009ea00000, 0x000000009eb00000|  0%| F|  |TAMS 0x000000009ea00000, 0x000000009ea00000| Untracked 
| 491|0x000000009eb00000, 0x000000009eb00000, 0x000000009ec00000|  0%| F|  |TAMS 0x000000009eb00000, 0x000000009eb00000| Untracked 
| 492|0x000000009ec00000, 0x000000009ec00000, 0x000000009ed00000|  0%| F|  |TAMS 0x000000009ec00000, 0x000000009ec00000| Untracked 
| 493|0x000000009ed00000, 0x000000009ed00000, 0x000000009ee00000|  0%| F|  |TAMS 0x000000009ed00000, 0x000000009ed00000| Untracked 
| 494|0x000000009ee00000, 0x000000009ee00000, 0x000000009ef00000|  0%| F|  |TAMS 0x000000009ee00000, 0x000000009ee00000| Untracked 
| 495|0x000000009ef00000, 0x000000009ef00000, 0x000000009f000000|  0%| F|  |TAMS 0x000000009ef00000, 0x000000009ef00000| Untracked 
| 496|0x000000009f000000, 0x000000009f000000, 0x000000009f100000|  0%| F|  |TAMS 0x000000009f000000, 0x000000009f000000| Untracked 
| 497|0x000000009f100000, 0x000000009f100000, 0x000000009f200000|  0%| F|  |TAMS 0x000000009f100000, 0x000000009f100000| Untracked 
| 498|0x000000009f200000, 0x000000009f200000, 0x000000009f300000|  0%| F|  |TAMS 0x000000009f200000, 0x000000009f200000| Untracked 
| 499|0x000000009f300000, 0x000000009f300000, 0x000000009f400000|  0%| F|  |TAMS 0x000000009f300000, 0x000000009f300000| Untracked 
| 500|0x000000009f400000, 0x000000009f400000, 0x000000009f500000|  0%| F|  |TAMS 0x000000009f400000, 0x000000009f400000| Untracked 
| 501|0x000000009f500000, 0x000000009f500000, 0x000000009f600000|  0%| F|  |TAMS 0x000000009f500000, 0x000000009f500000| Untracked 
| 502|0x000000009f600000, 0x000000009f600000, 0x000000009f700000|  0%| F|  |TAMS 0x000000009f600000, 0x000000009f600000| Untracked 
| 503|0x000000009f700000, 0x000000009f700000, 0x000000009f800000|  0%| F|  |TAMS 0x000000009f700000, 0x000000009f700000| Untracked 
| 504|0x000000009f800000, 0x000000009f800000, 0x000000009f900000|  0%| F|  |TAMS 0x000000009f800000, 0x000000009f800000| Untracked 
| 505|0x000000009f900000, 0x000000009f900000, 0x000000009fa00000|  0%| F|  |TAMS 0x000000009f900000, 0x000000009f900000| Untracked 
| 506|0x000000009fa00000, 0x000000009fa00000, 0x000000009fb00000|  0%| F|  |TAMS 0x000000009fa00000, 0x000000009fa00000| Untracked 
| 507|0x000000009fb00000, 0x000000009fb00000, 0x000000009fc00000|  0%| F|  |TAMS 0x000000009fb00000, 0x000000009fb00000| Untracked 
| 508|0x000000009fc00000, 0x000000009fc00000, 0x000000009fd00000|  0%| F|  |TAMS 0x000000009fc00000, 0x000000009fc00000| Untracked 
| 509|0x000000009fd00000, 0x000000009fd00000, 0x000000009fe00000|  0%| F|  |TAMS 0x000000009fd00000, 0x000000009fd00000| Untracked 
| 510|0x000000009fe00000, 0x000000009fe00000, 0x000000009ff00000|  0%| F|  |TAMS 0x000000009fe00000, 0x000000009fe00000| Untracked 
| 511|0x000000009ff00000, 0x000000009ff00000, 0x00000000a0000000|  0%| F|  |TAMS 0x000000009ff00000, 0x000000009ff00000| Untracked 
| 512|0x00000000a0000000, 0x00000000a0000000, 0x00000000a0100000|  0%| F|  |TAMS 0x00000000a0000000, 0x00000000a0000000| Untracked 
| 513|0x00000000a0100000, 0x00000000a0100000, 0x00000000a0200000|  0%| F|  |TAMS 0x00000000a0100000, 0x00000000a0100000| Untracked 
| 514|0x00000000a0200000, 0x00000000a0200000, 0x00000000a0300000|  0%| F|  |TAMS 0x00000000a0200000, 0x00000000a0200000| Untracked 
| 515|0x00000000a0300000, 0x00000000a0300000, 0x00000000a0400000|  0%| F|  |TAMS 0x00000000a0300000, 0x00000000a0300000| Untracked 
| 516|0x00000000a0400000, 0x00000000a0400000, 0x00000000a0500000|  0%| F|  |TAMS 0x00000000a0400000, 0x00000000a0400000| Untracked 
| 517|0x00000000a0500000, 0x00000000a0500000, 0x00000000a0600000|  0%| F|  |TAMS 0x00000000a0500000, 0x00000000a0500000| Untracked 
| 518|0x00000000a0600000, 0x00000000a0600000, 0x00000000a0700000|  0%| F|  |TAMS 0x00000000a0600000, 0x00000000a0600000| Untracked 
| 519|0x00000000a0700000, 0x00000000a0700000, 0x00000000a0800000|  0%| F|  |TAMS 0x00000000a0700000, 0x00000000a0700000| Untracked 
| 520|0x00000000a0800000, 0x00000000a0800000, 0x00000000a0900000|  0%| F|  |TAMS 0x00000000a0800000, 0x00000000a0800000| Untracked 
| 521|0x00000000a0900000, 0x00000000a0900000, 0x00000000a0a00000|  0%| F|  |TAMS 0x00000000a0900000, 0x00000000a0900000| Untracked 
| 522|0x00000000a0a00000, 0x00000000a0a00000, 0x00000000a0b00000|  0%| F|  |TAMS 0x00000000a0a00000, 0x00000000a0a00000| Untracked 
| 523|0x00000000a0b00000, 0x00000000a0b00000, 0x00000000a0c00000|  0%| F|  |TAMS 0x00000000a0b00000, 0x00000000a0b00000| Untracked 
| 524|0x00000000a0c00000, 0x00000000a0c00000, 0x00000000a0d00000|  0%| F|  |TAMS 0x00000000a0c00000, 0x00000000a0c00000| Untracked 
| 525|0x00000000a0d00000, 0x00000000a0d00000, 0x00000000a0e00000|  0%| F|  |TAMS 0x00000000a0d00000, 0x00000000a0d00000| Untracked 
| 526|0x00000000a0e00000, 0x00000000a0e00000, 0x00000000a0f00000|  0%| F|  |TAMS 0x00000000a0e00000, 0x00000000a0e00000| Untracked 
| 527|0x00000000a0f00000, 0x00000000a0f00000, 0x00000000a1000000|  0%| F|  |TAMS 0x00000000a0f00000, 0x00000000a0f00000| Untracked 
| 528|0x00000000a1000000, 0x00000000a1000000, 0x00000000a1100000|  0%| F|  |TAMS 0x00000000a1000000, 0x00000000a1000000| Untracked 
| 529|0x00000000a1100000, 0x00000000a1100000, 0x00000000a1200000|  0%| F|  |TAMS 0x00000000a1100000, 0x00000000a1100000| Untracked 
| 530|0x00000000a1200000, 0x00000000a1200000, 0x00000000a1300000|  0%| F|  |TAMS 0x00000000a1200000, 0x00000000a1200000| Untracked 
| 531|0x00000000a1300000, 0x00000000a1300000, 0x00000000a1400000|  0%| F|  |TAMS 0x00000000a1300000, 0x00000000a1300000| Untracked 
| 532|0x00000000a1400000, 0x00000000a1400000, 0x00000000a1500000|  0%| F|  |TAMS 0x00000000a1400000, 0x00000000a1400000| Untracked 
| 533|0x00000000a1500000, 0x00000000a1500000, 0x00000000a1600000|  0%| F|  |TAMS 0x00000000a1500000, 0x00000000a1500000| Untracked 
| 534|0x00000000a1600000, 0x00000000a1600000, 0x00000000a1700000|  0%| F|  |TAMS 0x00000000a1600000, 0x00000000a1600000| Untracked 
| 535|0x00000000a1700000, 0x00000000a1700000, 0x00000000a1800000|  0%| F|  |TAMS 0x00000000a1700000, 0x00000000a1700000| Untracked 
| 536|0x00000000a1800000, 0x00000000a1800000, 0x00000000a1900000|  0%| F|  |TAMS 0x00000000a1800000, 0x00000000a1800000| Untracked 
| 537|0x00000000a1900000, 0x00000000a1900000, 0x00000000a1a00000|  0%| F|  |TAMS 0x00000000a1900000, 0x00000000a1900000| Untracked 
| 538|0x00000000a1a00000, 0x00000000a1a00000, 0x00000000a1b00000|  0%| F|  |TAMS 0x00000000a1a00000, 0x00000000a1a00000| Untracked 
| 539|0x00000000a1b00000, 0x00000000a1b00000, 0x00000000a1c00000|  0%| F|  |TAMS 0x00000000a1b00000, 0x00000000a1b00000| Untracked 
| 540|0x00000000a1c00000, 0x00000000a1c00000, 0x00000000a1d00000|  0%| F|  |TAMS 0x00000000a1c00000, 0x00000000a1c00000| Untracked 
| 541|0x00000000a1d00000, 0x00000000a1d00000, 0x00000000a1e00000|  0%| F|  |TAMS 0x00000000a1d00000, 0x00000000a1d00000| Untracked 
| 542|0x00000000a1e00000, 0x00000000a1e00000, 0x00000000a1f00000|  0%| F|  |TAMS 0x00000000a1e00000, 0x00000000a1e00000| Untracked 
| 543|0x00000000a1f00000, 0x00000000a1f00000, 0x00000000a2000000|  0%| F|  |TAMS 0x00000000a1f00000, 0x00000000a1f00000| Untracked 
| 544|0x00000000a2000000, 0x00000000a2000000, 0x00000000a2100000|  0%| F|  |TAMS 0x00000000a2000000, 0x00000000a2000000| Untracked 
| 545|0x00000000a2100000, 0x00000000a2100000, 0x00000000a2200000|  0%| F|  |TAMS 0x00000000a2100000, 0x00000000a2100000| Untracked 
| 546|0x00000000a2200000, 0x00000000a2200000, 0x00000000a2300000|  0%| F|  |TAMS 0x00000000a2200000, 0x00000000a2200000| Untracked 
| 547|0x00000000a2300000, 0x00000000a2300000, 0x00000000a2400000|  0%| F|  |TAMS 0x00000000a2300000, 0x00000000a2300000| Untracked 
| 548|0x00000000a2400000, 0x00000000a2400000, 0x00000000a2500000|  0%| F|  |TAMS 0x00000000a2400000, 0x00000000a2400000| Untracked 
| 549|0x00000000a2500000, 0x00000000a2500000, 0x00000000a2600000|  0%| F|  |TAMS 0x00000000a2500000, 0x00000000a2500000| Untracked 
| 550|0x00000000a2600000, 0x00000000a2600000, 0x00000000a2700000|  0%| F|  |TAMS 0x00000000a2600000, 0x00000000a2600000| Untracked 
| 551|0x00000000a2700000, 0x00000000a2700000, 0x00000000a2800000|  0%| F|  |TAMS 0x00000000a2700000, 0x00000000a2700000| Untracked 
| 552|0x00000000a2800000, 0x00000000a2800000, 0x00000000a2900000|  0%| F|  |TAMS 0x00000000a2800000, 0x00000000a2800000| Untracked 
| 553|0x00000000a2900000, 0x00000000a2900000, 0x00000000a2a00000|  0%| F|  |TAMS 0x00000000a2900000, 0x00000000a2900000| Untracked 
| 554|0x00000000a2a00000, 0x00000000a2a00000, 0x00000000a2b00000|  0%| F|  |TAMS 0x00000000a2a00000, 0x00000000a2a00000| Untracked 
| 555|0x00000000a2b00000, 0x00000000a2b00000, 0x00000000a2c00000|  0%| F|  |TAMS 0x00000000a2b00000, 0x00000000a2b00000| Untracked 
| 556|0x00000000a2c00000, 0x00000000a2c00000, 0x00000000a2d00000|  0%| F|  |TAMS 0x00000000a2c00000, 0x00000000a2c00000| Untracked 
| 557|0x00000000a2d00000, 0x00000000a2d00000, 0x00000000a2e00000|  0%| F|  |TAMS 0x00000000a2d00000, 0x00000000a2d00000| Untracked 
| 558|0x00000000a2e00000, 0x00000000a2e00000, 0x00000000a2f00000|  0%| F|  |TAMS 0x00000000a2e00000, 0x00000000a2e00000| Untracked 
| 559|0x00000000a2f00000, 0x00000000a2f00000, 0x00000000a3000000|  0%| F|  |TAMS 0x00000000a2f00000, 0x00000000a2f00000| Untracked 
| 560|0x00000000a3000000, 0x00000000a3000000, 0x00000000a3100000|  0%| F|  |TAMS 0x00000000a3000000, 0x00000000a3000000| Untracked 
| 561|0x00000000a3100000, 0x00000000a3100000, 0x00000000a3200000|  0%| F|  |TAMS 0x00000000a3100000, 0x00000000a3100000| Untracked 
| 562|0x00000000a3200000, 0x00000000a3200000, 0x00000000a3300000|  0%| F|  |TAMS 0x00000000a3200000, 0x00000000a3200000| Untracked 
| 563|0x00000000a3300000, 0x00000000a3300000, 0x00000000a3400000|  0%| F|  |TAMS 0x00000000a3300000, 0x00000000a3300000| Untracked 
| 564|0x00000000a3400000, 0x00000000a3400000, 0x00000000a3500000|  0%| F|  |TAMS 0x00000000a3400000, 0x00000000a3400000| Untracked 
| 565|0x00000000a3500000, 0x00000000a3500000, 0x00000000a3600000|  0%| F|  |TAMS 0x00000000a3500000, 0x00000000a3500000| Untracked 
| 566|0x00000000a3600000, 0x00000000a3600000, 0x00000000a3700000|  0%| F|  |TAMS 0x00000000a3600000, 0x00000000a3600000| Untracked 
| 567|0x00000000a3700000, 0x00000000a3700000, 0x00000000a3800000|  0%| F|  |TAMS 0x00000000a3700000, 0x00000000a3700000| Untracked 
| 568|0x00000000a3800000, 0x00000000a3800000, 0x00000000a3900000|  0%| F|  |TAMS 0x00000000a3800000, 0x00000000a3800000| Untracked 
| 569|0x00000000a3900000, 0x00000000a3900000, 0x00000000a3a00000|  0%| F|  |TAMS 0x00000000a3900000, 0x00000000a3900000| Untracked 
| 570|0x00000000a3a00000, 0x00000000a3a00000, 0x00000000a3b00000|  0%| F|  |TAMS 0x00000000a3a00000, 0x00000000a3a00000| Untracked 
| 571|0x00000000a3b00000, 0x00000000a3b00000, 0x00000000a3c00000|  0%| F|  |TAMS 0x00000000a3b00000, 0x00000000a3b00000| Untracked 
| 572|0x00000000a3c00000, 0x00000000a3c00000, 0x00000000a3d00000|  0%| F|  |TAMS 0x00000000a3c00000, 0x00000000a3c00000| Untracked 
| 573|0x00000000a3d00000, 0x00000000a3d00000, 0x00000000a3e00000|  0%| F|  |TAMS 0x00000000a3d00000, 0x00000000a3d00000| Untracked 
| 574|0x00000000a3e00000, 0x00000000a3e00000, 0x00000000a3f00000|  0%| F|  |TAMS 0x00000000a3e00000, 0x00000000a3e00000| Untracked 
| 575|0x00000000a3f00000, 0x00000000a3f00000, 0x00000000a4000000|  0%| F|  |TAMS 0x00000000a3f00000, 0x00000000a3f00000| Untracked 
| 576|0x00000000a4000000, 0x00000000a4000000, 0x00000000a4100000|  0%| F|  |TAMS 0x00000000a4000000, 0x00000000a4000000| Untracked 
| 577|0x00000000a4100000, 0x00000000a4100000, 0x00000000a4200000|  0%| F|  |TAMS 0x00000000a4100000, 0x00000000a4100000| Untracked 
| 578|0x00000000a4200000, 0x00000000a4200000, 0x00000000a4300000|  0%| F|  |TAMS 0x00000000a4200000, 0x00000000a4200000| Untracked 
| 579|0x00000000a4300000, 0x00000000a4300000, 0x00000000a4400000|  0%| F|  |TAMS 0x00000000a4300000, 0x00000000a4300000| Untracked 
| 580|0x00000000a4400000, 0x00000000a4400000, 0x00000000a4500000|  0%| F|  |TAMS 0x00000000a4400000, 0x00000000a4400000| Untracked 
| 581|0x00000000a4500000, 0x00000000a4500000, 0x00000000a4600000|  0%| F|  |TAMS 0x00000000a4500000, 0x00000000a4500000| Untracked 
| 582|0x00000000a4600000, 0x00000000a4600000, 0x00000000a4700000|  0%| F|  |TAMS 0x00000000a4600000, 0x00000000a4600000| Untracked 
| 583|0x00000000a4700000, 0x00000000a4700000, 0x00000000a4800000|  0%| F|  |TAMS 0x00000000a4700000, 0x00000000a4700000| Untracked 
| 584|0x00000000a4800000, 0x00000000a4800000, 0x00000000a4900000|  0%| F|  |TAMS 0x00000000a4800000, 0x00000000a4800000| Untracked 
| 585|0x00000000a4900000, 0x00000000a4900000, 0x00000000a4a00000|  0%| F|  |TAMS 0x00000000a4900000, 0x00000000a4900000| Untracked 
| 586|0x00000000a4a00000, 0x00000000a4a00000, 0x00000000a4b00000|  0%| F|  |TAMS 0x00000000a4a00000, 0x00000000a4a00000| Untracked 
| 587|0x00000000a4b00000, 0x00000000a4b00000, 0x00000000a4c00000|  0%| F|  |TAMS 0x00000000a4b00000, 0x00000000a4b00000| Untracked 
| 588|0x00000000a4c00000, 0x00000000a4c00000, 0x00000000a4d00000|  0%| F|  |TAMS 0x00000000a4c00000, 0x00000000a4c00000| Untracked 
| 589|0x00000000a4d00000, 0x00000000a4d00000, 0x00000000a4e00000|  0%| F|  |TAMS 0x00000000a4d00000, 0x00000000a4d00000| Untracked 
| 590|0x00000000a4e00000, 0x00000000a4e00000, 0x00000000a4f00000|  0%| F|  |TAMS 0x00000000a4e00000, 0x00000000a4e00000| Untracked 
| 591|0x00000000a4f00000, 0x00000000a4f00000, 0x00000000a5000000|  0%| F|  |TAMS 0x00000000a4f00000, 0x00000000a4f00000| Untracked 
| 592|0x00000000a5000000, 0x00000000a5000000, 0x00000000a5100000|  0%| F|  |TAMS 0x00000000a5000000, 0x00000000a5000000| Untracked 
| 593|0x00000000a5100000, 0x00000000a5100000, 0x00000000a5200000|  0%| F|  |TAMS 0x00000000a5100000, 0x00000000a5100000| Untracked 
| 594|0x00000000a5200000, 0x00000000a5200000, 0x00000000a5300000|  0%| F|  |TAMS 0x00000000a5200000, 0x00000000a5200000| Untracked 
| 595|0x00000000a5300000, 0x00000000a53ba8e8, 0x00000000a5400000| 72%| S|CS|TAMS 0x00000000a5300000, 0x00000000a5300000| Complete 
| 596|0x00000000a5400000, 0x00000000a5500000, 0x00000000a5500000|100%| S|CS|TAMS 0x00000000a5400000, 0x00000000a5400000| Complete 
| 597|0x00000000a5500000, 0x00000000a5600000, 0x00000000a5600000|100%| S|CS|TAMS 0x00000000a5500000, 0x00000000a5500000| Complete 
| 598|0x00000000a5600000, 0x00000000a5700000, 0x00000000a5700000|100%| S|CS|TAMS 0x00000000a5600000, 0x00000000a5600000| Complete 
| 599|0x00000000a5700000, 0x00000000a5800000, 0x00000000a5800000|100%| S|CS|TAMS 0x00000000a5700000, 0x00000000a5700000| Complete 
| 600|0x00000000a5800000, 0x00000000a5800000, 0x00000000a5900000|  0%| F|  |TAMS 0x00000000a5800000, 0x00000000a5800000| Untracked 
| 601|0x00000000a5900000, 0x00000000a5900000, 0x00000000a5a00000|  0%| F|  |TAMS 0x00000000a5900000, 0x00000000a5900000| Untracked 
| 602|0x00000000a5a00000, 0x00000000a5a00000, 0x00000000a5b00000|  0%| F|  |TAMS 0x00000000a5a00000, 0x00000000a5a00000| Untracked 
| 603|0x00000000a5b00000, 0x00000000a5b00000, 0x00000000a5c00000|  0%| F|  |TAMS 0x00000000a5b00000, 0x00000000a5b00000| Untracked 
| 604|0x00000000a5c00000, 0x00000000a5c00000, 0x00000000a5d00000|  0%| F|  |TAMS 0x00000000a5c00000, 0x00000000a5c00000| Untracked 
| 605|0x00000000a5d00000, 0x00000000a5d00000, 0x00000000a5e00000|  0%| F|  |TAMS 0x00000000a5d00000, 0x00000000a5d00000| Untracked 
| 606|0x00000000a5e00000, 0x00000000a5e00000, 0x00000000a5f00000|  0%| F|  |TAMS 0x00000000a5e00000, 0x00000000a5e00000| Untracked 
| 607|0x00000000a5f00000, 0x00000000a5f00000, 0x00000000a6000000|  0%| F|  |TAMS 0x00000000a5f00000, 0x00000000a5f00000| Untracked 
| 608|0x00000000a6000000, 0x00000000a6000000, 0x00000000a6100000|  0%| F|  |TAMS 0x00000000a6000000, 0x00000000a6000000| Untracked 
| 609|0x00000000a6100000, 0x00000000a6100000, 0x00000000a6200000|  0%| F|  |TAMS 0x00000000a6100000, 0x00000000a6100000| Untracked 
| 610|0x00000000a6200000, 0x00000000a6200000, 0x00000000a6300000|  0%| F|  |TAMS 0x00000000a6200000, 0x00000000a6200000| Untracked 
| 611|0x00000000a6300000, 0x00000000a6300000, 0x00000000a6400000|  0%| F|  |TAMS 0x00000000a6300000, 0x00000000a6300000| Untracked 
| 612|0x00000000a6400000, 0x00000000a6400000, 0x00000000a6500000|  0%| F|  |TAMS 0x00000000a6400000, 0x00000000a6400000| Untracked 
| 613|0x00000000a6500000, 0x00000000a6500000, 0x00000000a6600000|  0%| F|  |TAMS 0x00000000a6500000, 0x00000000a6500000| Untracked 
| 614|0x00000000a6600000, 0x00000000a6600000, 0x00000000a6700000|  0%| F|  |TAMS 0x00000000a6600000, 0x00000000a6600000| Untracked 
| 615|0x00000000a6700000, 0x00000000a6700000, 0x00000000a6800000|  0%| F|  |TAMS 0x00000000a6700000, 0x00000000a6700000| Untracked 
| 616|0x00000000a6800000, 0x00000000a6800000, 0x00000000a6900000|  0%| F|  |TAMS 0x00000000a6800000, 0x00000000a6800000| Untracked 
| 617|0x00000000a6900000, 0x00000000a6900000, 0x00000000a6a00000|  0%| F|  |TAMS 0x00000000a6900000, 0x00000000a6900000| Untracked 
| 618|0x00000000a6a00000, 0x00000000a6a00000, 0x00000000a6b00000|  0%| F|  |TAMS 0x00000000a6a00000, 0x00000000a6a00000| Untracked 
| 619|0x00000000a6b00000, 0x00000000a6b00000, 0x00000000a6c00000|  0%| F|  |TAMS 0x00000000a6b00000, 0x00000000a6b00000| Untracked 
| 620|0x00000000a6c00000, 0x00000000a6c00000, 0x00000000a6d00000|  0%| F|  |TAMS 0x00000000a6c00000, 0x00000000a6c00000| Untracked 
| 621|0x00000000a6d00000, 0x00000000a6d00000, 0x00000000a6e00000|  0%| F|  |TAMS 0x00000000a6d00000, 0x00000000a6d00000| Untracked 
| 622|0x00000000a6e00000, 0x00000000a6e00000, 0x00000000a6f00000|  0%| F|  |TAMS 0x00000000a6e00000, 0x00000000a6e00000| Untracked 
| 623|0x00000000a6f00000, 0x00000000a6f00000, 0x00000000a7000000|  0%| F|  |TAMS 0x00000000a6f00000, 0x00000000a6f00000| Untracked 
| 624|0x00000000a7000000, 0x00000000a7000000, 0x00000000a7100000|  0%| F|  |TAMS 0x00000000a7000000, 0x00000000a7000000| Untracked 
| 625|0x00000000a7100000, 0x00000000a7100000, 0x00000000a7200000|  0%| F|  |TAMS 0x00000000a7100000, 0x00000000a7100000| Untracked 
| 626|0x00000000a7200000, 0x00000000a7200000, 0x00000000a7300000|  0%| F|  |TAMS 0x00000000a7200000, 0x00000000a7200000| Untracked 
| 627|0x00000000a7300000, 0x00000000a7300000, 0x00000000a7400000|  0%| F|  |TAMS 0x00000000a7300000, 0x00000000a7300000| Untracked 
| 628|0x00000000a7400000, 0x00000000a7400000, 0x00000000a7500000|  0%| F|  |TAMS 0x00000000a7400000, 0x00000000a7400000| Untracked 
| 629|0x00000000a7500000, 0x00000000a7500000, 0x00000000a7600000|  0%| F|  |TAMS 0x00000000a7500000, 0x00000000a7500000| Untracked 
| 630|0x00000000a7600000, 0x00000000a7600000, 0x00000000a7700000|  0%| F|  |TAMS 0x00000000a7600000, 0x00000000a7600000| Untracked 
| 631|0x00000000a7700000, 0x00000000a7700000, 0x00000000a7800000|  0%| F|  |TAMS 0x00000000a7700000, 0x00000000a7700000| Untracked 
| 632|0x00000000a7800000, 0x00000000a7800000, 0x00000000a7900000|  0%| F|  |TAMS 0x00000000a7800000, 0x00000000a7800000| Untracked 
| 633|0x00000000a7900000, 0x00000000a7900000, 0x00000000a7a00000|  0%| F|  |TAMS 0x00000000a7900000, 0x00000000a7900000| Untracked 
| 634|0x00000000a7a00000, 0x00000000a7a00000, 0x00000000a7b00000|  0%| F|  |TAMS 0x00000000a7a00000, 0x00000000a7a00000| Untracked 
| 635|0x00000000a7b00000, 0x00000000a7b00000, 0x00000000a7c00000|  0%| F|  |TAMS 0x00000000a7b00000, 0x00000000a7b00000| Untracked 
| 636|0x00000000a7c00000, 0x00000000a7c00000, 0x00000000a7d00000|  0%| F|  |TAMS 0x00000000a7c00000, 0x00000000a7c00000| Untracked 
| 637|0x00000000a7d00000, 0x00000000a7d00000, 0x00000000a7e00000|  0%| F|  |TAMS 0x00000000a7d00000, 0x00000000a7d00000| Untracked 
| 638|0x00000000a7e00000, 0x00000000a7e00000, 0x00000000a7f00000|  0%| F|  |TAMS 0x00000000a7e00000, 0x00000000a7e00000| Untracked 
| 639|0x00000000a7f00000, 0x00000000a7f00000, 0x00000000a8000000|  0%| F|  |TAMS 0x00000000a7f00000, 0x00000000a7f00000| Untracked 
| 640|0x00000000a8000000, 0x00000000a8000000, 0x00000000a8100000|  0%| F|  |TAMS 0x00000000a8000000, 0x00000000a8000000| Untracked 
| 641|0x00000000a8100000, 0x00000000a8100000, 0x00000000a8200000|  0%| F|  |TAMS 0x00000000a8100000, 0x00000000a8100000| Untracked 
| 642|0x00000000a8200000, 0x00000000a8200000, 0x00000000a8300000|  0%| F|  |TAMS 0x00000000a8200000, 0x00000000a8200000| Untracked 
| 643|0x00000000a8300000, 0x00000000a8300000, 0x00000000a8400000|  0%| F|  |TAMS 0x00000000a8300000, 0x00000000a8300000| Untracked 
| 644|0x00000000a8400000, 0x00000000a8400000, 0x00000000a8500000|  0%| F|  |TAMS 0x00000000a8400000, 0x00000000a8400000| Untracked 
| 645|0x00000000a8500000, 0x00000000a8500000, 0x00000000a8600000|  0%| F|  |TAMS 0x00000000a8500000, 0x00000000a8500000| Untracked 
| 646|0x00000000a8600000, 0x00000000a8600000, 0x00000000a8700000|  0%| F|  |TAMS 0x00000000a8600000, 0x00000000a8600000| Untracked 
| 647|0x00000000a8700000, 0x00000000a8700000, 0x00000000a8800000|  0%| F|  |TAMS 0x00000000a8700000, 0x00000000a8700000| Untracked 
| 648|0x00000000a8800000, 0x00000000a8800000, 0x00000000a8900000|  0%| F|  |TAMS 0x00000000a8800000, 0x00000000a8800000| Untracked 
| 649|0x00000000a8900000, 0x00000000a8900000, 0x00000000a8a00000|  0%| F|  |TAMS 0x00000000a8900000, 0x00000000a8900000| Untracked 
| 650|0x00000000a8a00000, 0x00000000a8a00000, 0x00000000a8b00000|  0%| F|  |TAMS 0x00000000a8a00000, 0x00000000a8a00000| Untracked 
| 651|0x00000000a8b00000, 0x00000000a8b00000, 0x00000000a8c00000|  0%| F|  |TAMS 0x00000000a8b00000, 0x00000000a8b00000| Untracked 
| 652|0x00000000a8c00000, 0x00000000a8c00000, 0x00000000a8d00000|  0%| F|  |TAMS 0x00000000a8c00000, 0x00000000a8c00000| Untracked 
| 653|0x00000000a8d00000, 0x00000000a8d00000, 0x00000000a8e00000|  0%| F|  |TAMS 0x00000000a8d00000, 0x00000000a8d00000| Untracked 
| 654|0x00000000a8e00000, 0x00000000a8e00000, 0x00000000a8f00000|  0%| F|  |TAMS 0x00000000a8e00000, 0x00000000a8e00000| Untracked 
| 655|0x00000000a8f00000, 0x00000000a8f00000, 0x00000000a9000000|  0%| F|  |TAMS 0x00000000a8f00000, 0x00000000a8f00000| Untracked 
| 656|0x00000000a9000000, 0x00000000a9000000, 0x00000000a9100000|  0%| F|  |TAMS 0x00000000a9000000, 0x00000000a9000000| Untracked 
| 657|0x00000000a9100000, 0x00000000a9100000, 0x00000000a9200000|  0%| F|  |TAMS 0x00000000a9100000, 0x00000000a9100000| Untracked 
| 658|0x00000000a9200000, 0x00000000a9200000, 0x00000000a9300000|  0%| F|  |TAMS 0x00000000a9200000, 0x00000000a9200000| Untracked 
| 659|0x00000000a9300000, 0x00000000a9300000, 0x00000000a9400000|  0%| F|  |TAMS 0x00000000a9300000, 0x00000000a9300000| Untracked 
| 660|0x00000000a9400000, 0x00000000a9400000, 0x00000000a9500000|  0%| F|  |TAMS 0x00000000a9400000, 0x00000000a9400000| Untracked 
| 661|0x00000000a9500000, 0x00000000a9500000, 0x00000000a9600000|  0%| F|  |TAMS 0x00000000a9500000, 0x00000000a9500000| Untracked 
| 662|0x00000000a9600000, 0x00000000a9600000, 0x00000000a9700000|  0%| F|  |TAMS 0x00000000a9600000, 0x00000000a9600000| Untracked 
| 663|0x00000000a9700000, 0x00000000a9700000, 0x00000000a9800000|  0%| F|  |TAMS 0x00000000a9700000, 0x00000000a9700000| Untracked 
| 664|0x00000000a9800000, 0x00000000a9800000, 0x00000000a9900000|  0%| F|  |TAMS 0x00000000a9800000, 0x00000000a9800000| Untracked 
| 665|0x00000000a9900000, 0x00000000a9900000, 0x00000000a9a00000|  0%| F|  |TAMS 0x00000000a9900000, 0x00000000a9900000| Untracked 
| 666|0x00000000a9a00000, 0x00000000a9a00000, 0x00000000a9b00000|  0%| F|  |TAMS 0x00000000a9a00000, 0x00000000a9a00000| Untracked 
| 667|0x00000000a9b00000, 0x00000000a9b00000, 0x00000000a9c00000|  0%| F|  |TAMS 0x00000000a9b00000, 0x00000000a9b00000| Untracked 
| 668|0x00000000a9c00000, 0x00000000a9c00000, 0x00000000a9d00000|  0%| F|  |TAMS 0x00000000a9c00000, 0x00000000a9c00000| Untracked 
| 669|0x00000000a9d00000, 0x00000000a9d00000, 0x00000000a9e00000|  0%| F|  |TAMS 0x00000000a9d00000, 0x00000000a9d00000| Untracked 
| 670|0x00000000a9e00000, 0x00000000a9e00000, 0x00000000a9f00000|  0%| F|  |TAMS 0x00000000a9e00000, 0x00000000a9e00000| Untracked 
| 671|0x00000000a9f00000, 0x00000000a9f00000, 0x00000000aa000000|  0%| F|  |TAMS 0x00000000a9f00000, 0x00000000a9f00000| Untracked 
| 672|0x00000000aa000000, 0x00000000aa000000, 0x00000000aa100000|  0%| F|  |TAMS 0x00000000aa000000, 0x00000000aa000000| Untracked 
| 673|0x00000000aa100000, 0x00000000aa100000, 0x00000000aa200000|  0%| F|  |TAMS 0x00000000aa100000, 0x00000000aa100000| Untracked 
| 674|0x00000000aa200000, 0x00000000aa200000, 0x00000000aa300000|  0%| F|  |TAMS 0x00000000aa200000, 0x00000000aa200000| Untracked 
| 675|0x00000000aa300000, 0x00000000aa300000, 0x00000000aa400000|  0%| F|  |TAMS 0x00000000aa300000, 0x00000000aa300000| Untracked 
| 676|0x00000000aa400000, 0x00000000aa400000, 0x00000000aa500000|  0%| F|  |TAMS 0x00000000aa400000, 0x00000000aa400000| Untracked 
| 677|0x00000000aa500000, 0x00000000aa500000, 0x00000000aa600000|  0%| F|  |TAMS 0x00000000aa500000, 0x00000000aa500000| Untracked 

Card table byte_map: [0x0000028c93a80000,0x0000028c93e80000] _byte_map_base: 0x0000028c93680000

Marking Bits (Prev, Next): (CMBitMap*) 0x0000028cfe46e808, (CMBitMap*) 0x0000028cfe46e840
 Prev Bits: [0x0000028c94280000, 0x0000028c96280000)
 Next Bits: [0x0000028c96280000, 0x0000028c98280000)

Polling page: 0x0000028c80000000

Metaspace:

Usage:
  Non-class:     92.25 MB capacity,    90.51 MB ( 98%) used,     1.38 MB (  1%) free+waste,   368.06 KB ( <1%) overhead. 
      Class:     14.92 MB capacity,    13.69 MB ( 92%) used,     1.07 MB (  7%) free+waste,   166.81 KB (  1%) overhead. 
       Both:    107.17 MB capacity,   104.20 MB ( 97%) used,     2.45 MB (  2%) free+waste,   534.88 KB ( <1%) overhead. 

Virtual space:
  Non-class space:       94.00 MB reserved,      92.50 MB ( 98%) committed 
      Class space:        1.00 GB reserved,      15.02 MB (  1%) committed 
             Both:        1.09 GB reserved,     107.52 MB ( 10%) committed 

Chunk freelists:
   Non-Class:  64.00 KB
       Class:  35.00 KB
        Both:  99.00 KB

MaxMetaspaceSize: 17179869184.00 GB
CompressedClassSpaceSize: 1.00 GB
Initial GC threshold: 20.80 MB
Current GC threshold: 178.79 MB
CDS: off

CodeHeap 'non-profiled nmethods': size=120000Kb used=12281Kb max_used=12281Kb free=107718Kb
 bounds [0x0000028c8be20000, 0x0000028c8ca20000, 0x0000028c93350000]
CodeHeap 'profiled nmethods': size=120000Kb used=31710Kb max_used=32073Kb free=88289Kb
 bounds [0x0000028c848f0000, 0x0000028c86850000, 0x0000028c8be20000]
CodeHeap 'non-nmethods': size=5760Kb used=2420Kb max_used=2474Kb free=3339Kb
 bounds [0x0000028c84350000, 0x0000028c845c0000, 0x0000028c848f0000]
 total_blobs=15740 nmethods=14790 adapters=862
 compilation: enabled
              stopped_count=0, restarted_count=0
 full_count=0

Compilation events (20 events):
Event: 27.136 Thread 0x0000028c9b59a800 15697       1       com.android.tools.r8.graph.p0::q1 (5 bytes)
Event: 27.136 Thread 0x0000028c9b59a800 nmethod 15697 0x0000028c8ca1b190 code [0x0000028c8ca1b340, 0x0000028c8ca1b3f8]
Event: 27.152 Thread 0x0000028c9b597800 nmethod 15621 0x0000028c8ca1b490 code [0x0000028c8ca1b6c0, 0x0000028c8ca1d950]
Event: 27.152 Thread 0x0000028c9b597800 15692       4       com.android.tools.r8.graph.A3$$Lambda$1708/0x0000000100d04040::apply (12 bytes)
Event: 27.156 Thread 0x0000028c9b59a800 15700   !   3       java.util.Map::forEach (81 bytes)
Event: 27.156 Thread 0x0000028c9b59a800 nmethod 15700 0x0000028c84a05710 code [0x0000028c84a05980, 0x0000028c84a063c8]
Event: 27.175 Thread 0x0000028c9b59a800 15703       1       com.android.tools.r8.graph.n0::b (5 bytes)
Event: 27.176 Thread 0x0000028c9b59a800 nmethod 15703 0x0000028c8ca1e310 code [0x0000028c8ca1e4c0, 0x0000028c8ca1e558]
Event: 27.182 Thread 0x0000028c9b59a800 15704       2       com.android.tools.r8.internal.SF::d (5 bytes)
Event: 27.182 Thread 0x0000028c9b59a800 nmethod 15704 0x0000028c84a05390 code [0x0000028c84a05540, 0x0000028c84a05678]
Event: 27.182 Thread 0x0000028c9b59a800 15705       2       com.android.tools.r8.internal.c5::put (43 bytes)
Event: 27.182 Thread 0x0000028c9b59a800 nmethod 15705 0x0000028c84a04e10 code [0x0000028c84a05000, 0x0000028c84a05238]
Event: 27.200 Thread 0x0000028c9b59a800 15707       2       com.android.tools.r8.graph.p0::b1 (9 bytes)
Event: 27.200 Thread 0x0000028c9b59a800 nmethod 15707 0x0000028c84a04a90 code [0x0000028c84a04c40, 0x0000028c84a04d38]
Event: 27.201 Thread 0x0000028c9b59a800 15708       2       com.android.tools.r8.graph.p0::A1 (24 bytes)
Event: 27.201 Thread 0x0000028c9b59a800 nmethod 15708 0x0000028c84a04610 code [0x0000028c84a047c0, 0x0000028c84a04978]
Event: 27.201 Thread 0x0000028c9b59a800 15709       2       com.android.tools.r8.graph.p0::E1 (12 bytes)
Event: 27.201 Thread 0x0000028c9b59a800 nmethod 15709 0x0000028c84a04290 code [0x0000028c84a04440, 0x0000028c84a04558]
Event: 27.201 Thread 0x0000028c9b59a800 15710       2       com.android.tools.r8.graph.p0::L1 (30 bytes)
Event: 27.202 Thread 0x0000028c9b59a800 nmethod 15710 0x0000028c84a03e90 code [0x0000028c84a04040, 0x0000028c84a041b8]

GC Heap History (20 events):
Event: 23.381 GC heap after
{Heap after GC invocations=38 (full 0):
 garbage-first heap   total 352256K, used 255497K [0x0000000080000000, 0x0000000100000000)
  region size 1024K, 6 young (6144K), 6 survivors (6144K)
 Metaspace       used 101059K, capacity 103798K, committed 104216K, reserved 1138688K
  class space    used 13117K, capacity 14230K, committed 14360K, reserved 1048576K
}
Event: 23.510 GC heap before
{Heap before GC invocations=39 (full 0):
 garbage-first heap   total 352256K, used 278025K [0x0000000080000000, 0x0000000100000000)
  region size 1024K, 28 young (28672K), 6 survivors (6144K)
 Metaspace       used 101060K, capacity 103798K, committed 104216K, reserved 1138688K
  class space    used 13117K, capacity 14230K, committed 14360K, reserved 1048576K
}
Event: 23.533 GC heap after
{Heap after GC invocations=40 (full 0):
 garbage-first heap   total 352256K, used 266569K [0x0000000080000000, 0x0000000100000000)
  region size 1024K, 5 young (5120K), 5 survivors (5120K)
 Metaspace       used 101060K, capacity 103798K, committed 104216K, reserved 1138688K
  class space    used 13117K, capacity 14230K, committed 14360K, reserved 1048576K
}
Event: 23.753 GC heap before
{Heap before GC invocations=40 (full 0):
 garbage-first heap   total 352256K, used 295241K [0x0000000080000000, 0x0000000100000000)
  region size 1024K, 29 young (29696K), 5 survivors (5120K)
 Metaspace       used 101546K, capacity 104332K, committed 104600K, reserved 1138688K
  class space    used 13209K, capacity 14354K, committed 14488K, reserved 1048576K
}
Event: 23.780 GC heap after
{Heap after GC invocations=41 (full 0):
 garbage-first heap   total 466944K, used 279039K [0x0000000080000000, 0x0000000100000000)
  region size 1024K, 4 young (4096K), 4 survivors (4096K)
 Metaspace       used 101546K, capacity 104332K, committed 104600K, reserved 1138688K
  class space    used 13209K, capacity 14354K, committed 14488K, reserved 1048576K
}
Event: 24.274 GC heap before
{Heap before GC invocations=42 (full 0):
 garbage-first heap   total 466944K, used 328191K [0x0000000080000000, 0x0000000100000000)
  region size 1024K, 54 young (55296K), 4 survivors (4096K)
 Metaspace       used 103489K, capacity 106329K, committed 106520K, reserved 1140736K
  class space    used 13617K, capacity 14790K, committed 14872K, reserved 1048576K
}
Event: 24.305 GC heap after
{Heap after GC invocations=43 (full 0):
 garbage-first heap   total 466944K, used 296152K [0x0000000080000000, 0x0000000100000000)
  region size 1024K, 7 young (7168K), 7 survivors (7168K)
 Metaspace       used 103489K, capacity 106329K, committed 106520K, reserved 1140736K
  class space    used 13617K, capacity 14790K, committed 14872K, reserved 1048576K
}
Event: 24.455 GC heap before
{Heap before GC invocations=43 (full 0):
 garbage-first heap   total 466944K, used 351448K [0x0000000080000000, 0x0000000100000000)
  region size 1024K, 61 young (62464K), 7 survivors (7168K)
 Metaspace       used 103535K, capacity 106399K, committed 106520K, reserved 1140736K
  class space    used 13617K, capacity 14790K, committed 14872K, reserved 1048576K
}
Event: 24.490 GC heap after
{Heap after GC invocations=44 (full 0):
 garbage-first heap   total 466944K, used 326593K [0x0000000080000000, 0x0000000100000000)
  region size 1024K, 8 young (8192K), 8 survivors (8192K)
 Metaspace       used 103535K, capacity 106399K, committed 106520K, reserved 1140736K
  class space    used 13617K, capacity 14790K, committed 14872K, reserved 1048576K
}
Event: 24.656 GC heap before
{Heap before GC invocations=44 (full 0):
 garbage-first heap   total 466944K, used 367553K [0x0000000080000000, 0x0000000100000000)
  region size 1024K, 49 young (50176K), 8 survivors (8192K)
 Metaspace       used 103543K, capacity 106400K, committed 106520K, reserved 1140736K
  class space    used 13617K, capacity 14790K, committed 14872K, reserved 1048576K
}
Event: 24.683 GC heap after
{Heap after GC invocations=45 (full 0):
 garbage-first heap   total 466944K, used 351743K [0x0000000080000000, 0x0000000100000000)
  region size 1024K, 7 young (7168K), 7 survivors (7168K)
 Metaspace       used 103543K, capacity 106400K, committed 106520K, reserved 1140736K
  class space    used 13617K, capacity 14790K, committed 14872K, reserved 1048576K
}
Event: 24.843 GC heap before
{Heap before GC invocations=45 (full 0):
 garbage-first heap   total 466944K, used 381439K [0x0000000080000000, 0x0000000100000000)
  region size 1024K, 36 young (36864K), 7 survivors (7168K)
 Metaspace       used 103577K, capacity 106464K, committed 106776K, reserved 1140736K
  class space    used 13617K, capacity 14790K, committed 14872K, reserved 1048576K
}
Event: 24.875 GC heap after
{Heap after GC invocations=46 (full 0):
 garbage-first heap   total 694272K, used 369663K [0x0000000080000000, 0x0000000100000000)
  region size 1024K, 5 young (5120K), 5 survivors (5120K)
 Metaspace       used 103577K, capacity 106464K, committed 106776K, reserved 1140736K
  class space    used 13617K, capacity 14790K, committed 14872K, reserved 1048576K
}
Event: 25.185 GC heap before
{Heap before GC invocations=46 (full 0):
 garbage-first heap   total 694272K, used 444415K [0x0000000080000000, 0x0000000100000000)
  region size 1024K, 81 young (82944K), 5 survivors (5120K)
 Metaspace       used 103514K, capacity 106362K, committed 106776K, reserved 1140736K
  class space    used 13594K, capacity 14748K, committed 14872K, reserved 1048576K
}
Event: 25.233 GC heap after
{Heap after GC invocations=47 (full 0):
 garbage-first heap   total 694272K, used 410568K [0x0000000080000000, 0x0000000100000000)
  region size 1024K, 11 young (11264K), 11 survivors (11264K)
 Metaspace       used 103514K, capacity 106362K, committed 106776K, reserved 1140736K
  class space    used 13594K, capacity 14748K, committed 14872K, reserved 1048576K
}
Event: 25.481 GC heap before
{Heap before GC invocations=48 (full 0):
 garbage-first heap   total 694272K, used 496584K [0x0000000080000000, 0x0000000100000000)
  region size 1024K, 94 young (96256K), 11 survivors (11264K)
 Metaspace       used 103516K, capacity 106362K, committed 106776K, reserved 1140736K
  class space    used 13594K, capacity 14748K, committed 14872K, reserved 1048576K
}
Event: 25.532 GC heap after
{Heap after GC invocations=49 (full 0):
 garbage-first heap   total 694272K, used 458751K [0x0000000080000000, 0x0000000100000000)
  region size 1024K, 12 young (12288K), 12 survivors (12288K)
 Metaspace       used 103516K, capacity 106362K, committed 106776K, reserved 1140736K
  class space    used 13594K, capacity 14748K, committed 14872K, reserved 1048576K
}
Event: 26.205 GC heap before
{Heap before GC invocations=49 (full 0):
 garbage-first heap   total 694272K, used 527359K [0x0000000080000000, 0x0000000100000000)
  region size 1024K, 80 young (81920K), 12 survivors (12288K)
 Metaspace       used 105866K, capacity 108813K, committed 109080K, reserved 1142784K
  class space    used 13911K, capacity 15111K, committed 15128K, reserved 1048576K
}
Event: 26.238 GC heap after
{Heap after GC invocations=50 (full 0):
 garbage-first heap   total 694272K, used 470527K [0x0000000080000000, 0x0000000100000000)
  region size 1024K, 10 young (10240K), 10 survivors (10240K)
 Metaspace       used 105866K, capacity 108813K, committed 109080K, reserved 1142784K
  class space    used 13911K, capacity 15111K, committed 15128K, reserved 1048576K
}
Event: 27.204 GC heap before
{Heap before GC invocations=50 (full 0):
 garbage-first heap   total 694272K, used 511487K [0x0000000080000000, 0x0000000100000000)
  region size 1024K, 78 young (79872K), 10 survivors (10240K)
 Metaspace       used 106703K, capacity 109746K, committed 110104K, reserved 1144832K
  class space    used 14019K, capacity 15282K, committed 15384K, reserved 1048576K
}

Deoptimization events (20 events):
Event: 26.872 Thread 0x0000028ca212d000 Uncommon trap: trap_request=0xffffffde fr.pc=0x0000028c8bf75a48 relative=0x0000000000000088
Event: 26.872 Thread 0x0000028ca212d000 Uncommon trap: reason=class_check action=maybe_recompile pc=0x0000028c8bf75a48 method=com.android.tools.r8.graph.P2.b(Ljava/util/function/Predicate;Ljava/util/function/Consumer;Lcom/android/tools/r8/graph/p0;)V @ 2 c2
Event: 26.872 Thread 0x0000028ca212d000 DEOPT PACKING pc=0x0000028c8bf75a48 sp=0x000000dcb72fcd00
Event: 26.872 Thread 0x0000028ca212d000 DEOPT UNPACKING pc=0x0000028c8439a1af sp=0x000000dcb72fcc28 mode 2
Event: 27.049 Thread 0x0000028ca212d000 DEOPT PACKING pc=0x0000028c866d9a77 sp=0x000000dcb72fd2c0
Event: 27.049 Thread 0x0000028ca212d000 DEOPT UNPACKING pc=0x0000028c8439a95e sp=0x000000dcb72fc7c0 mode 0
Event: 27.050 Thread 0x0000028ca212d000 DEOPT PACKING pc=0x0000028c866d9a98 sp=0x000000dcb72fd2c0
Event: 27.050 Thread 0x0000028ca212d000 DEOPT UNPACKING pc=0x0000028c8439a95e sp=0x000000dcb72fc7c0 mode 0
Event: 27.052 Thread 0x0000028ca212d000 DEOPT PACKING pc=0x0000028c866d9a77 sp=0x000000dcb72fd2c0
Event: 27.052 Thread 0x0000028ca212d000 DEOPT UNPACKING pc=0x0000028c8439a95e sp=0x000000dcb72fc7c0 mode 0
Event: 27.055 Thread 0x0000028ca212d000 DEOPT PACKING pc=0x0000028c866d9a98 sp=0x000000dcb72fd2c0
Event: 27.055 Thread 0x0000028ca212d000 DEOPT UNPACKING pc=0x0000028c8439a95e sp=0x000000dcb72fc7c0 mode 0
Event: 27.059 Thread 0x0000028ca212d000 DEOPT PACKING pc=0x0000028c866d9a77 sp=0x000000dcb72fd2c0
Event: 27.059 Thread 0x0000028ca212d000 DEOPT UNPACKING pc=0x0000028c8439a95e sp=0x000000dcb72fc7c0 mode 0
Event: 27.067 Thread 0x0000028ca212d000 Uncommon trap: trap_request=0xffffff4d fr.pc=0x0000028c8bfa7014 relative=0x0000000000000154
Event: 27.067 Thread 0x0000028ca212d000 Uncommon trap: reason=unstable_if action=reinterpret pc=0x0000028c8bfa7014 method=java.util.IdentityHashMap.maskNull(Ljava/lang/Object;)Ljava/lang/Object; @ 1 c2
Event: 27.067 Thread 0x0000028ca212d000 DEOPT PACKING pc=0x0000028c8bfa7014 sp=0x000000dcb72fc9c0
Event: 27.067 Thread 0x0000028ca212d000 DEOPT UNPACKING pc=0x0000028c8439a1af sp=0x000000dcb72fc8e8 mode 2
Event: 27.071 Thread 0x0000028ca212d000 DEOPT PACKING pc=0x0000028c8493782f sp=0x000000dcb72fd560
Event: 27.071 Thread 0x0000028ca212d000 DEOPT UNPACKING pc=0x0000028c8439a95e sp=0x000000dcb72fcad8 mode 0

Classes redefined (0 events):
No events

Internal exceptions (20 events):
Event: 22.490 Thread 0x0000028ca49c5000 Exception <a 'java/lang/NoSuchMethodError'{0x000000008ec1e168}: 'java.lang.Object java.lang.invoke.DirectMethodHandle$Holder.invokeStatic(java.lang.Object, long)'> (0x000000008ec1e168) thrown at [src/hotspot/share/interpreter/linkResolver.cpp, line 773]
Event: 22.491 Thread 0x0000028ca49c5000 Exception <a 'java/lang/NoSuchMethodError'{0x000000008ec21738}: 'java.lang.Object java.lang.invoke.DirectMethodHandle$Holder.invokeSpecial(java.lang.Object, java.lang.Object, long)'> (0x000000008ec21738) thrown at [src/hotspot/share/interpreter/linkResolver.cpp, line 773]
Event: 22.493 Thread 0x0000028ca49c5000 Exception <a 'java/lang/NoSuchMethodError'{0x000000008ec61140}: 'java.lang.Object java.lang.invoke.DirectMethodHandle$Holder.invokeStaticInit(java.lang.Object, java.lang.Object, long, java.lang.Object)'> (0x000000008ec61140) thrown at [src/hotspot/share/interpreter/linkResolver.cpp, line 773]
Event: 22.624 Thread 0x0000028ca49c5000 Exception <a 'java/lang/NoSuchMethodError'{0x000000008d643dc0}: 'int java.lang.invoke.DirectMethodHandle$Holder.invokeSpecialIFC(java.lang.Object, java.lang.Object, java.lang.Object)'> (0x000000008d643dc0) thrown at [src/hotspot/share/interpreter/linkResolver.cpp, line 773]
Event: 22.672 Thread 0x0000028ca212d000 Exception <a 'java/lang/NoSuchMethodError'{0x000000008cfaefd8}: 'java.lang.Object java.lang.invoke.DirectMethodHandle$Holder.invokeStaticInit(java.lang.Object, java.lang.Object, java.lang.Object, java.lang.Object, java.lang.Object, java.lang.Object, java.lang.Object, java.lang.Object, java.lang.Object, java.lang.Object, java.lang.Object, java.lang.Object, java.lang.Object, java.lang.Object, java.lang.Object, java.lang.Object, java.lang.Object, java.lang.Object, java.lang.Object, int, java.lang.Object, java
Event: 23.745 Thread 0x0000028ca2136000 Exception <a 'java/lang/IncompatibleClassChangeError'{0x0000000091faaaa8}: Found class java.lang.Object, but interface was expected> (0x0000000091faaaa8) thrown at [src/hotspot/share/interpreter/linkResolver.cpp, line 839]
Event: 23.753 Thread 0x0000028ca2136000 Exception <a 'java/lang/IncompatibleClassChangeError'{0x0000000091ef3188}: Found class java.lang.Object, but interface was expected> (0x0000000091ef3188) thrown at [src/hotspot/share/interpreter/linkResolver.cpp, line 839]
Event: 23.753 Thread 0x0000028ca2132000 Exception <a 'java/lang/IncompatibleClassChangeError'{0x0000000091e60018}: Found class java.lang.Object, but interface was expected> (0x0000000091e60018) thrown at [src/hotspot/share/interpreter/linkResolver.cpp, line 839]
Event: 23.781 Thread 0x0000028ca2136000 Exception <a 'java/lang/IncompatibleClassChangeError'{0x000000009c724178}: Found class java.lang.Object, but interface was expected> (0x000000009c724178) thrown at [src/hotspot/share/interpreter/linkResolver.cpp, line 839]
Event: 25.789 Thread 0x0000028ca212d000 Exception <a 'java/lang/NoSuchMethodError'{0x00000000a8550a78}: 'void java.lang.invoke.DirectMethodHandle$Holder.invokeStatic(java.lang.Object, java.lang.Object, java.lang.Object, int)'> (0x00000000a8550a78) thrown at [src/hotspot/share/interpreter/linkResolver.cpp, line 773]
Event: 25.792 Thread 0x0000028ca212d000 Exception <a 'java/lang/IncompatibleClassChangeError'{0x00000000a8559f80}: Found class java.lang.Object, but interface was expected> (0x00000000a8559f80) thrown at [src/hotspot/share/interpreter/linkResolver.cpp, line 839]
Event: 26.624 Thread 0x0000028ca212d000 Implicit null exception at 0x0000028c8be5d933 to 0x0000028c8be5e824
Event: 26.671 Thread 0x0000028ca212d000 Implicit null exception at 0x0000028c8c96a522 to 0x0000028c8c96ae70
Event: 26.773 Thread 0x0000028ca212d000 Exception <a 'java/lang/IncompatibleClassChangeError'{0x00000000a7abf028}: Found class java.lang.Object, but interface was expected> (0x00000000a7abf028) thrown at [src/hotspot/share/interpreter/linkResolver.cpp, line 839]
Event: 26.801 Thread 0x0000028ca212d000 Exception <a 'java/lang/NoSuchMethodError'{0x00000000a79c5858}: 'long java.lang.invoke.DirectMethodHandle$Holder.invokeStatic(java.lang.Object, java.lang.Object)'> (0x00000000a79c5858) thrown at [src/hotspot/share/interpreter/linkResolver.cpp, line 773]
Event: 26.821 Thread 0x0000028ca212d000 Exception <a 'java/lang/NoSuchMethodError'{0x00000000a79fd3f0}: 'java.lang.Object java.lang.invoke.Invokers$Holder.linkToTargetMethod(java.lang.Object, int, java.lang.Object, java.lang.Object, java.lang.Object, java.lang.Object)'> (0x00000000a79fd3f0) thrown at [src/hotspot/share/interpreter/linkResolver.cpp, line 773]
Event: 26.822 Thread 0x0000028ca212d000 Exception <a 'java/lang/NoSuchMethodError'{0x00000000a78082e8}: 'java.lang.Object java.lang.invoke.DirectMethodHandle$Holder.invokeStatic(java.lang.Object, int, java.lang.Object, java.lang.Object)'> (0x00000000a78082e8) thrown at [src/hotspot/share/interpreter/linkResolver.cpp, line 773]
Event: 26.823 Thread 0x0000028ca212d000 Exception <a 'java/lang/NoSuchMethodError'{0x00000000a780be28}: 'java.lang.Object java.lang.invoke.DirectMethodHandle$Holder.invokeSpecial(java.lang.Object, java.lang.Object, int, java.lang.Object, java.lang.Object)'> (0x00000000a780be28) thrown at [src/hotspot/share/interpreter/linkResolver.cpp, line 773]
Event: 27.024 Thread 0x0000028ca212d000 Exception <a 'java/lang/NoSuchMethodError'{0x00000000a7278e98}: 'void java.lang.invoke.DirectMethodHandle$Holder.invokeStatic(java.lang.Object, java.lang.Object, java.lang.Object, java.lang.Object, java.lang.Object, java.lang.Object, java.lang.Object, java.lang.Object)'> (0x00000000a7278e98) thrown at [src/hotspot/share/interpreter/linkResolver.cpp, line 773]
Event: 27.067 Thread 0x0000028ca212d000 Implicit null exception at 0x0000028c8bfa6eef to 0x0000028c8bfa7000

Events (20 events):
Event: 27.065 loading class com/android/tools/r8/graph/A3 done
Event: 27.066 loading class com/android/tools/r8/graph/K
Event: 27.066 loading class com/android/tools/r8/graph/K done
Event: 27.066 loading class com/android/tools/r8/graph/a1
Event: 27.066 loading class com/android/tools/r8/graph/a1 done
Event: 27.066 loading class com/android/tools/r8/graph/A3
Event: 27.066 loading class com/android/tools/r8/graph/A3 done
Event: 27.066 loading class com/android/tools/r8/graph/p0
Event: 27.066 loading class com/android/tools/r8/graph/p0 done
Event: 27.066 loading class com/android/tools/r8/graph/p0
Event: 27.066 loading class com/android/tools/r8/graph/p0 done
Event: 27.066 loading class com/android/tools/r8/graph/A3
Event: 27.066 loading class com/android/tools/r8/graph/A3 done
Event: 27.074 loading class com/android/tools/r8/graph/R2
Event: 27.074 loading class com/android/tools/r8/graph/R2 done
Event: 27.074 loading class com/android/tools/r8/graph/Y0
Event: 27.074 loading class com/android/tools/r8/graph/Y0 done
Event: 27.074 loading class com/android/tools/r8/graph/R2
Event: 27.074 loading class com/android/tools/r8/graph/R2 done
Event: 27.203 Executing VM operation: G1CollectForAllocation


Dynamic libraries:
0x00007ff7a6a30000 - 0x00007ff7a6a3a000 	C:\Program Files\Android\Android Studio\jbr\bin\java.exe
0x00007ffdb1410000 - 0x00007ffdb1627000 	C:\WINDOWS\SYSTEM32\ntdll.dll
0x00007ffdaff20000 - 0x00007ffdaffe4000 	C:\WINDOWS\System32\KERNEL32.DLL
0x00007ffdae830000 - 0x00007ffdaebe9000 	C:\WINDOWS\System32\KERNELBASE.dll
0x00007ffdaeeb0000 - 0x00007ffdaefc1000 	C:\WINDOWS\System32\ucrtbase.dll
0x00007ffd8e4a0000 - 0x00007ffd8e4b7000 	C:\Program Files\Android\Android Studio\jbr\bin\jli.dll
0x00007ffd9ccf0000 - 0x00007ffd9cd0b000 	C:\Program Files\Android\Android Studio\jbr\bin\VCRUNTIME140.dll
0x00007ffdaf660000 - 0x00007ffdaf80e000 	C:\WINDOWS\System32\USER32.dll
0x00007ffd8e770000 - 0x00007ffd8ea02000 	C:\WINDOWS\WinSxS\amd64_microsoft.windows.common-controls_6595b64144ccf1df_6.0.22621.4391_none_2715d37f73803e96\COMCTL32.dll
0x00007ffdaec20000 - 0x00007ffdaec46000 	C:\WINDOWS\System32\win32u.dll
0x00007ffdaf930000 - 0x00007ffdaf9d7000 	C:\WINDOWS\System32\msvcrt.dll
0x00007ffdb09c0000 - 0x00007ffdb09e9000 	C:\WINDOWS\System32\GDI32.dll
0x00007ffdae710000 - 0x00007ffdae82b000 	C:\WINDOWS\System32\gdi32full.dll
0x00007ffdaefd0000 - 0x00007ffdaf06a000 	C:\WINDOWS\System32\msvcp_win.dll
0x00007ffdb1290000 - 0x00007ffdb12c1000 	C:\WINDOWS\System32\IMM32.DLL
0x00007ffda6870000 - 0x00007ffda687c000 	C:\Program Files\Android\Android Studio\jbr\bin\vcruntime140_1.dll
0x00007ffd87070000 - 0x00007ffd870fd000 	C:\Program Files\Android\Android Studio\jbr\bin\msvcp140.dll
0x00007ffd26760000 - 0x00007ffd2731c000 	C:\Program Files\Android\Android Studio\jbr\bin\server\jvm.dll
0x00007ffdaf2f0000 - 0x00007ffdaf3a2000 	C:\WINDOWS\System32\ADVAPI32.dll
0x00007ffdaf9e0000 - 0x00007ffdafa87000 	C:\WINDOWS\System32\sechost.dll
0x00007ffdaebf0000 - 0x00007ffdaec18000 	C:\WINDOWS\System32\bcrypt.dll
0x00007ffdaf810000 - 0x00007ffdaf924000 	C:\WINDOWS\System32\RPCRT4.dll
0x00007ffdaff10000 - 0x00007ffdaff18000 	C:\WINDOWS\System32\PSAPI.DLL
0x00007ffd9ed10000 - 0x00007ffd9ed19000 	C:\WINDOWS\SYSTEM32\WSOCK32.dll
0x00007ffda4030000 - 0x00007ffda4064000 	C:\WINDOWS\SYSTEM32\WINMM.dll
0x00007ffdafff0000 - 0x00007ffdb0061000 	C:\WINDOWS\System32\WS2_32.dll
0x00007ffda2b80000 - 0x00007ffda2b8a000 	C:\WINDOWS\SYSTEM32\VERSION.dll
0x00007ffdad750000 - 0x00007ffdad768000 	C:\WINDOWS\SYSTEM32\kernel.appcore.dll
0x00007ffd8e510000 - 0x00007ffd8e520000 	C:\Program Files\Android\Android Studio\jbr\bin\verify.dll
0x00007ffdac020000 - 0x00007ffdac252000 	C:\WINDOWS\SYSTEM32\DBGHELP.DLL
0x00007ffdb0180000 - 0x00007ffdb050f000 	C:\WINDOWS\System32\combase.dll
0x00007ffdb07c0000 - 0x00007ffdb0897000 	C:\WINDOWS\System32\OLEAUT32.dll
0x00007ffda3010000 - 0x00007ffda3042000 	C:\WINDOWS\SYSTEM32\dbgcore.DLL
0x00007ffdaee30000 - 0x00007ffdaeeab000 	C:\WINDOWS\System32\bcryptPrimitives.dll
0x00007ffd8e4e0000 - 0x00007ffd8e508000 	C:\Program Files\Android\Android Studio\jbr\bin\java.dll
0x00007ffd8e4d0000 - 0x00007ffd8e4da000 	C:\Program Files\Android\Android Studio\jbr\bin\jimage.dll
0x00007ffd8e4c0000 - 0x00007ffd8e4ce000 	C:\Program Files\Android\Android Studio\jbr\bin\instrument.dll
0x00007ffd8e480000 - 0x00007ffd8e498000 	C:\Program Files\Android\Android Studio\jbr\bin\zip.dll
0x00007ffdb09f0000 - 0x00007ffdb1266000 	C:\WINDOWS\System32\SHELL32.dll
0x00007ffdac650000 - 0x00007ffdacf53000 	C:\WINDOWS\SYSTEM32\windows.storage.dll
0x00007ffdac3a0000 - 0x00007ffdac4df000 	C:\WINDOWS\SYSTEM32\wintypes.dll
0x00007ffdb08c0000 - 0x00007ffdb09b9000 	C:\WINDOWS\System32\SHCORE.dll
0x00007ffdaf600000 - 0x00007ffdaf65e000 	C:\WINDOWS\System32\shlwapi.dll
0x00007ffdae640000 - 0x00007ffdae66b000 	C:\WINDOWS\SYSTEM32\profapi.dll
0x00007ffd8e430000 - 0x00007ffd8e43a000 	C:\Program Files\Android\Android Studio\jbr\bin\management.dll
0x00007ffd8e420000 - 0x00007ffd8e42b000 	C:\Program Files\Android\Android Studio\jbr\bin\management_ext.dll
0x00007ffd8e460000 - 0x00007ffd8e479000 	C:\Program Files\Android\Android Studio\jbr\bin\net.dll
0x00007ffda3c10000 - 0x00007ffda3d46000 	C:\WINDOWS\SYSTEM32\WINHTTP.dll
0x00007ffdadbd0000 - 0x00007ffdadc39000 	C:\WINDOWS\system32\mswsock.dll
0x00007ffd8e440000 - 0x00007ffd8e453000 	C:\Program Files\Android\Android Studio\jbr\bin\nio.dll
0x00007ffd693e0000 - 0x00007ffd693f7000 	C:\WINDOWS\system32\napinsp.dll
0x00007ffd693c0000 - 0x00007ffd693db000 	C:\WINDOWS\system32\pnrpnsp.dll
0x00007ffdad230000 - 0x00007ffdad332000 	C:\WINDOWS\SYSTEM32\DNSAPI.dll
0x00007ffdad1c0000 - 0x00007ffdad1ed000 	C:\WINDOWS\SYSTEM32\IPHLPAPI.DLL
0x00007ffdb0510000 - 0x00007ffdb0519000 	C:\WINDOWS\System32\NSI.dll
0x00007ffd69400000 - 0x00007ffd69411000 	C:\WINDOWS\System32\winrnr.dll
0x00007ffda3fc0000 - 0x00007ffda3fd5000 	C:\WINDOWS\system32\wshbth.dll
0x00007ffd73e70000 - 0x00007ffd73e97000 	C:\WINDOWS\system32\nlansp_c.dll
0x00007ffda07a0000 - 0x00007ffda07aa000 	C:\Windows\System32\rasadhlp.dll
0x00007ffda2af0000 - 0x00007ffda2b73000 	C:\WINDOWS\System32\fwpuclnt.dll
0x00007ffd8fb70000 - 0x00007ffd8fb97000 	C:\Users\Lenovo\.gradle\native\e1d6ef7f7dcc3fd88c89a11ec53ec762bb8ba0a96d01ffa2cd45eb1d1d8dd5c5\windows-amd64\native-platform.dll
0x00007ffd77bf0000 - 0x00007ffd77d34000 	C:\Users\Lenovo\.gradle\native\0d407fdbe67a94daf76414ababcb853783967236a71b16ec16e742cd7a986fd3\windows-amd64\native-platform-file-events.dll
0x00007ffdade20000 - 0x00007ffdade3b000 	C:\WINDOWS\SYSTEM32\CRYPTSP.dll
0x00007ffdad6b0000 - 0x00007ffdad6e5000 	C:\WINDOWS\system32\rsaenh.dll
0x00007ffdadcc0000 - 0x00007ffdadce8000 	C:\WINDOWS\SYSTEM32\USERENV.dll
0x00007ffdade40000 - 0x00007ffdade4c000 	C:\WINDOWS\SYSTEM32\CRYPTBASE.dll
0x00007ffda38f0000 - 0x00007ffda3909000 	C:\WINDOWS\SYSTEM32\dhcpcsvc6.DLL
0x00007ffda38d0000 - 0x00007ffda38ef000 	C:\WINDOWS\SYSTEM32\dhcpcsvc.DLL

dbghelp: loaded successfully - version: 4.0.5 - missing functions: none
symbol engine: initialized successfully - sym options: 0x614 - pdb path: .;C:\Program Files\Android\Android Studio\jbr\bin;C:\WINDOWS\SYSTEM32;C:\WINDOWS\WinSxS\amd64_microsoft.windows.common-controls_6595b64144ccf1df_6.0.22621.4391_none_2715d37f73803e96;C:\Program Files\Android\Android Studio\jbr\bin\server;C:\Users\Lenovo\.gradle\native\e1d6ef7f7dcc3fd88c89a11ec53ec762bb8ba0a96d01ffa2cd45eb1d1d8dd5c5\windows-amd64;C:\Users\Lenovo\.gradle\native\0d407fdbe67a94daf76414ababcb853783967236a71b16ec16e742cd7a986fd3\windows-amd64

VM Arguments:
jvm_args: -javaagent:C:\Program Files\Android\Android Studio\plugins\android\resources\trace_agent.jar=C:\Users\Lenovo\AppData\Local\Temp\sync.trace.profile --add-opens=java.base/java.util=ALL-UNNAMED --add-opens=java.base/java.lang=ALL-UNNAMED --add-opens=java.base/java.lang.invoke=ALL-UNNAMED --add-opens=java.base/java.util=ALL-UNNAMED --add-opens=java.prefs/java.util.prefs=ALL-UNNAMED --add-opens=java.prefs/java.util.prefs=ALL-UNNAMED --add-opens=java.base/java.nio.charset=ALL-UNNAMED --add-opens=java.base/java.net=ALL-UNNAMED --add-opens=java.base/java.util.concurrent.atomic=ALL-UNNAMED -Xmx2048m -Dfile.encoding=UTF-8 -Duser.country=IN -Duser.language=en -Duser.variant 
java_command: org.gradle.launcher.daemon.bootstrap.GradleDaemon 7.5
java_class_path (initial): C:\Users\Lenovo\.gradle\wrapper\dists\gradle-7.5-bin\f1w0cc9nuo0eivz97x2xlu9sv\gradle-7.5\lib\gradle-launcher-7.5.jar
Launcher Type: SUN_STANDARD

[Global flags]
     intx CICompilerCount                          = 4                                         {product} {ergonomic}
     uint ConcGCThreads                            = 2                                         {product} {ergonomic}
     uint G1ConcRefinementThreads                  = 8                                         {product} {ergonomic}
   size_t G1HeapRegionSize                         = 1048576                                   {product} {ergonomic}
    uintx GCDrainStackTargetSize                   = 64                                        {product} {ergonomic}
   size_t InitialHeapSize                          = 264241152                                 {product} {ergonomic}
   size_t MarkStackSize                            = 4194304                                   {product} {ergonomic}
   size_t MaxHeapSize                              = 2147483648                                {product} {command line}
   size_t MaxNewSize                               = 1287651328                                {product} {ergonomic}
   size_t MinHeapDeltaBytes                        = 1048576                                   {product} {ergonomic}
    uintx NonNMethodCodeHeapSize                   = 5836300                                {pd product} {ergonomic}
    uintx NonProfiledCodeHeapSize                  = 122910970                              {pd product} {ergonomic}
    uintx ProfiledCodeHeapSize                     = 122910970                              {pd product} {ergonomic}
    uintx ReservedCodeCacheSize                    = 251658240                              {pd product} {ergonomic}
     bool SegmentedCodeCache                       = true                                      {product} {ergonomic}
     bool UseCompressedClassPointers               = true                                 {lp64_product} {ergonomic}
     bool UseCompressedOops                        = true                                 {lp64_product} {ergonomic}
     bool UseG1GC                                  = true                                      {product} {ergonomic}
     bool UseLargePagesIndividualAllocation        = false                                  {pd product} {ergonomic}

Logging:
Log output configuration:
 #0: stdout all=warning uptime,level,tags
 #1: stderr all=off uptime,level,tags

Environment Variables:
PATH=C:\Program Files\Eclipse Adoptium\jdk-11.0.22.7-hotspot\bin;C:\Python312\Scripts\;C:\Python312\;C:\WINDOWS\system32;C:\WINDOWS;C:\WINDOWS\System32\Wbem;C:\WINDOWS\System32\WindowsPowerShell\v1.0\;C:\WINDOWS\System32\OpenSSH\;C:\Program Files\nodejs\;C:\ProgramData\chocolatey\bin;C:\Program Files\dotnet\;C:\Program Files\Git\cmd;C:\Users\Lenovo\AppData\Local\Microsoft\WindowsApps;C:\Users\Lenovo\AppData\Roaming\npm
USERNAME=Lenovo
OS=Windows_NT
PROCESSOR_IDENTIFIER=Intel64 Family 6 Model 142 Stepping 12, GenuineIntel



---------------  S Y S T E M  ---------------

OS: Windows 11 , 64 bit Build 22621 (10.0.22621.4391)
OS uptime: 11 days 0:48 hours

CPU:total 8 (initial active 8) (4 cores per cpu, 2 threads per core) family 6 model 142 stepping 12 microcode 0xf0, cmov, cx8, fxsr, mmx, sse, sse2, sse3, ssse3, sse4.1, sse4.2, popcnt, avx, avx2, aes, clmul, erms, 3dnowpref, lzcnt, ht, tsc, tscinvbit, bmi1, bmi2, adx, fma

Memory: 4k page, system-wide physical 16120M (607M free)
TotalPageFile size 33876M (AvailPageFile size 137M)
current process WorkingSet (physical memory assigned to process): 912M, peak: 919M
current process commit charge ("private bytes"): 1073M, peak: 1341M

vm_info: OpenJDK 64-Bit Server VM (11.0.15+0-b2043.56-9505619) for windows-amd64 JRE (11.0.15+0-b2043.56-9505619), built on Jan 19 2023 02:48:00 by "builduser" with unknown MS VC++:1929

END.
