#
# There is insufficient memory for the Java Runtime Environment to continue.
# Native memory allocation (mmap) failed to map 516947968 bytes for Failed to commit area from 0x00000000aa100000 to 0x00000000c8e00000 of length 516947968.
# Possible reasons:
#   The system is out of physical RAM or swap space
#   The process is running with CompressedOops enabled, and the Java Heap may be blocking the growth of the native heap
# Possible solutions:
#   Reduce memory load on the system
#   Increase physical memory or swap space
#   Check if swap backing store is full
#   Decrease Java heap size (-Xmx/-Xms)
#   Decrease number of Java threads
#   Decrease Java thread stack sizes (-Xss)
#   Set larger code cache with -XX:ReservedCodeCacheSize=
#   JVM is running with Unscaled Compressed Oops mode in which the Java heap is
#     placed in the first 4GB address space. The Java Heap base address is the
#     maximum limit for the native heap growth. Please use -XX:HeapBaseMinAddress
#     to set the Java Heap base and to place the Java Heap above 4GB virtual address.
# This output file may be truncated or incomplete.
#
#  Out of Memory Error (src/hotspot/os/windows/os_windows.cpp:3627), pid=10520, tid=18548
#
# JRE version: OpenJDK Runtime Environment (11.0.15) (build 11.0.15+0-b2043.56-9505619)
# Java VM: OpenJDK 64-Bit Server VM (11.0.15+0-b2043.56-9505619, mixed mode, tiered, compressed oops, g1 gc, windows-amd64)
# No core dump will be written. Minidumps are not enabled by default on client versions of Windows
#

---------------  S U M M A R Y ------------

Command Line: -javaagent:C:\Program Files\Android\Android Studio\plugins\android\resources\trace_agent.jar=C:\Users\Lenovo\AppData\Local\Temp\sync.trace.profile --add-opens=java.base/java.util=ALL-UNNAMED --add-opens=java.base/java.lang=ALL-UNNAMED --add-opens=java.base/java.lang.invoke=ALL-UNNAMED --add-opens=java.base/java.util=ALL-UNNAMED --add-opens=java.prefs/java.util.prefs=ALL-UNNAMED --add-opens=java.prefs/java.util.prefs=ALL-UNNAMED --add-opens=java.base/java.nio.charset=ALL-UNNAMED --add-opens=java.base/java.net=ALL-UNNAMED --add-opens=java.base/java.util.concurrent.atomic=ALL-UNNAMED -Xmx2048m -Dfile.encoding=UTF-8 -Duser.country=IN -Duser.language=en -Duser.variant org.gradle.launcher.daemon.bootstrap.GradleDaemon 7.5

Host: Intel(R) Core(TM) i5-8365U CPU @ 1.60GHz, 8 cores, 15G,  Windows 11 , 64 bit Build 22621 (10.0.22621.4391)
Time: Fri Nov 29 11:13:37 2024 India Standard Time elapsed time: 33.616743 seconds (0d 0h 0m 33s)

---------------  T H R E A D  ---------------

Current thread (0x000001752b8f8800):  VMThread "VM Thread" [stack: 0x000000461b900000,0x000000461ba00000] [id=18548]

Stack: [0x000000461b900000,0x000000461ba00000]
[error occurred during error reporting (printing stack bounds), id 0xc0000005, EXCEPTION_ACCESS_VIOLATION (0xc0000005) at pc=0x00000175146f112d]

Native frames: (J=compiled Java code, j=interpreted, Vv=VM code, C=native code)
V  [jvm.dll+0x64135a]
V  [jvm.dll+0x7d39f9]
V  [jvm.dll+0x7d51b9]
V  [jvm.dll+0x7d5805]
V  [jvm.dll+0x7d57bb]
V  [jvm.dll+0x640655]
V  [jvm.dll+0x640d68]
C  [ntdll.dll+0xa527f]
C  [ntdll.dll+0x1e886]
C  [ntdll.dll+0xa426e]
C  0x00000175146f112d

VM_Operation (0x0000004624bf9160): G1CollectForAllocation, mode: safepoint, requested by thread 0x00000175309be000


---------------  P R O C E S S  ---------------

Threads class SMR info:
_java_thread_list=0x000001753614a840, length=151, elements={
0x0000017510bc6000, 0x000001752b8ff800, 0x000001752b900000, 0x000001752b95a800,
0x000001752b95b800, 0x000001752b95d000, 0x000001752b95e000, 0x000001752b964000,
0x000001752b967800, 0x000001752bad5000, 0x000001752eda6000, 0x000001752c2b2000,
0x000001753014a800, 0x000001753013e000, 0x000001753013c000, 0x000001753013f000,
0x000001753013d800, 0x0000017530139800, 0x0000017530140000, 0x000001753013c800,
0x000001753013a000, 0x000001753013b000, 0x000001752fd28800, 0x000001752fd2a800,
0x000001752fd2b000, 0x000001752fd27000, 0x000001752fd2c000, 0x000001752fd29800,
0x000001752fd26800, 0x000001752fd2d000, 0x000001752fd2d800, 0x000001752fd28000,
0x000001752fd31000, 0x000001752fd33800, 0x000001752fd35000, 0x000001752fd2f800,
0x000001752fd30000, 0x000001752f411800, 0x000001752f413000, 0x000001752f40d800,
0x000001752f40e000, 0x000001752f40f800, 0x000001752f414800, 0x000001752f40f000,
0x000001752f412000, 0x000001752f414000, 0x000001752f416800, 0x000001752f415800,
0x000001752f410800, 0x000001752f417000, 0x000001752f418000, 0x000001752f41a800,
0x000001752f41b000, 0x000001752f418800, 0x000001752f419800, 0x000001752f41c000,
0x000001752f44f800, 0x000001752f452000, 0x000001752f44e800, 0x000001752f450000,
0x000001752f451000, 0x000001752f44c000, 0x000001752f452800, 0x000001752f44e000,
0x000001752f44d000, 0x000001752f456000, 0x000001752f457800, 0x000001752f458800,
0x000001752f459000, 0x000001752f453800, 0x000001752f455000, 0x000001752f456800,
0x000001752f45a000, 0x000001752f454800, 0x000001752f45b000, 0x0000017530b84000,
0x0000017530b80800, 0x0000017530b7f800, 0x0000017530b7f000, 0x0000017530b83000,
0x0000017530b84800, 0x0000017530b85800, 0x0000017530b82000, 0x0000017530b86800,
0x0000017530b87000, 0x0000017530b81800, 0x0000017530b8d800, 0x0000017530b88800,
0x0000017530b8a800, 0x0000017530b8b000, 0x0000017530b89800, 0x0000017530b88000,
0x0000017530b8c000, 0x0000017530b8d000, 0x0000017532e62800, 0x0000017532e61000,
0x0000017532e5e800, 0x0000017532e62000, 0x0000017532e5d000, 0x0000017532e5d800,
0x0000017532e60000, 0x0000017532e63800, 0x0000017532e64800, 0x0000017532e5f800,
0x0000017532e6b000, 0x0000017532e66000, 0x0000017532e66800, 0x0000017532e68800,
0x0000017532e67800, 0x0000017532e6a000, 0x0000017532e69000, 0x0000017532e65000,
0x0000017532e6b800, 0x0000017532f4b800, 0x0000017532f4c800, 0x0000017532f4d800,
0x0000017532f4e000, 0x0000017532f49000, 0x0000017532f4b000, 0x0000017532f4a000,
0x0000017532f48800, 0x0000017532f54000, 0x0000017532f53000, 0x0000017532f54800,
0x0000017532f4f000, 0x0000017532f50800, 0x0000017532f51800, 0x0000017532f55800,
0x0000017532f52000, 0x0000017532f4f800, 0x0000017532f56000, 0x0000017532f57000,
0x00000175309bd800, 0x00000175309be000, 0x00000175309bc800, 0x00000175309ba000,
0x00000175309c0800, 0x00000175309bb000, 0x00000175309c1800, 0x00000175309c6800,
0x00000175309c7000, 0x00000175309c5800, 0x00000175309c8000, 0x00000175309c2000,
0x00000175309c3000, 0x00000175309c4000, 0x00000175309c4800, 0x0000017535f7b800,
0x0000017535f7d000, 0x0000017535f7e000, 0x0000017535f7c800
}

Java Threads: ( => current thread )
  0x0000017510bc6000 JavaThread "main" [_thread_blocked, id=15528, stack(0x000000461b300000,0x000000461b400000)]
  0x000001752b8ff800 JavaThread "Reference Handler" daemon [_thread_blocked, id=3692, stack(0x000000461ba00000,0x000000461bb00000)]
  0x000001752b900000 JavaThread "Finalizer" daemon [_thread_blocked, id=10812, stack(0x000000461bb00000,0x000000461bc00000)]
  0x000001752b95a800 JavaThread "Signal Dispatcher" daemon [_thread_blocked, id=8532, stack(0x000000461bc00000,0x000000461bd00000)]
  0x000001752b95b800 JavaThread "Attach Listener" daemon [_thread_blocked, id=12324, stack(0x000000461bd00000,0x000000461be00000)]
  0x000001752b95d000 JavaThread "Service Thread" daemon [_thread_blocked, id=12236, stack(0x000000461be00000,0x000000461bf00000)]
  0x000001752b95e000 JavaThread "C2 CompilerThread0" daemon [_thread_in_native, id=22400, stack(0x000000461bf00000,0x000000461c000000)]
  0x000001752b964000 JavaThread "C1 CompilerThread0" daemon [_thread_blocked, id=7744, stack(0x000000461c000000,0x000000461c100000)]
  0x000001752b967800 JavaThread "Sweeper thread" daemon [_thread_blocked, id=12404, stack(0x000000461c100000,0x000000461c200000)]
  0x000001752bad5000 JavaThread "Common-Cleaner" daemon [_thread_blocked, id=14280, stack(0x000000461c200000,0x000000461c300000)]
  0x000001752eda6000 JavaThread "Daemon health stats" [_thread_blocked, id=23056, stack(0x000000461c900000,0x000000461ca00000)]
  0x000001752c2b2000 JavaThread "Incoming local TCP Connector on port 63880" [_thread_in_native, id=25260, stack(0x000000461ca00000,0x000000461cb00000)]
  0x000001753014a800 JavaThread "Daemon periodic checks" [_thread_blocked, id=24812, stack(0x000000461cb00000,0x000000461cc00000)]
  0x000001753013e000 JavaThread "Daemon" [_thread_blocked, id=22424, stack(0x000000461cc00000,0x000000461cd00000)]
  0x000001753013c000 JavaThread "Handler for socket connection from /127.0.0.1:63880 to /127.0.0.1:63881" [_thread_in_native, id=4164, stack(0x000000461cd00000,0x000000461ce00000)]
  0x000001753013f000 JavaThread "Cancel handler" [_thread_blocked, id=28372, stack(0x000000461ce00000,0x000000461cf00000)]
  0x000001753013d800 JavaThread "Daemon worker" [_thread_blocked, id=3548, stack(0x000000461cf00000,0x000000461d000000)]
  0x0000017530139800 JavaThread "Asynchronous log dispatcher for DefaultDaemonConnection: socket connection from /127.0.0.1:63880 to /127.0.0.1:63881" [_thread_blocked, id=26716, stack(0x000000461d000000,0x000000461d100000)]
  0x0000017530140000 JavaThread "Stdin handler" [_thread_blocked, id=23136, stack(0x000000461d100000,0x000000461d200000)]
  0x000001753013c800 JavaThread "Daemon client event forwarder" [_thread_blocked, id=25616, stack(0x000000461d200000,0x000000461d300000)]
  0x000001753013a000 JavaThread "Cache worker for journal cache (C:\Users\Lenovo\.gradle\caches\journal-1)" [_thread_blocked, id=23424, stack(0x000000461d300000,0x000000461d400000)]
  0x000001753013b000 JavaThread "File lock request listener" [_thread_in_native, id=25500, stack(0x000000461d400000,0x000000461d500000)]
  0x000001752fd28800 JavaThread "Cache worker for file hash cache (C:\Users\Lenovo\.gradle\caches\7.5\fileHashes)" [_thread_blocked, id=28000, stack(0x000000461d800000,0x000000461d900000)]
  0x000001752fd2a800 JavaThread "File watcher server" daemon [_thread_blocked, id=10196, stack(0x000000461d900000,0x000000461da00000)]
  0x000001752fd2b000 JavaThread "File watcher consumer" daemon [_thread_blocked, id=22820, stack(0x000000461da00000,0x000000461db00000)]
  0x000001752fd27000 JavaThread "Cache worker for checksums cache (D:\product GALAXY\product_galaxy\.gradle\7.5\checksums)" [_thread_blocked, id=28316, stack(0x000000461db00000,0x000000461dc00000)]
  0x000001752fd2c000 JavaThread "Cache worker for cache directory md-rule (C:\Users\Lenovo\.gradle\caches\7.5\md-rule)" [_thread_blocked, id=3280, stack(0x000000461dc00000,0x000000461dd00000)]
  0x000001752fd29800 JavaThread "Cache worker for file content cache (C:\Users\Lenovo\.gradle\caches\7.5\fileContent)" [_thread_blocked, id=17328, stack(0x000000461dd00000,0x000000461de00000)]
  0x000001752fd26800 JavaThread "Cache worker for file hash cache (D:\product GALAXY\product_galaxy\.gradle\7.5\fileHashes)" [_thread_blocked, id=22700, stack(0x000000461de00000,0x000000461df00000)]
  0x000001752fd2d000 JavaThread "Cache worker for cache directory md-supplier (C:\Users\Lenovo\.gradle\caches\7.5\md-supplier)" [_thread_blocked, id=7776, stack(0x000000461df00000,0x000000461e000000)]
  0x000001752fd2d800 JavaThread "Cache worker for execution history cache (C:\Users\Lenovo\.gradle\caches\7.5\executionHistory)" [_thread_blocked, id=27140, stack(0x000000461e000000,0x000000461e100000)]
  0x000001752fd28000 JavaThread "jar transforms" [_thread_blocked, id=17384, stack(0x000000461e100000,0x000000461e200000)]
  0x000001752fd31000 JavaThread "jar transforms Thread 2" [_thread_blocked, id=24144, stack(0x000000461e200000,0x000000461e300000)]
  0x000001752fd33800 JavaThread "jar transforms Thread 3" [_thread_blocked, id=2692, stack(0x000000461e300000,0x000000461e400000)]
  0x000001752fd35000 JavaThread "jar transforms Thread 4" [_thread_blocked, id=26928, stack(0x000000461e400000,0x000000461e500000)]
  0x000001752fd2f800 JavaThread "Cache worker for dependencies-accessors (D:\product GALAXY\product_galaxy\.gradle\7.5\dependencies-accessors)" [_thread_blocked, id=9616, stack(0x000000461e500000,0x000000461e600000)]
  0x000001752fd30000 JavaThread "jar transforms Thread 5" [_thread_blocked, id=8256, stack(0x000000461e600000,0x000000461e700000)]
  0x000001752f411800 JavaThread "Cache worker for Build Output Cleanup Cache (D:\product GALAXY\product_galaxy\.gradle\buildOutputCleanup)" [_thread_blocked, id=12308, stack(0x000000461e700000,0x000000461e800000)]
  0x000001752f413000 JavaThread "Unconstrained build operations" [_thread_blocked, id=27216, stack(0x000000461e800000,0x000000461e900000)]
  0x000001752f40d800 JavaThread "Unconstrained build operations Thread 2" [_thread_blocked, id=13048, stack(0x000000461e900000,0x000000461ea00000)]
  0x000001752f40e000 JavaThread "Unconstrained build operations Thread 3" [_thread_blocked, id=8376, stack(0x000000461ea00000,0x000000461eb00000)]
  0x000001752f40f800 JavaThread "Unconstrained build operations Thread 4" [_thread_blocked, id=14152, stack(0x000000461eb00000,0x000000461ec00000)]
  0x000001752f414800 JavaThread "Unconstrained build operations Thread 5" [_thread_blocked, id=10344, stack(0x000000461ec00000,0x000000461ed00000)]
  0x000001752f40f000 JavaThread "Unconstrained build operations Thread 6" [_thread_blocked, id=6784, stack(0x000000461ed00000,0x000000461ee00000)]
  0x000001752f412000 JavaThread "Unconstrained build operations Thread 7" [_thread_blocked, id=19452, stack(0x000000461ee00000,0x000000461ef00000)]
  0x000001752f414000 JavaThread "Unconstrained build operations Thread 8" [_thread_blocked, id=13468, stack(0x000000461ef00000,0x000000461f000000)]
  0x000001752f416800 JavaThread "Unconstrained build operations Thread 9" [_thread_blocked, id=10908, stack(0x000000461f000000,0x000000461f100000)]
  0x000001752f415800 JavaThread "Unconstrained build operations Thread 10" [_thread_blocked, id=15704, stack(0x000000461f100000,0x000000461f200000)]
  0x000001752f410800 JavaThread "Unconstrained build operations Thread 11" [_thread_blocked, id=23604, stack(0x000000461f200000,0x000000461f300000)]
  0x000001752f417000 JavaThread "Unconstrained build operations Thread 12" [_thread_blocked, id=22336, stack(0x000000461f300000,0x000000461f400000)]
  0x000001752f418000 JavaThread "Unconstrained build operations Thread 13" [_thread_blocked, id=25904, stack(0x000000461f400000,0x000000461f500000)]
  0x000001752f41a800 JavaThread "Unconstrained build operations Thread 14" [_thread_blocked, id=21308, stack(0x000000461f500000,0x000000461f600000)]
  0x000001752f41b000 JavaThread "Unconstrained build operations Thread 15" [_thread_blocked, id=26620, stack(0x000000461f600000,0x000000461f700000)]
  0x000001752f418800 JavaThread "Unconstrained build operations Thread 16" [_thread_blocked, id=26712, stack(0x000000461f700000,0x000000461f800000)]
  0x000001752f419800 JavaThread "Unconstrained build operations Thread 17" [_thread_blocked, id=21688, stack(0x000000461f800000,0x000000461f900000)]
  0x000001752f41c000 JavaThread "Unconstrained build operations Thread 18" [_thread_blocked, id=9040, stack(0x000000461f900000,0x000000461fa00000)]
  0x000001752f44f800 JavaThread "Unconstrained build operations Thread 19" [_thread_blocked, id=17760, stack(0x000000461fa00000,0x000000461fb00000)]
  0x000001752f452000 JavaThread "Unconstrained build operations Thread 20" [_thread_blocked, id=26652, stack(0x000000461fb00000,0x000000461fc00000)]
  0x000001752f44e800 JavaThread "Unconstrained build operations Thread 21" [_thread_blocked, id=11132, stack(0x000000461fc00000,0x000000461fd00000)]
  0x000001752f450000 JavaThread "Unconstrained build operations Thread 22" [_thread_blocked, id=6380, stack(0x000000461fd00000,0x000000461fe00000)]
  0x000001752f451000 JavaThread "Unconstrained build operations Thread 23" [_thread_blocked, id=8620, stack(0x000000461fe00000,0x000000461ff00000)]
  0x000001752f44c000 JavaThread "Unconstrained build operations Thread 24" [_thread_blocked, id=26780, stack(0x000000461ff00000,0x0000004620000000)]
  0x000001752f452800 JavaThread "Unconstrained build operations Thread 25" [_thread_blocked, id=18108, stack(0x0000004620000000,0x0000004620100000)]
  0x000001752f44e000 JavaThread "Unconstrained build operations Thread 26" [_thread_blocked, id=16844, stack(0x0000004620100000,0x0000004620200000)]
  0x000001752f44d000 JavaThread "Unconstrained build operations Thread 27" [_thread_blocked, id=18056, stack(0x0000004620200000,0x0000004620300000)]
  0x000001752f456000 JavaThread "Unconstrained build operations Thread 28" [_thread_blocked, id=17856, stack(0x0000004620300000,0x0000004620400000)]
  0x000001752f457800 JavaThread "Unconstrained build operations Thread 29" [_thread_blocked, id=14768, stack(0x0000004620400000,0x0000004620500000)]
  0x000001752f458800 JavaThread "Unconstrained build operations Thread 30" [_thread_blocked, id=7964, stack(0x0000004620500000,0x0000004620600000)]
  0x000001752f459000 JavaThread "Unconstrained build operations Thread 31" [_thread_blocked, id=21600, stack(0x0000004620600000,0x0000004620700000)]
  0x000001752f453800 JavaThread "Unconstrained build operations Thread 32" [_thread_blocked, id=27628, stack(0x0000004620700000,0x0000004620800000)]
  0x000001752f455000 JavaThread "Unconstrained build operations Thread 33" [_thread_blocked, id=16068, stack(0x0000004620800000,0x0000004620900000)]
  0x000001752f456800 JavaThread "Unconstrained build operations Thread 34" [_thread_blocked, id=18296, stack(0x0000004620900000,0x0000004620a00000)]
  0x000001752f45a000 JavaThread "Unconstrained build operations Thread 35" [_thread_blocked, id=17116, stack(0x0000004620a00000,0x0000004620b00000)]
  0x000001752f454800 JavaThread "Unconstrained build operations Thread 36" [_thread_blocked, id=9128, stack(0x0000004620b00000,0x0000004620c00000)]
  0x000001752f45b000 JavaThread "Unconstrained build operations Thread 37" [_thread_blocked, id=8172, stack(0x0000004620c00000,0x0000004620d00000)]
  0x0000017530b84000 JavaThread "Unconstrained build operations Thread 38" [_thread_blocked, id=3428, stack(0x0000004620d00000,0x0000004620e00000)]
  0x0000017530b80800 JavaThread "Unconstrained build operations Thread 39" [_thread_blocked, id=27632, stack(0x0000004620e00000,0x0000004620f00000)]
  0x0000017530b7f800 JavaThread "Unconstrained build operations Thread 40" [_thread_blocked, id=11248, stack(0x0000004620f00000,0x0000004621000000)]
  0x0000017530b7f000 JavaThread "Unconstrained build operations Thread 41" [_thread_blocked, id=19260, stack(0x0000004621000000,0x0000004621100000)]
  0x0000017530b83000 JavaThread "Unconstrained build operations Thread 42" [_thread_blocked, id=7084, stack(0x0000004621100000,0x0000004621200000)]
  0x0000017530b84800 JavaThread "Unconstrained build operations Thread 43" [_thread_blocked, id=7504, stack(0x0000004621200000,0x0000004621300000)]
  0x0000017530b85800 JavaThread "Unconstrained build operations Thread 44" [_thread_blocked, id=28544, stack(0x0000004621300000,0x0000004621400000)]
  0x0000017530b82000 JavaThread "Unconstrained build operations Thread 45" [_thread_blocked, id=26544, stack(0x0000004621400000,0x0000004621500000)]
  0x0000017530b86800 JavaThread "Unconstrained build operations Thread 46" [_thread_blocked, id=3084, stack(0x0000004621500000,0x0000004621600000)]
  0x0000017530b87000 JavaThread "Unconstrained build operations Thread 47" [_thread_blocked, id=25104, stack(0x0000004621600000,0x0000004621700000)]
  0x0000017530b81800 JavaThread "Unconstrained build operations Thread 48" [_thread_blocked, id=22708, stack(0x0000004621700000,0x0000004621800000)]
  0x0000017530b8d800 JavaThread "Unconstrained build operations Thread 49" [_thread_blocked, id=23300, stack(0x0000004621800000,0x0000004621900000)]
  0x0000017530b88800 JavaThread "Unconstrained build operations Thread 50" [_thread_blocked, id=5848, stack(0x0000004621900000,0x0000004621a00000)]
  0x0000017530b8a800 JavaThread "Unconstrained build operations Thread 51" [_thread_blocked, id=26516, stack(0x0000004621a00000,0x0000004621b00000)]
  0x0000017530b8b000 JavaThread "Unconstrained build operations Thread 52" [_thread_blocked, id=25956, stack(0x0000004621b00000,0x0000004621c00000)]
  0x0000017530b89800 JavaThread "Unconstrained build operations Thread 53" [_thread_blocked, id=13360, stack(0x0000004621c00000,0x0000004621d00000)]
  0x0000017530b88000 JavaThread "Unconstrained build operations Thread 54" [_thread_blocked, id=15324, stack(0x0000004621d00000,0x0000004621e00000)]
  0x0000017530b8c000 JavaThread "Unconstrained build operations Thread 55" [_thread_blocked, id=22904, stack(0x0000004621e00000,0x0000004621f00000)]
  0x0000017530b8d000 JavaThread "Unconstrained build operations Thread 56" [_thread_blocked, id=1076, stack(0x0000004621f00000,0x0000004622000000)]
  0x0000017532e62800 JavaThread "Unconstrained build operations Thread 57" [_thread_blocked, id=22924, stack(0x0000004622000000,0x0000004622100000)]
  0x0000017532e61000 JavaThread "Unconstrained build operations Thread 58" [_thread_blocked, id=18428, stack(0x0000004622100000,0x0000004622200000)]
  0x0000017532e5e800 JavaThread "Unconstrained build operations Thread 59" [_thread_blocked, id=19536, stack(0x0000004622200000,0x0000004622300000)]
  0x0000017532e62000 JavaThread "Unconstrained build operations Thread 60" [_thread_blocked, id=25236, stack(0x0000004622300000,0x0000004622400000)]
  0x0000017532e5d000 JavaThread "Unconstrained build operations Thread 61" [_thread_blocked, id=23636, stack(0x0000004622400000,0x0000004622500000)]
  0x0000017532e5d800 JavaThread "Unconstrained build operations Thread 62" [_thread_blocked, id=25936, stack(0x0000004622500000,0x0000004622600000)]
  0x0000017532e60000 JavaThread "Unconstrained build operations Thread 63" [_thread_blocked, id=13080, stack(0x0000004622600000,0x0000004622700000)]
  0x0000017532e63800 JavaThread "Unconstrained build operations Thread 64" [_thread_blocked, id=20960, stack(0x0000004622700000,0x0000004622800000)]
  0x0000017532e64800 JavaThread "Unconstrained build operations Thread 65" [_thread_blocked, id=26668, stack(0x0000004622800000,0x0000004622900000)]
  0x0000017532e5f800 JavaThread "Unconstrained build operations Thread 66" [_thread_blocked, id=27916, stack(0x0000004622900000,0x0000004622a00000)]
  0x0000017532e6b000 JavaThread "Unconstrained build operations Thread 67" [_thread_blocked, id=26524, stack(0x0000004622a00000,0x0000004622b00000)]
  0x0000017532e66000 JavaThread "Unconstrained build operations Thread 68" [_thread_blocked, id=9252, stack(0x0000004622b00000,0x0000004622c00000)]
  0x0000017532e66800 JavaThread "Unconstrained build operations Thread 69" [_thread_blocked, id=9472, stack(0x0000004622c00000,0x0000004622d00000)]
  0x0000017532e68800 JavaThread "Unconstrained build operations Thread 70" [_thread_blocked, id=2512, stack(0x0000004622d00000,0x0000004622e00000)]
  0x0000017532e67800 JavaThread "Unconstrained build operations Thread 71" [_thread_blocked, id=27528, stack(0x0000004622e00000,0x0000004622f00000)]
  0x0000017532e6a000 JavaThread "Unconstrained build operations Thread 72" [_thread_blocked, id=27136, stack(0x0000004622f00000,0x0000004623000000)]
  0x0000017532e69000 JavaThread "Unconstrained build operations Thread 73" [_thread_blocked, id=26328, stack(0x0000004623000000,0x0000004623100000)]
  0x0000017532e65000 JavaThread "Unconstrained build operations Thread 74" [_thread_blocked, id=17900, stack(0x0000004623100000,0x0000004623200000)]
  0x0000017532e6b800 JavaThread "Unconstrained build operations Thread 75" [_thread_blocked, id=25864, stack(0x0000004623200000,0x0000004623300000)]
  0x0000017532f4b800 JavaThread "Unconstrained build operations Thread 76" [_thread_blocked, id=11316, stack(0x0000004623300000,0x0000004623400000)]
  0x0000017532f4c800 JavaThread "Unconstrained build operations Thread 77" [_thread_blocked, id=16952, stack(0x0000004623400000,0x0000004623500000)]
  0x0000017532f4d800 JavaThread "Unconstrained build operations Thread 78" [_thread_blocked, id=27444, stack(0x0000004623500000,0x0000004623600000)]
  0x0000017532f4e000 JavaThread "Unconstrained build operations Thread 79" [_thread_blocked, id=7304, stack(0x0000004623600000,0x0000004623700000)]
  0x0000017532f49000 JavaThread "Unconstrained build operations Thread 80" [_thread_blocked, id=1308, stack(0x0000004623700000,0x0000004623800000)]
  0x0000017532f4b000 JavaThread "jar transforms Thread 6" [_thread_blocked, id=7856, stack(0x0000004623800000,0x0000004623900000)]
  0x0000017532f4a000 JavaThread "jar transforms Thread 7" [_thread_blocked, id=24556, stack(0x0000004623900000,0x0000004623a00000)]
  0x0000017532f48800 JavaThread "jar transforms Thread 8" [_thread_blocked, id=5496, stack(0x0000004623a00000,0x0000004623b00000)]
  0x0000017532f54000 JavaThread "build event listener" [_thread_blocked, id=21684, stack(0x0000004623b00000,0x0000004623c00000)]
  0x0000017532f53000 JavaThread "Memory manager" [_thread_blocked, id=28480, stack(0x0000004623c00000,0x0000004623d00000)]
  0x0000017532f54800 JavaThread "included builds" [_thread_blocked, id=22832, stack(0x0000004623d00000,0x0000004623e00000)]
  0x0000017532f4f000 JavaThread "Execution worker" [_thread_blocked, id=4940, stack(0x0000004623e00000,0x0000004623f00000)]
  0x0000017532f50800 JavaThread "Execution worker Thread 2" [_thread_blocked, id=27064, stack(0x0000004623f00000,0x0000004624000000)]
  0x0000017532f51800 JavaThread "Execution worker Thread 3" [_thread_blocked, id=20408, stack(0x0000004624000000,0x0000004624100000)]
  0x0000017532f55800 JavaThread "Execution worker Thread 4" [_thread_blocked, id=17532, stack(0x0000004624100000,0x0000004624200000)]
  0x0000017532f52000 JavaThread "Execution worker Thread 5" [_thread_blocked, id=20400, stack(0x0000004624200000,0x0000004624300000)]
  0x0000017532f4f800 JavaThread "Execution worker Thread 6" [_thread_blocked, id=7900, stack(0x0000004624300000,0x0000004624400000)]
  0x0000017532f56000 JavaThread "Execution worker Thread 7" [_thread_blocked, id=12136, stack(0x0000004624400000,0x0000004624500000)]
  0x0000017532f57000 JavaThread "Cache worker for execution history cache (D:\product GALAXY\product_galaxy\.gradle\7.5\executionHistory)" [_thread_blocked, id=6452, stack(0x0000004624500000,0x0000004624600000)]
  0x00000175309bd800 JavaThread "WorkerExecutor Queue" [_thread_blocked, id=2472, stack(0x0000004624600000,0x0000004624700000)]
  0x00000175309be000 JavaThread "WorkerExecutor Queue Thread 3" [_thread_blocked, id=8988, stack(0x0000004624b00000,0x0000004624c00000)]
  0x00000175309bc800 JavaThread "WorkerExecutor Queue Thread 4" [_thread_blocked, id=8556, stack(0x0000004624c00000,0x0000004624d00000)]
  0x00000175309ba000 JavaThread "WorkerExecutor Queue Thread 5" [_thread_blocked, id=16620, stack(0x0000004624d00000,0x0000004624e00000)]
  0x00000175309c0800 JavaThread "WorkerExecutor Queue Thread 6" [_thread_blocked, id=17056, stack(0x0000004624e00000,0x0000004624f00000)]
  0x00000175309bb000 JavaThread "WorkerExecutor Queue Thread 7" [_thread_blocked, id=28180, stack(0x0000004624f00000,0x0000004625000000)]
  0x00000175309c1800 JavaThread "WorkerExecutor Queue Thread 8" [_thread_blocked, id=21364, stack(0x0000004625000000,0x0000004625100000)]
  0x00000175309c6800 JavaThread "WorkerExecutor Queue Thread 9" [_thread_blocked, id=20144, stack(0x0000004625100000,0x0000004625200000)]
  0x00000175309c7000 JavaThread "pool-3-thread-1" [_thread_blocked, id=3864, stack(0x0000004625400000,0x0000004625500000)]
  0x00000175309c5800 JavaThread "stderr" [_thread_in_native, id=28584, stack(0x0000004625500000,0x0000004625600000)]
  0x00000175309c8000 JavaThread "stdout" [_thread_in_native, id=11164, stack(0x0000004625600000,0x0000004625700000)]
  0x00000175309c2000 JavaThread "ForkJoinPool-1-worker-3" daemon [_thread_blocked, id=20552, stack(0x0000004625700000,0x0000004625800000)]
  0x00000175309c3000 JavaThread "ForkJoinPool-1-worker-5" daemon [_thread_blocked, id=18064, stack(0x0000004625800000,0x0000004625900000)]
  0x00000175309c4000 JavaThread "ForkJoinPool-1-worker-7" daemon [_thread_blocked, id=21296, stack(0x0000004625900000,0x0000004625a00000)]
  0x00000175309c4800 JavaThread "ForkJoinPool-1-worker-9" daemon [_thread_blocked, id=13676, stack(0x0000004625a00000,0x0000004625b00000)]
  0x0000017535f7b800 JavaThread "ForkJoinPool-1-worker-11" daemon [_thread_blocked, id=1836, stack(0x0000004625b00000,0x0000004625c00000)]
  0x0000017535f7d000 JavaThread "ForkJoinPool-1-worker-13" daemon [_thread_blocked, id=20724, stack(0x0000004625c00000,0x0000004625d00000)]
  0x0000017535f7e000 JavaThread "ForkJoinPool-1-worker-15" daemon [_thread_blocked, id=14252, stack(0x0000004625d00000,0x0000004625e00000)]
  0x0000017535f7c800 JavaThread "ForkJoinPool-1-worker-1" daemon [_thread_blocked, id=25868, stack(0x0000004625e00000,0x0000004625f00000)]

Other Threads:
=>0x000001752b8f8800 VMThread "VM Thread" [stack: 0x000000461b900000,0x000000461ba00000] [id=18548]
  0x000001752c5f3000 WatcherThread [stack: 0x000000461c300000,0x000000461c400000] [id=7232]
  0x0000017510bef800 GCTaskThread "GC Thread#0" [stack: 0x000000461b400000,0x000000461b500000] [id=26908]
  0x000001752c306000 GCTaskThread "GC Thread#1" [stack: 0x000000461c400000,0x000000461c500000] [id=27812]
  0x000001752cba1000 GCTaskThread "GC Thread#2" [stack: 0x000000461c500000,0x000000461c600000] [id=5992]
  0x000001752c135000 GCTaskThread "GC Thread#3" [stack: 0x000000461c600000,0x000000461c700000] [id=20856]
  0x000001752c135800 GCTaskThread "GC Thread#4" [stack: 0x000000461c700000,0x000000461c800000] [id=26068]
  0x000001752c944000 GCTaskThread "GC Thread#5" [stack: 0x000000461c800000,0x000000461c900000] [id=11312]
  0x000001752ff3c000 GCTaskThread "GC Thread#6" [stack: 0x000000461d500000,0x000000461d600000] [id=26324]
  0x000001752c903800 GCTaskThread "GC Thread#7" [stack: 0x000000461d600000,0x000000461d700000] [id=24288]
  0x0000017510c20000 ConcurrentGCThread "G1 Main Marker" [stack: 0x000000461b500000,0x000000461b600000] [id=18932]
  0x0000017510c22800 ConcurrentGCThread "G1 Conc#0" [stack: 0x000000461b600000,0x000000461b700000] [id=3116]
  0x000001752f8b7800 ConcurrentGCThread "G1 Conc#1" [stack: 0x000000461d700000,0x000000461d800000] [id=12052]
  0x000001752af48800 ConcurrentGCThread "G1 Refine#0" [stack: 0x000000461b700000,0x000000461b800000] [id=18392]
  0x000001752cd8a800 ConcurrentGCThread "G1 Refine#1" [stack: 0x0000004624700000,0x0000004624800000] [id=22468]
  0x00000175362ac000 ConcurrentGCThread "G1 Refine#2" [stack: 0x0000004624800000,0x0000004624900000] [id=16400]
  0x00000175362ac800 ConcurrentGCThread "G1 Refine#3" [stack: 0x0000004624900000,0x0000004624a00000] [id=25748]
  0x000001752af49000 ConcurrentGCThread "G1 Young RemSet Sampling" [stack: 0x000000461b800000,0x000000461b900000] [id=9652]

Threads with active compile tasks:
C2 CompilerThread0    33645 20751       4       com.android.tools.r8.dex.code.v1::a (4134 bytes)

VM state:at safepoint (normal execution)

VM Mutex/Monitor currently owned by a thread:  ([mutex/lock_event])
[0x0000017510bd05e0] Threads_lock - owner thread: 0x000001752b8f8800
[0x0000017510bcf860] Heap_lock - owner thread: 0x00000175309be000

Heap address: 0x0000000080000000, size: 2048 MB, Compressed Oops mode: 32-bit
Narrow klass base: 0x0000000000000000, Narrow klass shift: 3
Compressed class space size: 1073741824 Address: 0x0000000100000000

Heap:
 garbage-first heap   total 1193984K, used 485375K [0x0000000080000000, 0x0000000100000000)
  region size 1024K, 9 young (9216K), 9 survivors (9216K)
 Metaspace       used 124619K, capacity 128004K, committed 128204K, reserved 1161216K
  class space    used 15678K, capacity 17080K, committed 17100K, reserved 1048576K
Heap Regions: E=young(eden), S=young(survivor), O=old, HS=humongous(starts), HC=humongous(continues), CS=collection set, F=free, A=archive, TAMS=top-at-mark-start (previous, next)
|   0|0x0000000080000000, 0x0000000080100000, 0x0000000080100000|100%| O|  |TAMS 0x0000000080100000, 0x0000000080000000| Untracked 
|   1|0x0000000080100000, 0x00000000801ffff8, 0x0000000080200000| 99%| O|  |TAMS 0x00000000801ffff8, 0x0000000080100000| Untracked 
|   2|0x0000000080200000, 0x0000000080300000, 0x0000000080300000|100%| O|  |TAMS 0x0000000080300000, 0x0000000080200000| Untracked 
|   3|0x0000000080300000, 0x0000000080400000, 0x0000000080400000|100%|HS|  |TAMS 0x0000000080400000, 0x0000000080300000| Complete 
|   4|0x0000000080400000, 0x0000000080500000, 0x0000000080500000|100%|HC|  |TAMS 0x0000000080500000, 0x0000000080400000| Complete 
|   5|0x0000000080500000, 0x0000000080600000, 0x0000000080600000|100%|HC|  |TAMS 0x0000000080600000, 0x0000000080500000| Complete 
|   6|0x0000000080600000, 0x0000000080700000, 0x0000000080700000|100%| O|  |TAMS 0x0000000080700000, 0x0000000080600000| Untracked 
|   7|0x0000000080700000, 0x0000000080800000, 0x0000000080800000|100%| O|  |TAMS 0x0000000080800000, 0x0000000080700000| Untracked 
|   8|0x0000000080800000, 0x0000000080900000, 0x0000000080900000|100%| O|  |TAMS 0x0000000080900000, 0x0000000080800000| Untracked 
|   9|0x0000000080900000, 0x0000000080a00000, 0x0000000080a00000|100%| O|  |TAMS 0x0000000080a00000, 0x0000000080900000| Untracked 
|  10|0x0000000080a00000, 0x0000000080b00000, 0x0000000080b00000|100%| O|  |TAMS 0x0000000080b00000, 0x0000000080a00000| Untracked 
|  11|0x0000000080b00000, 0x0000000080c00000, 0x0000000080c00000|100%| O|  |TAMS 0x0000000080c00000, 0x0000000080b00000| Untracked 
|  12|0x0000000080c00000, 0x0000000080d00000, 0x0000000080d00000|100%| O|  |TAMS 0x0000000080d00000, 0x0000000080c00000| Untracked 
|  13|0x0000000080d00000, 0x0000000080e00000, 0x0000000080e00000|100%| O|  |TAMS 0x0000000080e00000, 0x0000000080d00000| Untracked 
|  14|0x0000000080e00000, 0x0000000080f00000, 0x0000000080f00000|100%| O|  |TAMS 0x0000000080f00000, 0x0000000080e00000| Untracked 
|  15|0x0000000080f00000, 0x0000000081000000, 0x0000000081000000|100%| O|  |TAMS 0x0000000081000000, 0x0000000080f00000| Untracked 
|  16|0x0000000081000000, 0x0000000081100000, 0x0000000081100000|100%| O|  |TAMS 0x0000000081100000, 0x0000000081000000| Untracked 
|  17|0x0000000081100000, 0x0000000081200000, 0x0000000081200000|100%| O|  |TAMS 0x0000000081200000, 0x0000000081100000| Untracked 
|  18|0x0000000081200000, 0x0000000081300000, 0x0000000081300000|100%| O|  |TAMS 0x0000000081300000, 0x0000000081200000| Untracked 
|  19|0x0000000081300000, 0x0000000081400000, 0x0000000081400000|100%| O|  |TAMS 0x0000000081400000, 0x0000000081300000| Untracked 
|  20|0x0000000081400000, 0x0000000081500000, 0x0000000081500000|100%| O|  |TAMS 0x0000000081500000, 0x0000000081400000| Untracked 
|  21|0x0000000081500000, 0x0000000081600000, 0x0000000081600000|100%| O|  |TAMS 0x0000000081600000, 0x0000000081500000| Untracked 
|  22|0x0000000081600000, 0x0000000081700000, 0x0000000081700000|100%|HS|  |TAMS 0x0000000081700000, 0x0000000081600000| Complete 
|  23|0x0000000081700000, 0x0000000081800000, 0x0000000081800000|100%|HS|  |TAMS 0x0000000081800000, 0x0000000081700000| Complete 
|  24|0x0000000081800000, 0x0000000081900000, 0x0000000081900000|100%|HC|  |TAMS 0x0000000081900000, 0x0000000081800000| Complete 
|  25|0x0000000081900000, 0x0000000081a00000, 0x0000000081a00000|100%|HS|  |TAMS 0x0000000081a00000, 0x0000000081900000| Complete 
|  26|0x0000000081a00000, 0x0000000081b00000, 0x0000000081b00000|100%|HS|  |TAMS 0x0000000081b00000, 0x0000000081a00000| Complete 
|  27|0x0000000081b00000, 0x0000000081c00000, 0x0000000081c00000|100%|HC|  |TAMS 0x0000000081c00000, 0x0000000081b00000| Complete 
|  28|0x0000000081c00000, 0x0000000081d00000, 0x0000000081d00000|100%|HC|  |TAMS 0x0000000081d00000, 0x0000000081c00000| Complete 
|  29|0x0000000081d00000, 0x0000000081e00000, 0x0000000081e00000|100%|HC|  |TAMS 0x0000000081e00000, 0x0000000081d00000| Complete 
|  30|0x0000000081e00000, 0x0000000081f00000, 0x0000000081f00000|100%| O|  |TAMS 0x0000000081f00000, 0x0000000081e00000| Untracked 
|  31|0x0000000081f00000, 0x0000000082000000, 0x0000000082000000|100%| O|  |TAMS 0x0000000082000000, 0x0000000081f00000| Untracked 
|  32|0x0000000082000000, 0x0000000082100000, 0x0000000082100000|100%| O|  |TAMS 0x0000000082100000, 0x0000000082000000| Untracked 
|  33|0x0000000082100000, 0x0000000082200000, 0x0000000082200000|100%| O|  |TAMS 0x0000000082200000, 0x0000000082100000| Untracked 
|  34|0x0000000082200000, 0x0000000082300000, 0x0000000082300000|100%| O|  |TAMS 0x0000000082300000, 0x0000000082200000| Untracked 
|  35|0x0000000082300000, 0x0000000082400000, 0x0000000082400000|100%| O|  |TAMS 0x0000000082400000, 0x0000000082300000| Untracked 
|  36|0x0000000082400000, 0x0000000082500000, 0x0000000082500000|100%| O|  |TAMS 0x0000000082500000, 0x0000000082400000| Untracked 
|  37|0x0000000082500000, 0x0000000082600000, 0x0000000082600000|100%| O|  |TAMS 0x0000000082600000, 0x0000000082500000| Untracked 
|  38|0x0000000082600000, 0x0000000082700000, 0x0000000082700000|100%| O|  |TAMS 0x0000000082700000, 0x0000000082600000| Untracked 
|  39|0x0000000082700000, 0x0000000082800000, 0x0000000082800000|100%| O|  |TAMS 0x0000000082800000, 0x0000000082700000| Untracked 
|  40|0x0000000082800000, 0x0000000082900000, 0x0000000082900000|100%| O|  |TAMS 0x0000000082900000, 0x0000000082800000| Untracked 
|  41|0x0000000082900000, 0x0000000082a00000, 0x0000000082a00000|100%| O|  |TAMS 0x0000000082a00000, 0x0000000082900000| Untracked 
|  42|0x0000000082a00000, 0x0000000082b00000, 0x0000000082b00000|100%| O|  |TAMS 0x0000000082b00000, 0x0000000082a00000| Untracked 
|  43|0x0000000082b00000, 0x0000000082c00000, 0x0000000082c00000|100%| O|  |TAMS 0x0000000082c00000, 0x0000000082b00000| Untracked 
|  44|0x0000000082c00000, 0x0000000082d00000, 0x0000000082d00000|100%| O|  |TAMS 0x0000000082d00000, 0x0000000082c00000| Untracked 
|  45|0x0000000082d00000, 0x0000000082e00000, 0x0000000082e00000|100%| O|  |TAMS 0x0000000082e00000, 0x0000000082d00000| Untracked 
|  46|0x0000000082e00000, 0x0000000082f00000, 0x0000000082f00000|100%| O|  |TAMS 0x0000000082f00000, 0x0000000082e00000| Untracked 
|  47|0x0000000082f00000, 0x0000000083000000, 0x0000000083000000|100%| O|  |TAMS 0x0000000083000000, 0x0000000082f00000| Untracked 
|  48|0x0000000083000000, 0x0000000083100000, 0x0000000083100000|100%| O|  |TAMS 0x0000000083100000, 0x0000000083000000| Untracked 
|  49|0x0000000083100000, 0x0000000083200000, 0x0000000083200000|100%| O|  |TAMS 0x0000000083200000, 0x0000000083100000| Untracked 
|  50|0x0000000083200000, 0x0000000083300000, 0x0000000083300000|100%| O|  |TAMS 0x0000000083300000, 0x0000000083200000| Untracked 
|  51|0x0000000083300000, 0x0000000083400000, 0x0000000083400000|100%| O|  |TAMS 0x0000000083400000, 0x0000000083300000| Untracked 
|  52|0x0000000083400000, 0x0000000083500000, 0x0000000083500000|100%| O|  |TAMS 0x0000000083500000, 0x0000000083400000| Untracked 
|  53|0x0000000083500000, 0x0000000083600000, 0x0000000083600000|100%| O|  |TAMS 0x0000000083600000, 0x0000000083500000| Untracked 
|  54|0x0000000083600000, 0x0000000083700000, 0x0000000083700000|100%| O|  |TAMS 0x0000000083700000, 0x0000000083600000| Untracked 
|  55|0x0000000083700000, 0x0000000083800000, 0x0000000083800000|100%| O|  |TAMS 0x0000000083800000, 0x0000000083700000| Untracked 
|  56|0x0000000083800000, 0x0000000083900000, 0x0000000083900000|100%| O|  |TAMS 0x0000000083900000, 0x0000000083800000| Untracked 
|  57|0x0000000083900000, 0x0000000083a00000, 0x0000000083a00000|100%| O|  |TAMS 0x0000000083a00000, 0x0000000083900000| Untracked 
|  58|0x0000000083a00000, 0x0000000083b00000, 0x0000000083b00000|100%| O|  |TAMS 0x0000000083b00000, 0x0000000083a00000| Untracked 
|  59|0x0000000083b00000, 0x0000000083c00000, 0x0000000083c00000|100%| O|  |TAMS 0x0000000083c00000, 0x0000000083b00000| Untracked 
|  60|0x0000000083c00000, 0x0000000083d00000, 0x0000000083d00000|100%| O|  |TAMS 0x0000000083d00000, 0x0000000083c00000| Untracked 
|  61|0x0000000083d00000, 0x0000000083e00000, 0x0000000083e00000|100%| O|  |TAMS 0x0000000083e00000, 0x0000000083d00000| Untracked 
|  62|0x0000000083e00000, 0x0000000083f00000, 0x0000000083f00000|100%| O|  |TAMS 0x0000000083f00000, 0x0000000083e00000| Untracked 
|  63|0x0000000083f00000, 0x0000000084000000, 0x0000000084000000|100%| O|  |TAMS 0x0000000084000000, 0x0000000083f00000| Untracked 
|  64|0x0000000084000000, 0x0000000084100000, 0x0000000084100000|100%| O|  |TAMS 0x0000000084100000, 0x0000000084000000| Untracked 
|  65|0x0000000084100000, 0x0000000084200000, 0x0000000084200000|100%| O|  |TAMS 0x0000000084200000, 0x0000000084100000| Untracked 
|  66|0x0000000084200000, 0x0000000084300000, 0x0000000084300000|100%| O|  |TAMS 0x0000000084300000, 0x0000000084200000| Untracked 
|  67|0x0000000084300000, 0x0000000084400000, 0x0000000084400000|100%| O|  |TAMS 0x0000000084400000, 0x0000000084300000| Untracked 
|  68|0x0000000084400000, 0x0000000084500000, 0x0000000084500000|100%| O|  |TAMS 0x0000000084500000, 0x0000000084400000| Untracked 
|  69|0x0000000084500000, 0x0000000084600000, 0x0000000084600000|100%| O|  |TAMS 0x0000000084600000, 0x0000000084500000| Untracked 
|  70|0x0000000084600000, 0x0000000084700000, 0x0000000084700000|100%| O|  |TAMS 0x0000000084700000, 0x0000000084600000| Untracked 
|  71|0x0000000084700000, 0x0000000084800000, 0x0000000084800000|100%| O|  |TAMS 0x0000000084800000, 0x0000000084700000| Untracked 
|  72|0x0000000084800000, 0x0000000084900000, 0x0000000084900000|100%| O|  |TAMS 0x0000000084900000, 0x0000000084800000| Untracked 
|  73|0x0000000084900000, 0x0000000084a00000, 0x0000000084a00000|100%| O|  |TAMS 0x0000000084a00000, 0x0000000084900000| Untracked 
|  74|0x0000000084a00000, 0x0000000084b00000, 0x0000000084b00000|100%| O|  |TAMS 0x0000000084b00000, 0x0000000084a00000| Untracked 
|  75|0x0000000084b00000, 0x0000000084c00000, 0x0000000084c00000|100%| O|  |TAMS 0x0000000084c00000, 0x0000000084b00000| Untracked 
|  76|0x0000000084c00000, 0x0000000084d00000, 0x0000000084d00000|100%| O|  |TAMS 0x0000000084d00000, 0x0000000084c00000| Untracked 
|  77|0x0000000084d00000, 0x0000000084e00000, 0x0000000084e00000|100%| O|  |TAMS 0x0000000084e00000, 0x0000000084d00000| Untracked 
|  78|0x0000000084e00000, 0x0000000084f00000, 0x0000000084f00000|100%| O|  |TAMS 0x0000000084f00000, 0x0000000084e00000| Untracked 
|  79|0x0000000084f00000, 0x0000000085000000, 0x0000000085000000|100%| O|  |TAMS 0x0000000085000000, 0x0000000084f00000| Untracked 
|  80|0x0000000085000000, 0x0000000085100000, 0x0000000085100000|100%| O|  |TAMS 0x0000000085100000, 0x0000000085000000| Untracked 
|  81|0x0000000085100000, 0x0000000085200000, 0x0000000085200000|100%| O|  |TAMS 0x0000000085200000, 0x0000000085100000| Untracked 
|  82|0x0000000085200000, 0x0000000085300000, 0x0000000085300000|100%| O|  |TAMS 0x0000000085300000, 0x0000000085200000| Untracked 
|  83|0x0000000085300000, 0x0000000085400000, 0x0000000085400000|100%| O|  |TAMS 0x0000000085400000, 0x0000000085300000| Untracked 
|  84|0x0000000085400000, 0x0000000085500000, 0x0000000085500000|100%| O|  |TAMS 0x0000000085500000, 0x0000000085400000| Untracked 
|  85|0x0000000085500000, 0x0000000085600000, 0x0000000085600000|100%| O|  |TAMS 0x0000000085600000, 0x0000000085500000| Untracked 
|  86|0x0000000085600000, 0x0000000085700000, 0x0000000085700000|100%| O|  |TAMS 0x0000000085700000, 0x0000000085600000| Untracked 
|  87|0x0000000085700000, 0x0000000085800000, 0x0000000085800000|100%| O|  |TAMS 0x0000000085800000, 0x0000000085700000| Untracked 
|  88|0x0000000085800000, 0x0000000085900000, 0x0000000085900000|100%| O|  |TAMS 0x0000000085900000, 0x0000000085800000| Untracked 
|  89|0x0000000085900000, 0x0000000085a00000, 0x0000000085a00000|100%| O|  |TAMS 0x0000000085a00000, 0x0000000085900000| Untracked 
|  90|0x0000000085a00000, 0x0000000085b00000, 0x0000000085b00000|100%| O|  |TAMS 0x0000000085b00000, 0x0000000085a00000| Untracked 
|  91|0x0000000085b00000, 0x0000000085c00000, 0x0000000085c00000|100%| O|  |TAMS 0x0000000085c00000, 0x0000000085b00000| Untracked 
|  92|0x0000000085c00000, 0x0000000085d00000, 0x0000000085d00000|100%| O|  |TAMS 0x0000000085d00000, 0x0000000085c00000| Untracked 
|  93|0x0000000085d00000, 0x0000000085e00000, 0x0000000085e00000|100%| O|  |TAMS 0x0000000085e00000, 0x0000000085d00000| Untracked 
|  94|0x0000000085e00000, 0x0000000085f00000, 0x0000000085f00000|100%| O|  |TAMS 0x0000000085f00000, 0x0000000085e00000| Untracked 
|  95|0x0000000085f00000, 0x0000000086000000, 0x0000000086000000|100%| O|  |TAMS 0x0000000086000000, 0x0000000085f00000| Untracked 
|  96|0x0000000086000000, 0x0000000086100000, 0x0000000086100000|100%| O|  |TAMS 0x0000000086100000, 0x0000000086000000| Untracked 
|  97|0x0000000086100000, 0x0000000086200000, 0x0000000086200000|100%| O|  |TAMS 0x0000000086200000, 0x0000000086100000| Untracked 
|  98|0x0000000086200000, 0x0000000086300000, 0x0000000086300000|100%| O|  |TAMS 0x0000000086300000, 0x0000000086200000| Untracked 
|  99|0x0000000086300000, 0x0000000086400000, 0x0000000086400000|100%| O|  |TAMS 0x0000000086400000, 0x0000000086300000| Untracked 
| 100|0x0000000086400000, 0x0000000086500000, 0x0000000086500000|100%| O|  |TAMS 0x0000000086500000, 0x0000000086400000| Untracked 
| 101|0x0000000086500000, 0x0000000086600000, 0x0000000086600000|100%| O|  |TAMS 0x0000000086600000, 0x0000000086500000| Untracked 
| 102|0x0000000086600000, 0x0000000086700000, 0x0000000086700000|100%| O|  |TAMS 0x0000000086700000, 0x0000000086600000| Untracked 
| 103|0x0000000086700000, 0x0000000086800000, 0x0000000086800000|100%| O|  |TAMS 0x0000000086800000, 0x0000000086700000| Untracked 
| 104|0x0000000086800000, 0x0000000086900000, 0x0000000086900000|100%| O|  |TAMS 0x0000000086900000, 0x0000000086800000| Untracked 
| 105|0x0000000086900000, 0x0000000086a00000, 0x0000000086a00000|100%| O|  |TAMS 0x0000000086a00000, 0x0000000086900000| Untracked 
| 106|0x0000000086a00000, 0x0000000086b00000, 0x0000000086b00000|100%| O|  |TAMS 0x0000000086b00000, 0x0000000086a00000| Untracked 
| 107|0x0000000086b00000, 0x0000000086c00000, 0x0000000086c00000|100%| O|  |TAMS 0x0000000086c00000, 0x0000000086b00000| Untracked 
| 108|0x0000000086c00000, 0x0000000086d00000, 0x0000000086d00000|100%| O|  |TAMS 0x0000000086d00000, 0x0000000086c00000| Untracked 
| 109|0x0000000086d00000, 0x0000000086e00000, 0x0000000086e00000|100%| O|  |TAMS 0x0000000086e00000, 0x0000000086d00000| Untracked 
| 110|0x0000000086e00000, 0x0000000086f00000, 0x0000000086f00000|100%| O|  |TAMS 0x0000000086f00000, 0x0000000086e00000| Untracked 
| 111|0x0000000086f00000, 0x0000000087000000, 0x0000000087000000|100%| O|  |TAMS 0x0000000087000000, 0x0000000086f00000| Untracked 
| 112|0x0000000087000000, 0x0000000087100000, 0x0000000087100000|100%| O|  |TAMS 0x0000000087100000, 0x0000000087000000| Untracked 
| 113|0x0000000087100000, 0x0000000087200000, 0x0000000087200000|100%| O|  |TAMS 0x0000000087100000, 0x0000000087100000| Untracked 
| 114|0x0000000087200000, 0x0000000087300000, 0x0000000087300000|100%| O|  |TAMS 0x0000000087300000, 0x0000000087200000| Untracked 
| 115|0x0000000087300000, 0x0000000087400000, 0x0000000087400000|100%| O|  |TAMS 0x0000000087400000, 0x0000000087300000| Untracked 
| 116|0x0000000087400000, 0x0000000087500000, 0x0000000087500000|100%| O|  |TAMS 0x0000000087400000, 0x0000000087400000| Untracked 
| 117|0x0000000087500000, 0x0000000087600000, 0x0000000087600000|100%| O|  |TAMS 0x0000000087600000, 0x0000000087500000| Untracked 
| 118|0x0000000087600000, 0x0000000087700000, 0x0000000087700000|100%| O|  |TAMS 0x0000000087700000, 0x0000000087600000| Untracked 
| 119|0x0000000087700000, 0x0000000087800000, 0x0000000087800000|100%| O|  |TAMS 0x0000000087800000, 0x0000000087700000| Untracked 
| 120|0x0000000087800000, 0x0000000087900000, 0x0000000087900000|100%| O|  |TAMS 0x0000000087900000, 0x0000000087800000| Untracked 
| 121|0x0000000087900000, 0x0000000087a00000, 0x0000000087a00000|100%| O|  |TAMS 0x0000000087a00000, 0x0000000087900000| Untracked 
| 122|0x0000000087a00000, 0x0000000087b00000, 0x0000000087b00000|100%| O|  |TAMS 0x0000000087b00000, 0x0000000087a00000| Untracked 
| 123|0x0000000087b00000, 0x0000000087c00000, 0x0000000087c00000|100%|HS|  |TAMS 0x0000000087c00000, 0x0000000087b00000| Complete 
| 124|0x0000000087c00000, 0x0000000087d00000, 0x0000000087d00000|100%| O|  |TAMS 0x0000000087c00000, 0x0000000087c00000| Untracked 
| 125|0x0000000087d00000, 0x0000000087e00000, 0x0000000087e00000|100%| O|  |TAMS 0x0000000087d00000, 0x0000000087d00000| Untracked 
| 126|0x0000000087e00000, 0x0000000087f00000, 0x0000000087f00000|100%|HS|  |TAMS 0x0000000087f00000, 0x0000000087e00000| Complete 
| 127|0x0000000087f00000, 0x0000000088000000, 0x0000000088000000|100%| O|  |TAMS 0x0000000088000000, 0x0000000087f00000| Untracked 
| 128|0x0000000088000000, 0x0000000088100000, 0x0000000088100000|100%| O|  |TAMS 0x0000000088100000, 0x0000000088000000| Untracked 
| 129|0x0000000088100000, 0x0000000088200000, 0x0000000088200000|100%| O|  |TAMS 0x0000000088200000, 0x0000000088100000| Untracked 
| 130|0x0000000088200000, 0x0000000088300000, 0x0000000088300000|100%| O|  |TAMS 0x0000000088300000, 0x0000000088200000| Untracked 
| 131|0x0000000088300000, 0x0000000088400000, 0x0000000088400000|100%| O|  |TAMS 0x0000000088400000, 0x0000000088300000| Untracked 
| 132|0x0000000088400000, 0x0000000088500000, 0x0000000088500000|100%| O|  |TAMS 0x0000000088400000, 0x0000000088400000| Untracked 
| 133|0x0000000088500000, 0x0000000088600000, 0x0000000088600000|100%| O|  |TAMS 0x0000000088600000, 0x0000000088500000| Untracked 
| 134|0x0000000088600000, 0x0000000088700000, 0x0000000088700000|100%| O|  |TAMS 0x0000000088700000, 0x0000000088600000| Untracked 
| 135|0x0000000088700000, 0x0000000088800000, 0x0000000088800000|100%| O|  |TAMS 0x0000000088800000, 0x0000000088700000| Untracked 
| 136|0x0000000088800000, 0x0000000088900000, 0x0000000088900000|100%| O|  |TAMS 0x0000000088900000, 0x0000000088800000| Untracked 
| 137|0x0000000088900000, 0x0000000088a00000, 0x0000000088a00000|100%| O|  |TAMS 0x0000000088a00000, 0x0000000088900000| Untracked 
| 138|0x0000000088a00000, 0x0000000088b00000, 0x0000000088b00000|100%| O|  |TAMS 0x0000000088a00000, 0x0000000088a00000| Untracked 
| 139|0x0000000088b00000, 0x0000000088c00000, 0x0000000088c00000|100%| O|  |TAMS 0x0000000088b00000, 0x0000000088b00000| Untracked 
| 140|0x0000000088c00000, 0x0000000088d00000, 0x0000000088d00000|100%| O|  |TAMS 0x0000000088d00000, 0x0000000088c00000| Untracked 
| 141|0x0000000088d00000, 0x0000000088e00000, 0x0000000088e00000|100%| O|  |TAMS 0x0000000088d00000, 0x0000000088d00000| Untracked 
| 142|0x0000000088e00000, 0x0000000088f00000, 0x0000000088f00000|100%|HS|  |TAMS 0x0000000088f00000, 0x0000000088e00000| Complete 
| 143|0x0000000088f00000, 0x0000000089000000, 0x0000000089000000|100%|HC|  |TAMS 0x0000000089000000, 0x0000000088f00000| Complete 
| 144|0x0000000089000000, 0x0000000089100000, 0x0000000089100000|100%|HS|  |TAMS 0x0000000089100000, 0x0000000089000000| Complete 
| 145|0x0000000089100000, 0x0000000089200000, 0x0000000089200000|100%|HC|  |TAMS 0x0000000089200000, 0x0000000089100000| Complete 
| 146|0x0000000089200000, 0x0000000089300000, 0x0000000089300000|100%|HC|  |TAMS 0x0000000089300000, 0x0000000089200000| Complete 
| 147|0x0000000089300000, 0x0000000089400000, 0x0000000089400000|100%|HC|  |TAMS 0x0000000089400000, 0x0000000089300000| Complete 
| 148|0x0000000089400000, 0x0000000089500000, 0x0000000089500000|100%|HC|  |TAMS 0x0000000089500000, 0x0000000089400000| Complete 
| 149|0x0000000089500000, 0x0000000089600000, 0x0000000089600000|100%|HC|  |TAMS 0x0000000089600000, 0x0000000089500000| Complete 
| 150|0x0000000089600000, 0x0000000089700000, 0x0000000089700000|100%|HS|  |TAMS 0x0000000089700000, 0x0000000089600000| Complete 
| 151|0x0000000089700000, 0x0000000089800000, 0x0000000089800000|100%|HC|  |TAMS 0x0000000089800000, 0x0000000089700000| Complete 
| 152|0x0000000089800000, 0x0000000089900000, 0x0000000089900000|100%|HC|  |TAMS 0x0000000089900000, 0x0000000089800000| Complete 
| 153|0x0000000089900000, 0x0000000089a00000, 0x0000000089a00000|100%|HC|  |TAMS 0x0000000089a00000, 0x0000000089900000| Complete 
| 154|0x0000000089a00000, 0x0000000089b00000, 0x0000000089b00000|100%|HS|  |TAMS 0x0000000089b00000, 0x0000000089a00000| Complete 
| 155|0x0000000089b00000, 0x0000000089c00000, 0x0000000089c00000|100%|HS|  |TAMS 0x0000000089c00000, 0x0000000089b00000| Complete 
| 156|0x0000000089c00000, 0x0000000089d00000, 0x0000000089d00000|100%|HS|  |TAMS 0x0000000089d00000, 0x0000000089c00000| Complete 
| 157|0x0000000089d00000, 0x0000000089e00000, 0x0000000089e00000|100%|HC|  |TAMS 0x0000000089e00000, 0x0000000089d00000| Complete 
| 158|0x0000000089e00000, 0x0000000089f00000, 0x0000000089f00000|100%|HS|  |TAMS 0x0000000089f00000, 0x0000000089e00000| Complete 
| 159|0x0000000089f00000, 0x000000008a000000, 0x000000008a000000|100%|HS|  |TAMS 0x000000008a000000, 0x0000000089f00000| Complete 
| 160|0x000000008a000000, 0x000000008a100000, 0x000000008a100000|100%|HC|  |TAMS 0x000000008a100000, 0x000000008a000000| Complete 
| 161|0x000000008a100000, 0x000000008a200000, 0x000000008a200000|100%|HS|  |TAMS 0x000000008a200000, 0x000000008a100000| Complete 
| 162|0x000000008a200000, 0x000000008a300000, 0x000000008a300000|100%|HS|  |TAMS 0x000000008a300000, 0x000000008a200000| Complete 
| 163|0x000000008a300000, 0x000000008a400000, 0x000000008a400000|100%|HC|  |TAMS 0x000000008a400000, 0x000000008a300000| Complete 
| 164|0x000000008a400000, 0x000000008a500000, 0x000000008a500000|100%|HC|  |TAMS 0x000000008a500000, 0x000000008a400000| Complete 
| 165|0x000000008a500000, 0x000000008a600000, 0x000000008a600000|100%| O|  |TAMS 0x000000008a600000, 0x000000008a500000| Untracked 
| 166|0x000000008a600000, 0x000000008a700000, 0x000000008a700000|100%| O|  |TAMS 0x000000008a700000, 0x000000008a600000| Untracked 
| 167|0x000000008a700000, 0x000000008a800000, 0x000000008a800000|100%| O|  |TAMS 0x000000008a800000, 0x000000008a700000| Untracked 
| 168|0x000000008a800000, 0x000000008a900000, 0x000000008a900000|100%| O|  |TAMS 0x000000008a900000, 0x000000008a800000| Untracked 
| 169|0x000000008a900000, 0x000000008aa00000, 0x000000008aa00000|100%| O|  |TAMS 0x000000008aa00000, 0x000000008a900000| Untracked 
| 170|0x000000008aa00000, 0x000000008ab00000, 0x000000008ab00000|100%| O|  |TAMS 0x000000008ab00000, 0x000000008aa00000| Untracked 
| 171|0x000000008ab00000, 0x000000008ac00000, 0x000000008ac00000|100%| O|  |TAMS 0x000000008ac00000, 0x000000008ab00000| Untracked 
| 172|0x000000008ac00000, 0x000000008ad00000, 0x000000008ad00000|100%| O|  |TAMS 0x000000008ad00000, 0x000000008ac00000| Untracked 
| 173|0x000000008ad00000, 0x000000008ae00000, 0x000000008ae00000|100%| O|  |TAMS 0x000000008ae00000, 0x000000008ad00000| Untracked 
| 174|0x000000008ae00000, 0x000000008af00000, 0x000000008af00000|100%| O|  |TAMS 0x000000008af00000, 0x000000008ae00000| Untracked 
| 175|0x000000008af00000, 0x000000008b000000, 0x000000008b000000|100%|HS|  |TAMS 0x000000008af00000, 0x000000008af00000| Complete 
| 176|0x000000008b000000, 0x000000008b100000, 0x000000008b100000|100%|HC|  |TAMS 0x000000008b000000, 0x000000008b000000| Complete 
| 177|0x000000008b100000, 0x000000008b200000, 0x000000008b200000|100%|HC|  |TAMS 0x000000008b100000, 0x000000008b100000| Complete 
| 178|0x000000008b200000, 0x000000008b300000, 0x000000008b300000|100%|HC|  |TAMS 0x000000008b200000, 0x000000008b200000| Complete 
| 179|0x000000008b300000, 0x000000008b400000, 0x000000008b400000|100%|HC|  |TAMS 0x000000008b300000, 0x000000008b300000| Complete 
| 180|0x000000008b400000, 0x000000008b500000, 0x000000008b500000|100%|HC|  |TAMS 0x000000008b400000, 0x000000008b400000| Complete 
| 181|0x000000008b500000, 0x000000008b600000, 0x000000008b600000|100%|HS|  |TAMS 0x000000008b500000, 0x000000008b500000| Complete 
| 182|0x000000008b600000, 0x000000008b700000, 0x000000008b700000|100%|HS|  |TAMS 0x000000008b600000, 0x000000008b600000| Complete 
| 183|0x000000008b700000, 0x000000008b800000, 0x000000008b800000|100%|HC|  |TAMS 0x000000008b700000, 0x000000008b700000| Complete 
| 184|0x000000008b800000, 0x000000008b900000, 0x000000008b900000|100%| O|  |TAMS 0x000000008b800000, 0x000000008b800000| Untracked 
| 185|0x000000008b900000, 0x000000008ba00000, 0x000000008ba00000|100%|HS|  |TAMS 0x000000008ba00000, 0x000000008b900000| Complete 
| 186|0x000000008ba00000, 0x000000008bb00000, 0x000000008bb00000|100%|HC|  |TAMS 0x000000008bb00000, 0x000000008ba00000| Complete 
| 187|0x000000008bb00000, 0x000000008bc00000, 0x000000008bc00000|100%| O|  |TAMS 0x000000008bb00000, 0x000000008bb00000| Untracked 
| 188|0x000000008bc00000, 0x000000008bd00000, 0x000000008bd00000|100%| O|  |TAMS 0x000000008bc00000, 0x000000008bc00000| Untracked 
| 189|0x000000008bd00000, 0x000000008be00000, 0x000000008be00000|100%| O|  |TAMS 0x000000008bd00000, 0x000000008bd00000| Untracked 
| 190|0x000000008be00000, 0x000000008bf00000, 0x000000008bf00000|100%| O|  |TAMS 0x000000008bf00000, 0x000000008be00000| Untracked 
| 191|0x000000008bf00000, 0x000000008c000000, 0x000000008c000000|100%| O|  |TAMS 0x000000008bf00000, 0x000000008bf00000| Untracked 
| 192|0x000000008c000000, 0x000000008c100000, 0x000000008c100000|100%| O|  |TAMS 0x000000008c000000, 0x000000008c000000| Untracked 
| 193|0x000000008c100000, 0x000000008c200000, 0x000000008c200000|100%| O|  |TAMS 0x000000008c100000, 0x000000008c100000| Untracked 
| 194|0x000000008c200000, 0x000000008c300000, 0x000000008c300000|100%|HS|  |TAMS 0x000000008c200000, 0x000000008c200000| Complete 
| 195|0x000000008c300000, 0x000000008c400000, 0x000000008c400000|100%| O|  |TAMS 0x000000008c300000, 0x000000008c300000| Untracked 
| 196|0x000000008c400000, 0x000000008c500000, 0x000000008c500000|100%|HS|  |TAMS 0x000000008c400000, 0x000000008c400000| Complete 
| 197|0x000000008c500000, 0x000000008c600000, 0x000000008c600000|100%| O|  |TAMS 0x000000008c600000, 0x000000008c500000| Untracked 
| 198|0x000000008c600000, 0x000000008c700000, 0x000000008c700000|100%| O|  |TAMS 0x000000008c600000, 0x000000008c600000| Untracked 
| 199|0x000000008c700000, 0x000000008c800000, 0x000000008c800000|100%|HS|  |TAMS 0x000000008c700000, 0x000000008c700000| Complete 
| 200|0x000000008c800000, 0x000000008c900000, 0x000000008c900000|100%| O|  |TAMS 0x000000008c800000, 0x000000008c800000| Untracked 
| 201|0x000000008c900000, 0x000000008ca00000, 0x000000008ca00000|100%| O|  |TAMS 0x000000008c900000, 0x000000008c900000| Untracked 
| 202|0x000000008ca00000, 0x000000008cb00000, 0x000000008cb00000|100%| O|  |TAMS 0x000000008ca00000, 0x000000008ca00000| Untracked 
| 203|0x000000008cb00000, 0x000000008cc00000, 0x000000008cc00000|100%| O|  |TAMS 0x000000008cb00000, 0x000000008cb00000| Untracked 
| 204|0x000000008cc00000, 0x000000008cd00000, 0x000000008cd00000|100%| O|  |TAMS 0x000000008cc00000, 0x000000008cc00000| Untracked 
| 205|0x000000008cd00000, 0x000000008ce00000, 0x000000008ce00000|100%| O|  |TAMS 0x000000008cd00000, 0x000000008cd00000| Untracked 
| 206|0x000000008ce00000, 0x000000008cf00000, 0x000000008cf00000|100%|HS|  |TAMS 0x000000008ce00000, 0x000000008ce00000| Complete 
| 207|0x000000008cf00000, 0x000000008d000000, 0x000000008d000000|100%| O|  |TAMS 0x000000008cf00000, 0x000000008cf00000| Untracked 
| 208|0x000000008d000000, 0x000000008d100000, 0x000000008d100000|100%| O|  |TAMS 0x000000008d100000, 0x000000008d000000| Untracked 
| 209|0x000000008d100000, 0x000000008d200000, 0x000000008d200000|100%| O|  |TAMS 0x000000008d200000, 0x000000008d100000| Untracked 
| 210|0x000000008d200000, 0x000000008d300000, 0x000000008d300000|100%| O|  |TAMS 0x000000008d300000, 0x000000008d200000| Untracked 
| 211|0x000000008d300000, 0x000000008d400000, 0x000000008d400000|100%| O|  |TAMS 0x000000008d400000, 0x000000008d300000| Untracked 
| 212|0x000000008d400000, 0x000000008d500000, 0x000000008d500000|100%| O|  |TAMS 0x000000008d500000, 0x000000008d400000| Untracked 
| 213|0x000000008d500000, 0x000000008d600000, 0x000000008d600000|100%| O|  |TAMS 0x000000008d600000, 0x000000008d500000| Untracked 
| 214|0x000000008d600000, 0x000000008d700000, 0x000000008d700000|100%| O|  |TAMS 0x000000008d700000, 0x000000008d600000| Untracked 
| 215|0x000000008d700000, 0x000000008d800000, 0x000000008d800000|100%| O|  |TAMS 0x000000008d800000, 0x000000008d700000| Untracked 
| 216|0x000000008d800000, 0x000000008d900000, 0x000000008d900000|100%| O|  |TAMS 0x000000008d900000, 0x000000008d800000| Untracked 
| 217|0x000000008d900000, 0x000000008da00000, 0x000000008da00000|100%| O|  |TAMS 0x000000008da00000, 0x000000008d900000| Untracked 
| 218|0x000000008da00000, 0x000000008db00000, 0x000000008db00000|100%| O|  |TAMS 0x000000008db00000, 0x000000008da00000| Untracked 
| 219|0x000000008db00000, 0x000000008dc00000, 0x000000008dc00000|100%| O|  |TAMS 0x000000008dbd5200, 0x000000008db00000| Untracked 
| 220|0x000000008dc00000, 0x000000008dd00000, 0x000000008dd00000|100%|HS|  |TAMS 0x000000008dc00000, 0x000000008dc00000| Complete 
| 221|0x000000008dd00000, 0x000000008de00000, 0x000000008de00000|100%|HC|  |TAMS 0x000000008dd00000, 0x000000008dd00000| Complete 
| 222|0x000000008de00000, 0x000000008df00000, 0x000000008df00000|100%|HC|  |TAMS 0x000000008de00000, 0x000000008de00000| Complete 
| 223|0x000000008df00000, 0x000000008e000000, 0x000000008e000000|100%|HC|  |TAMS 0x000000008df00000, 0x000000008df00000| Complete 
| 224|0x000000008e000000, 0x000000008e100000, 0x000000008e100000|100%| O|  |TAMS 0x000000008e000000, 0x000000008e000000| Untracked 
| 225|0x000000008e100000, 0x000000008e200000, 0x000000008e200000|100%|HS|  |TAMS 0x000000008e100000, 0x000000008e100000| Complete 
| 226|0x000000008e200000, 0x000000008e300000, 0x000000008e300000|100%| O|  |TAMS 0x000000008e200000, 0x000000008e200000| Untracked 
| 227|0x000000008e300000, 0x000000008e400000, 0x000000008e400000|100%| O|  |TAMS 0x000000008e300000, 0x000000008e300000| Untracked 
| 228|0x000000008e400000, 0x000000008e500000, 0x000000008e500000|100%| O|  |TAMS 0x000000008e400000, 0x000000008e400000| Untracked 
| 229|0x000000008e500000, 0x000000008e600000, 0x000000008e600000|100%|HS|  |TAMS 0x000000008e500000, 0x000000008e500000| Complete 
| 230|0x000000008e600000, 0x000000008e700000, 0x000000008e700000|100%|HC|  |TAMS 0x000000008e600000, 0x000000008e600000| Complete 
| 231|0x000000008e700000, 0x000000008e800000, 0x000000008e800000|100%| O|  |TAMS 0x000000008e700000, 0x000000008e700000| Untracked 
| 232|0x000000008e800000, 0x000000008e900000, 0x000000008e900000|100%|HS|  |TAMS 0x000000008e800000, 0x000000008e800000| Complete 
| 233|0x000000008e900000, 0x000000008ea00000, 0x000000008ea00000|100%| O|  |TAMS 0x000000008e900000, 0x000000008e900000| Untracked 
| 234|0x000000008ea00000, 0x000000008eb00000, 0x000000008eb00000|100%| O|  |TAMS 0x000000008ea00000, 0x000000008ea00000| Untracked 
| 235|0x000000008eb00000, 0x000000008ec00000, 0x000000008ec00000|100%| O|  |TAMS 0x000000008eb00000, 0x000000008eb00000| Untracked 
| 236|0x000000008ec00000, 0x000000008ed00000, 0x000000008ed00000|100%|HS|  |TAMS 0x000000008ec00000, 0x000000008ec00000| Complete 
| 237|0x000000008ed00000, 0x000000008ee00000, 0x000000008ee00000|100%|HC|  |TAMS 0x000000008ed00000, 0x000000008ed00000| Complete 
| 238|0x000000008ee00000, 0x000000008ef00000, 0x000000008ef00000|100%| O|  |TAMS 0x000000008ee00000, 0x000000008ee00000| Untracked 
| 239|0x000000008ef00000, 0x000000008f000000, 0x000000008f000000|100%|HS|  |TAMS 0x000000008ef00000, 0x000000008ef00000| Complete 
| 240|0x000000008f000000, 0x000000008f100000, 0x000000008f100000|100%| O|  |TAMS 0x000000008f000000, 0x000000008f000000| Untracked 
| 241|0x000000008f100000, 0x000000008f200000, 0x000000008f200000|100%| O|  |TAMS 0x000000008f100000, 0x000000008f100000| Untracked 
| 242|0x000000008f200000, 0x000000008f300000, 0x000000008f300000|100%| O|  |TAMS 0x000000008f200000, 0x000000008f200000| Untracked 
| 243|0x000000008f300000, 0x000000008f400000, 0x000000008f400000|100%| O|  |TAMS 0x000000008f300000, 0x000000008f300000| Untracked 
| 244|0x000000008f400000, 0x000000008f500000, 0x000000008f500000|100%| O|  |TAMS 0x000000008f400000, 0x000000008f400000| Untracked 
| 245|0x000000008f500000, 0x000000008f600000, 0x000000008f600000|100%| O|  |TAMS 0x000000008f500000, 0x000000008f500000| Untracked 
| 246|0x000000008f600000, 0x000000008f700000, 0x000000008f700000|100%|HS|  |TAMS 0x000000008f600000, 0x000000008f600000| Complete 
| 247|0x000000008f700000, 0x000000008f800000, 0x000000008f800000|100%|HC|  |TAMS 0x000000008f700000, 0x000000008f700000| Complete 
| 248|0x000000008f800000, 0x000000008f900000, 0x000000008f900000|100%|HC|  |TAMS 0x000000008f800000, 0x000000008f800000| Complete 
| 249|0x000000008f900000, 0x000000008fa00000, 0x000000008fa00000|100%|HS|  |TAMS 0x000000008f900000, 0x000000008f900000| Complete 
| 250|0x000000008fa00000, 0x000000008fb00000, 0x000000008fb00000|100%|HC|  |TAMS 0x000000008fa00000, 0x000000008fa00000| Complete 
| 251|0x000000008fb00000, 0x000000008fc00000, 0x000000008fc00000|100%| O|  |TAMS 0x000000008fb00000, 0x000000008fb00000| Untracked 
| 252|0x000000008fc00000, 0x000000008fd00000, 0x000000008fd00000|100%| O|  |TAMS 0x000000008fc00000, 0x000000008fc00000| Untracked 
| 253|0x000000008fd00000, 0x000000008fe00000, 0x000000008fe00000|100%| O|  |TAMS 0x000000008fd00000, 0x000000008fd00000| Untracked 
| 254|0x000000008fe00000, 0x000000008ff00000, 0x000000008ff00000|100%| O|  |TAMS 0x000000008fe00000, 0x000000008fe00000| Untracked 
| 255|0x000000008ff00000, 0x0000000090000000, 0x0000000090000000|100%| O|  |TAMS 0x000000008ff00000, 0x000000008ff00000| Untracked 
| 256|0x0000000090000000, 0x0000000090100000, 0x0000000090100000|100%| O|  |TAMS 0x0000000090000000, 0x0000000090000000| Untracked 
| 257|0x0000000090100000, 0x0000000090200000, 0x0000000090200000|100%|HS|  |TAMS 0x0000000090100000, 0x0000000090100000| Complete 
| 258|0x0000000090200000, 0x0000000090300000, 0x0000000090300000|100%|HC|  |TAMS 0x0000000090200000, 0x0000000090200000| Complete 
| 259|0x0000000090300000, 0x0000000090400000, 0x0000000090400000|100%|HC|  |TAMS 0x0000000090300000, 0x0000000090300000| Complete 
| 260|0x0000000090400000, 0x0000000090500000, 0x0000000090500000|100%|HS|  |TAMS 0x0000000090400000, 0x0000000090400000| Complete 
| 261|0x0000000090500000, 0x0000000090600000, 0x0000000090600000|100%| O|  |TAMS 0x0000000090500000, 0x0000000090500000| Untracked 
| 262|0x0000000090600000, 0x0000000090700000, 0x0000000090700000|100%| O|  |TAMS 0x0000000090600000, 0x0000000090600000| Untracked 
| 263|0x0000000090700000, 0x0000000090800000, 0x0000000090800000|100%| O|  |TAMS 0x0000000090700000, 0x0000000090700000| Untracked 
| 264|0x0000000090800000, 0x0000000090900000, 0x0000000090900000|100%| O|  |TAMS 0x0000000090800000, 0x0000000090800000| Untracked 
| 265|0x0000000090900000, 0x0000000090a00000, 0x0000000090a00000|100%| O|  |TAMS 0x0000000090900000, 0x0000000090900000| Untracked 
| 266|0x0000000090a00000, 0x0000000090b00000, 0x0000000090b00000|100%| O|  |TAMS 0x0000000090a00000, 0x0000000090a00000| Untracked 
| 267|0x0000000090b00000, 0x0000000090c00000, 0x0000000090c00000|100%| O|  |TAMS 0x0000000090b00000, 0x0000000090b00000| Untracked 
| 268|0x0000000090c00000, 0x0000000090d00000, 0x0000000090d00000|100%| O|  |TAMS 0x0000000090c00000, 0x0000000090c00000| Untracked 
| 269|0x0000000090d00000, 0x0000000090e00000, 0x0000000090e00000|100%| O|  |TAMS 0x0000000090d00000, 0x0000000090d00000| Untracked 
| 270|0x0000000090e00000, 0x0000000090f00000, 0x0000000090f00000|100%| O|  |TAMS 0x0000000090e00000, 0x0000000090e00000| Untracked 
| 271|0x0000000090f00000, 0x0000000091000000, 0x0000000091000000|100%| O|  |TAMS 0x0000000090f00000, 0x0000000090f00000| Untracked 
| 272|0x0000000091000000, 0x0000000091100000, 0x0000000091100000|100%| O|  |TAMS 0x0000000091000000, 0x0000000091000000| Untracked 
| 273|0x0000000091100000, 0x0000000091200000, 0x0000000091200000|100%| O|  |TAMS 0x0000000091100000, 0x0000000091100000| Untracked 
| 274|0x0000000091200000, 0x0000000091300000, 0x0000000091300000|100%| O|  |TAMS 0x0000000091200000, 0x0000000091200000| Untracked 
| 275|0x0000000091300000, 0x0000000091400000, 0x0000000091400000|100%| O|  |TAMS 0x0000000091300000, 0x0000000091300000| Untracked 
| 276|0x0000000091400000, 0x0000000091500000, 0x0000000091500000|100%| O|  |TAMS 0x0000000091400000, 0x0000000091400000| Untracked 
| 277|0x0000000091500000, 0x0000000091600000, 0x0000000091600000|100%| O|  |TAMS 0x0000000091500000, 0x0000000091500000| Untracked 
| 278|0x0000000091600000, 0x0000000091700000, 0x0000000091700000|100%| O|  |TAMS 0x0000000091600000, 0x0000000091600000| Untracked 
| 279|0x0000000091700000, 0x0000000091800000, 0x0000000091800000|100%| O|  |TAMS 0x0000000091700000, 0x0000000091700000| Untracked 
| 280|0x0000000091800000, 0x0000000091900000, 0x0000000091900000|100%| O|  |TAMS 0x0000000091800000, 0x0000000091800000| Untracked 
| 281|0x0000000091900000, 0x0000000091a00000, 0x0000000091a00000|100%| O|  |TAMS 0x0000000091900000, 0x0000000091900000| Untracked 
| 282|0x0000000091a00000, 0x0000000091b00000, 0x0000000091b00000|100%| O|  |TAMS 0x0000000091a00000, 0x0000000091a00000| Untracked 
| 283|0x0000000091b00000, 0x0000000091c00000, 0x0000000091c00000|100%| O|  |TAMS 0x0000000091b00000, 0x0000000091b00000| Untracked 
| 284|0x0000000091c00000, 0x0000000091d00000, 0x0000000091d00000|100%| O|  |TAMS 0x0000000091c00000, 0x0000000091c00000| Untracked 
| 285|0x0000000091d00000, 0x0000000091e00000, 0x0000000091e00000|100%| O|  |TAMS 0x0000000091d00000, 0x0000000091d00000| Untracked 
| 286|0x0000000091e00000, 0x0000000091f00000, 0x0000000091f00000|100%| O|  |TAMS 0x0000000091e00000, 0x0000000091e00000| Untracked 
| 287|0x0000000091f00000, 0x0000000092000000, 0x0000000092000000|100%| O|  |TAMS 0x0000000091f00000, 0x0000000091f00000| Untracked 
| 288|0x0000000092000000, 0x0000000092100000, 0x0000000092100000|100%| O|  |TAMS 0x0000000092000000, 0x0000000092000000| Untracked 
| 289|0x0000000092100000, 0x0000000092200000, 0x0000000092200000|100%| O|  |TAMS 0x0000000092100000, 0x0000000092100000| Untracked 
| 290|0x0000000092200000, 0x0000000092300000, 0x0000000092300000|100%| O|  |TAMS 0x0000000092200000, 0x0000000092200000| Untracked 
| 291|0x0000000092300000, 0x0000000092400000, 0x0000000092400000|100%| O|  |TAMS 0x0000000092300000, 0x0000000092300000| Untracked 
| 292|0x0000000092400000, 0x0000000092500000, 0x0000000092500000|100%| O|  |TAMS 0x0000000092400000, 0x0000000092400000| Untracked 
| 293|0x0000000092500000, 0x0000000092600000, 0x0000000092600000|100%| O|  |TAMS 0x0000000092500000, 0x0000000092500000| Untracked 
| 294|0x0000000092600000, 0x0000000092700000, 0x0000000092700000|100%| O|  |TAMS 0x0000000092600000, 0x0000000092600000| Untracked 
| 295|0x0000000092700000, 0x0000000092800000, 0x0000000092800000|100%| O|  |TAMS 0x0000000092700000, 0x0000000092700000| Untracked 
| 296|0x0000000092800000, 0x0000000092900000, 0x0000000092900000|100%| O|  |TAMS 0x0000000092800000, 0x0000000092800000| Untracked 
| 297|0x0000000092900000, 0x0000000092a00000, 0x0000000092a00000|100%| O|  |TAMS 0x0000000092900000, 0x0000000092900000| Untracked 
| 298|0x0000000092a00000, 0x0000000092b00000, 0x0000000092b00000|100%| O|  |TAMS 0x0000000092a00000, 0x0000000092a00000| Untracked 
| 299|0x0000000092b00000, 0x0000000092c00000, 0x0000000092c00000|100%| O|  |TAMS 0x0000000092b00000, 0x0000000092b00000| Untracked 
| 300|0x0000000092c00000, 0x0000000092d00000, 0x0000000092d00000|100%| O|  |TAMS 0x0000000092c00000, 0x0000000092c00000| Untracked 
| 301|0x0000000092d00000, 0x0000000092e00000, 0x0000000092e00000|100%| O|  |TAMS 0x0000000092d00000, 0x0000000092d00000| Untracked 
| 302|0x0000000092e00000, 0x0000000092f00000, 0x0000000092f00000|100%| O|  |TAMS 0x0000000092e00000, 0x0000000092e00000| Untracked 
| 303|0x0000000092f00000, 0x0000000093000000, 0x0000000093000000|100%| O|  |TAMS 0x0000000093000000, 0x0000000092f00000| Untracked 
| 304|0x0000000093000000, 0x0000000093100000, 0x0000000093100000|100%| O|  |TAMS 0x0000000093100000, 0x0000000093000000| Untracked 
| 305|0x0000000093100000, 0x0000000093200000, 0x0000000093200000|100%| O|  |TAMS 0x0000000093200000, 0x0000000093100000| Untracked 
| 306|0x0000000093200000, 0x0000000093300000, 0x0000000093300000|100%| O|  |TAMS 0x0000000093200000, 0x0000000093200000| Untracked 
| 307|0x0000000093300000, 0x0000000093400000, 0x0000000093400000|100%| O|  |TAMS 0x0000000093300000, 0x0000000093300000| Untracked 
| 308|0x0000000093400000, 0x0000000093500000, 0x0000000093500000|100%| O|  |TAMS 0x0000000093400000, 0x0000000093400000| Untracked 
| 309|0x0000000093500000, 0x0000000093600000, 0x0000000093600000|100%| O|  |TAMS 0x0000000093500000, 0x0000000093500000| Untracked 
| 310|0x0000000093600000, 0x0000000093700000, 0x0000000093700000|100%| O|  |TAMS 0x0000000093600000, 0x0000000093600000| Untracked 
| 311|0x0000000093700000, 0x0000000093800000, 0x0000000093800000|100%| O|  |TAMS 0x0000000093700000, 0x0000000093700000| Untracked 
| 312|0x0000000093800000, 0x0000000093900000, 0x0000000093900000|100%| O|  |TAMS 0x0000000093800000, 0x0000000093800000| Untracked 
| 313|0x0000000093900000, 0x0000000093a00000, 0x0000000093a00000|100%| O|  |TAMS 0x0000000093900000, 0x0000000093900000| Untracked 
| 314|0x0000000093a00000, 0x0000000093b00000, 0x0000000093b00000|100%| O|  |TAMS 0x0000000093a00000, 0x0000000093a00000| Untracked 
| 315|0x0000000093b00000, 0x0000000093c00000, 0x0000000093c00000|100%| O|  |TAMS 0x0000000093b00000, 0x0000000093b00000| Untracked 
| 316|0x0000000093c00000, 0x0000000093d00000, 0x0000000093d00000|100%| O|  |TAMS 0x0000000093c00000, 0x0000000093c00000| Untracked 
| 317|0x0000000093d00000, 0x0000000093e00000, 0x0000000093e00000|100%| O|  |TAMS 0x0000000093d00000, 0x0000000093d00000| Untracked 
| 318|0x0000000093e00000, 0x0000000093f00000, 0x0000000093f00000|100%| O|  |TAMS 0x0000000093e00000, 0x0000000093e00000| Untracked 
| 319|0x0000000093f00000, 0x0000000094000000, 0x0000000094000000|100%| O|  |TAMS 0x0000000093f00000, 0x0000000093f00000| Untracked 
| 320|0x0000000094000000, 0x0000000094100000, 0x0000000094100000|100%| O|  |TAMS 0x0000000094000000, 0x0000000094000000| Untracked 
| 321|0x0000000094100000, 0x0000000094200000, 0x0000000094200000|100%| O|  |TAMS 0x0000000094100000, 0x0000000094100000| Untracked 
| 322|0x0000000094200000, 0x0000000094300000, 0x0000000094300000|100%| O|  |TAMS 0x0000000094200000, 0x0000000094200000| Untracked 
| 323|0x0000000094300000, 0x0000000094400000, 0x0000000094400000|100%| O|  |TAMS 0x0000000094300000, 0x0000000094300000| Untracked 
| 324|0x0000000094400000, 0x0000000094500000, 0x0000000094500000|100%| O|  |TAMS 0x0000000094400000, 0x0000000094400000| Untracked 
| 325|0x0000000094500000, 0x0000000094600000, 0x0000000094600000|100%| O|  |TAMS 0x0000000094500000, 0x0000000094500000| Untracked 
| 326|0x0000000094600000, 0x0000000094700000, 0x0000000094700000|100%| O|  |TAMS 0x0000000094600000, 0x0000000094600000| Untracked 
| 327|0x0000000094700000, 0x0000000094800000, 0x0000000094800000|100%| O|  |TAMS 0x0000000094700000, 0x0000000094700000| Untracked 
| 328|0x0000000094800000, 0x0000000094900000, 0x0000000094900000|100%| O|  |TAMS 0x0000000094800000, 0x0000000094800000| Untracked 
| 329|0x0000000094900000, 0x0000000094a00000, 0x0000000094a00000|100%| O|  |TAMS 0x0000000094900000, 0x0000000094900000| Untracked 
| 330|0x0000000094a00000, 0x0000000094b00000, 0x0000000094b00000|100%| O|  |TAMS 0x0000000094a00000, 0x0000000094a00000| Untracked 
| 331|0x0000000094b00000, 0x0000000094c00000, 0x0000000094c00000|100%| O|  |TAMS 0x0000000094b00000, 0x0000000094b00000| Untracked 
| 332|0x0000000094c00000, 0x0000000094d00000, 0x0000000094d00000|100%| O|  |TAMS 0x0000000094c00000, 0x0000000094c00000| Untracked 
| 333|0x0000000094d00000, 0x0000000094e00000, 0x0000000094e00000|100%| O|  |TAMS 0x0000000094d00000, 0x0000000094d00000| Untracked 
| 334|0x0000000094e00000, 0x0000000094f00000, 0x0000000094f00000|100%| O|  |TAMS 0x0000000094e00000, 0x0000000094e00000| Untracked 
| 335|0x0000000094f00000, 0x0000000095000000, 0x0000000095000000|100%| O|  |TAMS 0x0000000094f00000, 0x0000000094f00000| Untracked 
| 336|0x0000000095000000, 0x0000000095100000, 0x0000000095100000|100%| O|  |TAMS 0x0000000095000000, 0x0000000095000000| Untracked 
| 337|0x0000000095100000, 0x0000000095200000, 0x0000000095200000|100%| O|  |TAMS 0x0000000095100000, 0x0000000095100000| Untracked 
| 338|0x0000000095200000, 0x0000000095300000, 0x0000000095300000|100%| O|  |TAMS 0x0000000095200000, 0x0000000095200000| Untracked 
| 339|0x0000000095300000, 0x0000000095400000, 0x0000000095400000|100%| O|  |TAMS 0x0000000095300000, 0x0000000095300000| Untracked 
| 340|0x0000000095400000, 0x0000000095500000, 0x0000000095500000|100%| O|  |TAMS 0x0000000095400000, 0x0000000095400000| Untracked 
| 341|0x0000000095500000, 0x0000000095600000, 0x0000000095600000|100%| O|  |TAMS 0x0000000095500000, 0x0000000095500000| Untracked 
| 342|0x0000000095600000, 0x0000000095700000, 0x0000000095700000|100%| O|  |TAMS 0x0000000095600000, 0x0000000095600000| Untracked 
| 343|0x0000000095700000, 0x0000000095800000, 0x0000000095800000|100%| O|  |TAMS 0x0000000095700000, 0x0000000095700000| Untracked 
| 344|0x0000000095800000, 0x0000000095900000, 0x0000000095900000|100%| O|  |TAMS 0x0000000095800000, 0x0000000095800000| Untracked 
| 345|0x0000000095900000, 0x0000000095a00000, 0x0000000095a00000|100%| O|  |TAMS 0x0000000095900000, 0x0000000095900000| Untracked 
| 346|0x0000000095a00000, 0x0000000095b00000, 0x0000000095b00000|100%| O|  |TAMS 0x0000000095a00000, 0x0000000095a00000| Untracked 
| 347|0x0000000095b00000, 0x0000000095c00000, 0x0000000095c00000|100%| O|  |TAMS 0x0000000095b00000, 0x0000000095b00000| Untracked 
| 348|0x0000000095c00000, 0x0000000095d00000, 0x0000000095d00000|100%| O|  |TAMS 0x0000000095c00000, 0x0000000095c00000| Untracked 
| 349|0x0000000095d00000, 0x0000000095e00000, 0x0000000095e00000|100%| O|  |TAMS 0x0000000095d00000, 0x0000000095d00000| Untracked 
| 350|0x0000000095e00000, 0x0000000095f00000, 0x0000000095f00000|100%| O|  |TAMS 0x0000000095e00000, 0x0000000095e00000| Untracked 
| 351|0x0000000095f00000, 0x0000000096000000, 0x0000000096000000|100%| O|  |TAMS 0x0000000095f00000, 0x0000000095f00000| Untracked 
| 352|0x0000000096000000, 0x0000000096100000, 0x0000000096100000|100%| O|  |TAMS 0x0000000096000000, 0x0000000096000000| Untracked 
| 353|0x0000000096100000, 0x0000000096200000, 0x0000000096200000|100%| O|  |TAMS 0x0000000096100000, 0x0000000096100000| Untracked 
| 354|0x0000000096200000, 0x0000000096300000, 0x0000000096300000|100%| O|  |TAMS 0x0000000096200000, 0x0000000096200000| Untracked 
| 355|0x0000000096300000, 0x0000000096400000, 0x0000000096400000|100%| O|  |TAMS 0x0000000096300000, 0x0000000096300000| Untracked 
| 356|0x0000000096400000, 0x0000000096500000, 0x0000000096500000|100%| O|  |TAMS 0x0000000096400000, 0x0000000096400000| Untracked 
| 357|0x0000000096500000, 0x0000000096600000, 0x0000000096600000|100%| O|  |TAMS 0x0000000096500000, 0x0000000096500000| Untracked 
| 358|0x0000000096600000, 0x0000000096700000, 0x0000000096700000|100%| O|  |TAMS 0x0000000096600000, 0x0000000096600000| Untracked 
| 359|0x0000000096700000, 0x0000000096800000, 0x0000000096800000|100%| O|  |TAMS 0x0000000096700000, 0x0000000096700000| Untracked 
| 360|0x0000000096800000, 0x0000000096900000, 0x0000000096900000|100%| O|  |TAMS 0x0000000096800000, 0x0000000096800000| Untracked 
| 361|0x0000000096900000, 0x0000000096a00000, 0x0000000096a00000|100%| O|  |TAMS 0x0000000096900000, 0x0000000096900000| Untracked 
| 362|0x0000000096a00000, 0x0000000096b00000, 0x0000000096b00000|100%| O|  |TAMS 0x0000000096a00000, 0x0000000096a00000| Untracked 
| 363|0x0000000096b00000, 0x0000000096c00000, 0x0000000096c00000|100%| O|  |TAMS 0x0000000096b00000, 0x0000000096b00000| Untracked 
| 364|0x0000000096c00000, 0x0000000096d00000, 0x0000000096d00000|100%| O|  |TAMS 0x0000000096c00000, 0x0000000096c00000| Untracked 
| 365|0x0000000096d00000, 0x0000000096e00000, 0x0000000096e00000|100%| O|  |TAMS 0x0000000096d00000, 0x0000000096d00000| Untracked 
| 366|0x0000000096e00000, 0x0000000096f00000, 0x0000000096f00000|100%| O|  |TAMS 0x0000000096e00000, 0x0000000096e00000| Untracked 
| 367|0x0000000096f00000, 0x0000000097000000, 0x0000000097000000|100%| O|  |TAMS 0x0000000096f00000, 0x0000000096f00000| Untracked 
| 368|0x0000000097000000, 0x0000000097100000, 0x0000000097100000|100%| O|  |TAMS 0x0000000097000000, 0x0000000097000000| Untracked 
| 369|0x0000000097100000, 0x0000000097200000, 0x0000000097200000|100%| O|  |TAMS 0x0000000097100000, 0x0000000097100000| Untracked 
| 370|0x0000000097200000, 0x0000000097300000, 0x0000000097300000|100%| O|  |TAMS 0x0000000097200000, 0x0000000097200000| Untracked 
| 371|0x0000000097300000, 0x0000000097400000, 0x0000000097400000|100%| O|  |TAMS 0x0000000097300000, 0x0000000097300000| Untracked 
| 372|0x0000000097400000, 0x0000000097500000, 0x0000000097500000|100%| O|  |TAMS 0x0000000097400000, 0x0000000097400000| Untracked 
| 373|0x0000000097500000, 0x0000000097600000, 0x0000000097600000|100%| O|  |TAMS 0x0000000097500000, 0x0000000097500000| Untracked 
| 374|0x0000000097600000, 0x0000000097700000, 0x0000000097700000|100%| O|  |TAMS 0x0000000097600000, 0x0000000097600000| Untracked 
| 375|0x0000000097700000, 0x0000000097800000, 0x0000000097800000|100%| O|  |TAMS 0x0000000097700000, 0x0000000097700000| Untracked 
| 376|0x0000000097800000, 0x0000000097900000, 0x0000000097900000|100%| O|  |TAMS 0x0000000097800000, 0x0000000097800000| Untracked 
| 377|0x0000000097900000, 0x0000000097a00000, 0x0000000097a00000|100%| O|  |TAMS 0x0000000097900000, 0x0000000097900000| Untracked 
| 378|0x0000000097a00000, 0x0000000097b00000, 0x0000000097b00000|100%| O|  |TAMS 0x0000000097a00000, 0x0000000097a00000| Untracked 
| 379|0x0000000097b00000, 0x0000000097c00000, 0x0000000097c00000|100%| O|  |TAMS 0x0000000097b00000, 0x0000000097b00000| Untracked 
| 380|0x0000000097c00000, 0x0000000097d00000, 0x0000000097d00000|100%| O|  |TAMS 0x0000000097c00000, 0x0000000097c00000| Untracked 
| 381|0x0000000097d00000, 0x0000000097e00000, 0x0000000097e00000|100%| O|  |TAMS 0x0000000097d00000, 0x0000000097d00000| Untracked 
| 382|0x0000000097e00000, 0x0000000097f00000, 0x0000000097f00000|100%| O|  |TAMS 0x0000000097e00000, 0x0000000097e00000| Untracked 
| 383|0x0000000097f00000, 0x0000000098000000, 0x0000000098000000|100%| O|  |TAMS 0x0000000097f00000, 0x0000000097f00000| Untracked 
| 384|0x0000000098000000, 0x0000000098100000, 0x0000000098100000|100%| O|  |TAMS 0x0000000098000000, 0x0000000098000000| Untracked 
| 385|0x0000000098100000, 0x0000000098200000, 0x0000000098200000|100%| O|  |TAMS 0x0000000098100000, 0x0000000098100000| Untracked 
| 386|0x0000000098200000, 0x0000000098300000, 0x0000000098300000|100%| O|  |TAMS 0x0000000098200000, 0x0000000098200000| Untracked 
| 387|0x0000000098300000, 0x0000000098400000, 0x0000000098400000|100%| O|  |TAMS 0x0000000098300000, 0x0000000098300000| Untracked 
| 388|0x0000000098400000, 0x0000000098500000, 0x0000000098500000|100%| O|  |TAMS 0x0000000098400000, 0x0000000098400000| Untracked 
| 389|0x0000000098500000, 0x0000000098600000, 0x0000000098600000|100%| O|  |TAMS 0x0000000098500000, 0x0000000098500000| Untracked 
| 390|0x0000000098600000, 0x0000000098700000, 0x0000000098700000|100%| O|  |TAMS 0x0000000098600000, 0x0000000098600000| Untracked 
| 391|0x0000000098700000, 0x0000000098800000, 0x0000000098800000|100%| O|  |TAMS 0x0000000098700000, 0x0000000098700000| Untracked 
| 392|0x0000000098800000, 0x0000000098900000, 0x0000000098900000|100%| O|  |TAMS 0x0000000098800000, 0x0000000098800000| Untracked 
| 393|0x0000000098900000, 0x0000000098a00000, 0x0000000098a00000|100%| O|  |TAMS 0x0000000098900000, 0x0000000098900000| Untracked 
| 394|0x0000000098a00000, 0x0000000098b00000, 0x0000000098b00000|100%| O|  |TAMS 0x0000000098a00000, 0x0000000098a00000| Untracked 
| 395|0x0000000098b00000, 0x0000000098c00000, 0x0000000098c00000|100%| O|  |TAMS 0x0000000098b00000, 0x0000000098b00000| Untracked 
| 396|0x0000000098c00000, 0x0000000098d00000, 0x0000000098d00000|100%| O|  |TAMS 0x0000000098c00000, 0x0000000098c00000| Untracked 
| 397|0x0000000098d00000, 0x0000000098e00000, 0x0000000098e00000|100%| O|  |TAMS 0x0000000098d00000, 0x0000000098d00000| Untracked 
| 398|0x0000000098e00000, 0x0000000098f00000, 0x0000000098f00000|100%| O|  |TAMS 0x0000000098e00000, 0x0000000098e00000| Untracked 
| 399|0x0000000098f00000, 0x0000000099000000, 0x0000000099000000|100%| O|  |TAMS 0x0000000098f00000, 0x0000000098f00000| Untracked 
| 400|0x0000000099000000, 0x0000000099100000, 0x0000000099100000|100%| O|  |TAMS 0x0000000099000000, 0x0000000099000000| Untracked 
| 401|0x0000000099100000, 0x0000000099200000, 0x0000000099200000|100%| O|  |TAMS 0x0000000099100000, 0x0000000099100000| Untracked 
| 402|0x0000000099200000, 0x0000000099300000, 0x0000000099300000|100%| O|  |TAMS 0x0000000099200000, 0x0000000099200000| Untracked 
| 403|0x0000000099300000, 0x0000000099400000, 0x0000000099400000|100%| O|  |TAMS 0x0000000099300000, 0x0000000099300000| Untracked 
| 404|0x0000000099400000, 0x0000000099500000, 0x0000000099500000|100%| O|  |TAMS 0x0000000099400000, 0x0000000099400000| Untracked 
| 405|0x0000000099500000, 0x0000000099600000, 0x0000000099600000|100%| O|  |TAMS 0x0000000099500000, 0x0000000099500000| Untracked 
| 406|0x0000000099600000, 0x0000000099700000, 0x0000000099700000|100%| O|  |TAMS 0x0000000099600000, 0x0000000099600000| Untracked 
| 407|0x0000000099700000, 0x0000000099800000, 0x0000000099800000|100%| O|  |TAMS 0x0000000099700000, 0x0000000099700000| Untracked 
| 408|0x0000000099800000, 0x0000000099900000, 0x0000000099900000|100%| O|  |TAMS 0x0000000099800000, 0x0000000099800000| Untracked 
| 409|0x0000000099900000, 0x0000000099a00000, 0x0000000099a00000|100%| O|  |TAMS 0x0000000099900000, 0x0000000099900000| Untracked 
| 410|0x0000000099a00000, 0x0000000099b00000, 0x0000000099b00000|100%| O|  |TAMS 0x0000000099a00000, 0x0000000099a00000| Untracked 
| 411|0x0000000099b00000, 0x0000000099c00000, 0x0000000099c00000|100%| O|  |TAMS 0x0000000099b00000, 0x0000000099b00000| Untracked 
| 412|0x0000000099c00000, 0x0000000099d00000, 0x0000000099d00000|100%| O|  |TAMS 0x0000000099c00000, 0x0000000099c00000| Untracked 
| 413|0x0000000099d00000, 0x0000000099e00000, 0x0000000099e00000|100%| O|  |TAMS 0x0000000099d00000, 0x0000000099d00000| Untracked 
| 414|0x0000000099e00000, 0x0000000099f00000, 0x0000000099f00000|100%| O|  |TAMS 0x0000000099e00000, 0x0000000099e00000| Untracked 
| 415|0x0000000099f00000, 0x000000009a000000, 0x000000009a000000|100%| O|  |TAMS 0x0000000099f00000, 0x0000000099f00000| Untracked 
| 416|0x000000009a000000, 0x000000009a100000, 0x000000009a100000|100%| O|  |TAMS 0x000000009a000000, 0x000000009a000000| Untracked 
| 417|0x000000009a100000, 0x000000009a200000, 0x000000009a200000|100%| O|  |TAMS 0x000000009a100000, 0x000000009a100000| Untracked 
| 418|0x000000009a200000, 0x000000009a300000, 0x000000009a300000|100%| O|  |TAMS 0x000000009a200000, 0x000000009a200000| Untracked 
| 419|0x000000009a300000, 0x000000009a400000, 0x000000009a400000|100%| O|  |TAMS 0x000000009a300000, 0x000000009a300000| Untracked 
| 420|0x000000009a400000, 0x000000009a500000, 0x000000009a500000|100%| O|  |TAMS 0x000000009a400000, 0x000000009a400000| Untracked 
| 421|0x000000009a500000, 0x000000009a600000, 0x000000009a600000|100%| O|  |TAMS 0x000000009a500000, 0x000000009a500000| Untracked 
| 422|0x000000009a600000, 0x000000009a700000, 0x000000009a700000|100%| O|  |TAMS 0x000000009a600000, 0x000000009a600000| Untracked 
| 423|0x000000009a700000, 0x000000009a800000, 0x000000009a800000|100%| O|  |TAMS 0x000000009a700000, 0x000000009a700000| Untracked 
| 424|0x000000009a800000, 0x000000009a900000, 0x000000009a900000|100%| O|  |TAMS 0x000000009a800000, 0x000000009a800000| Untracked 
| 425|0x000000009a900000, 0x000000009aa00000, 0x000000009aa00000|100%| O|  |TAMS 0x000000009a900000, 0x000000009a900000| Untracked 
| 426|0x000000009aa00000, 0x000000009ab00000, 0x000000009ab00000|100%| O|  |TAMS 0x000000009aa00000, 0x000000009aa00000| Untracked 
| 427|0x000000009ab00000, 0x000000009ac00000, 0x000000009ac00000|100%| O|  |TAMS 0x000000009ab00000, 0x000000009ab00000| Untracked 
| 428|0x000000009ac00000, 0x000000009ad00000, 0x000000009ad00000|100%| O|  |TAMS 0x000000009ac00000, 0x000000009ac00000| Untracked 
| 429|0x000000009ad00000, 0x000000009ae00000, 0x000000009ae00000|100%| O|  |TAMS 0x000000009ad00000, 0x000000009ad00000| Untracked 
| 430|0x000000009ae00000, 0x000000009af00000, 0x000000009af00000|100%| O|  |TAMS 0x000000009ae00000, 0x000000009ae00000| Untracked 
| 431|0x000000009af00000, 0x000000009b000000, 0x000000009b000000|100%| O|  |TAMS 0x000000009af00000, 0x000000009af00000| Untracked 
| 432|0x000000009b000000, 0x000000009b100000, 0x000000009b100000|100%| O|  |TAMS 0x000000009b000000, 0x000000009b000000| Untracked 
| 433|0x000000009b100000, 0x000000009b200000, 0x000000009b200000|100%| O|  |TAMS 0x000000009b100000, 0x000000009b100000| Untracked 
| 434|0x000000009b200000, 0x000000009b300000, 0x000000009b300000|100%| O|  |TAMS 0x000000009b200000, 0x000000009b200000| Untracked 
| 435|0x000000009b300000, 0x000000009b400000, 0x000000009b400000|100%| O|  |TAMS 0x000000009b300000, 0x000000009b300000| Untracked 
| 436|0x000000009b400000, 0x000000009b500000, 0x000000009b500000|100%| O|  |TAMS 0x000000009b400000, 0x000000009b400000| Untracked 
| 437|0x000000009b500000, 0x000000009b600000, 0x000000009b600000|100%| O|  |TAMS 0x000000009b500000, 0x000000009b500000| Untracked 
| 438|0x000000009b600000, 0x000000009b700000, 0x000000009b700000|100%| O|  |TAMS 0x000000009b600000, 0x000000009b600000| Untracked 
| 439|0x000000009b700000, 0x000000009b800000, 0x000000009b800000|100%| O|  |TAMS 0x000000009b700000, 0x000000009b700000| Untracked 
| 440|0x000000009b800000, 0x000000009b900000, 0x000000009b900000|100%| O|  |TAMS 0x000000009b800000, 0x000000009b800000| Untracked 
| 441|0x000000009b900000, 0x000000009ba00000, 0x000000009ba00000|100%| O|  |TAMS 0x000000009b900000, 0x000000009b900000| Untracked 
| 442|0x000000009ba00000, 0x000000009bb00000, 0x000000009bb00000|100%| O|  |TAMS 0x000000009ba00000, 0x000000009ba00000| Untracked 
| 443|0x000000009bb00000, 0x000000009bc00000, 0x000000009bc00000|100%| O|  |TAMS 0x000000009bb00000, 0x000000009bb00000| Untracked 
| 444|0x000000009bc00000, 0x000000009bd00000, 0x000000009bd00000|100%| O|  |TAMS 0x000000009bc00000, 0x000000009bc00000| Untracked 
| 445|0x000000009bd00000, 0x000000009be00000, 0x000000009be00000|100%| O|  |TAMS 0x000000009bd00000, 0x000000009bd00000| Untracked 
| 446|0x000000009be00000, 0x000000009bf00000, 0x000000009bf00000|100%|HS|  |TAMS 0x000000009be00000, 0x000000009be00000| Complete 
| 447|0x000000009bf00000, 0x000000009c000000, 0x000000009c000000|100%|HS|  |TAMS 0x000000009bf00000, 0x000000009bf00000| Complete 
| 448|0x000000009c000000, 0x000000009c100000, 0x000000009c100000|100%| O|  |TAMS 0x000000009c000000, 0x000000009c000000| Untracked 
| 449|0x000000009c100000, 0x000000009c200000, 0x000000009c200000|100%| O|  |TAMS 0x000000009c100000, 0x000000009c100000| Untracked 
| 450|0x000000009c200000, 0x000000009c300000, 0x000000009c300000|100%| O|  |TAMS 0x000000009c200000, 0x000000009c200000| Untracked 
| 451|0x000000009c300000, 0x000000009c400000, 0x000000009c400000|100%| O|  |TAMS 0x000000009c300000, 0x000000009c300000| Untracked 
| 452|0x000000009c400000, 0x000000009c500000, 0x000000009c500000|100%| O|  |TAMS 0x000000009c400000, 0x000000009c400000| Untracked 
| 453|0x000000009c500000, 0x000000009c600000, 0x000000009c600000|100%| O|  |TAMS 0x000000009c500000, 0x000000009c500000| Untracked 
| 454|0x000000009c600000, 0x000000009c700000, 0x000000009c700000|100%| O|  |TAMS 0x000000009c600000, 0x000000009c600000| Untracked 
| 455|0x000000009c700000, 0x000000009c800000, 0x000000009c800000|100%| O|  |TAMS 0x000000009c700000, 0x000000009c700000| Untracked 
| 456|0x000000009c800000, 0x000000009c900000, 0x000000009c900000|100%| O|  |TAMS 0x000000009c800000, 0x000000009c800000| Untracked 
| 457|0x000000009c900000, 0x000000009ca00000, 0x000000009ca00000|100%| O|  |TAMS 0x000000009c900000, 0x000000009c900000| Untracked 
| 458|0x000000009ca00000, 0x000000009cb00000, 0x000000009cb00000|100%| O|  |TAMS 0x000000009ca00000, 0x000000009ca00000| Untracked 
| 459|0x000000009cb00000, 0x000000009cc00000, 0x000000009cc00000|100%| O|  |TAMS 0x000000009cb00000, 0x000000009cb00000| Untracked 
| 460|0x000000009cc00000, 0x000000009cd00000, 0x000000009cd00000|100%| O|  |TAMS 0x000000009cc00000, 0x000000009cc00000| Untracked 
| 461|0x000000009cd00000, 0x000000009ce00000, 0x000000009ce00000|100%| O|  |TAMS 0x000000009cd00000, 0x000000009cd00000| Untracked 
| 462|0x000000009ce00000, 0x000000009cf00000, 0x000000009cf00000|100%| O|  |TAMS 0x000000009ce00000, 0x000000009ce00000| Untracked 
| 463|0x000000009cf00000, 0x000000009d000000, 0x000000009d000000|100%| O|  |TAMS 0x000000009cf00000, 0x000000009cf00000| Untracked 
| 464|0x000000009d000000, 0x000000009d100000, 0x000000009d100000|100%| O|  |TAMS 0x000000009d000000, 0x000000009d000000| Untracked 
| 465|0x000000009d100000, 0x000000009d100000, 0x000000009d200000|  0%| F|  |TAMS 0x000000009d100000, 0x000000009d100000| Untracked 
| 466|0x000000009d200000, 0x000000009d200000, 0x000000009d300000|  0%| F|  |TAMS 0x000000009d200000, 0x000000009d200000| Untracked 
| 467|0x000000009d300000, 0x000000009d300000, 0x000000009d400000|  0%| F|  |TAMS 0x000000009d300000, 0x000000009d300000| Untracked 
| 468|0x000000009d400000, 0x000000009d400000, 0x000000009d500000|  0%| F|  |TAMS 0x000000009d400000, 0x000000009d400000| Untracked 
| 469|0x000000009d500000, 0x000000009d500000, 0x000000009d600000|  0%| F|  |TAMS 0x000000009d500000, 0x000000009d500000| Untracked 
| 470|0x000000009d600000, 0x000000009d600000, 0x000000009d700000|  0%| F|  |TAMS 0x000000009d600000, 0x000000009d600000| Untracked 
| 471|0x000000009d700000, 0x000000009d700000, 0x000000009d800000|  0%| F|  |TAMS 0x000000009d700000, 0x000000009d700000| Untracked 
| 472|0x000000009d800000, 0x000000009d800000, 0x000000009d900000|  0%| F|  |TAMS 0x000000009d800000, 0x000000009d800000| Untracked 
| 473|0x000000009d900000, 0x000000009d900000, 0x000000009da00000|  0%| F|  |TAMS 0x000000009d900000, 0x000000009d900000| Untracked 
| 474|0x000000009da00000, 0x000000009da00000, 0x000000009db00000|  0%| F|  |TAMS 0x000000009da00000, 0x000000009da00000| Untracked 
| 475|0x000000009db00000, 0x000000009db00000, 0x000000009dc00000|  0%| F|  |TAMS 0x000000009db00000, 0x000000009db00000| Untracked 
| 476|0x000000009dc00000, 0x000000009dc00000, 0x000000009dd00000|  0%| F|  |TAMS 0x000000009dc00000, 0x000000009dc00000| Untracked 
| 477|0x000000009dd00000, 0x000000009dd00000, 0x000000009de00000|  0%| F|  |TAMS 0x000000009dd00000, 0x000000009dd00000| Untracked 
| 478|0x000000009de00000, 0x000000009de00000, 0x000000009df00000|  0%| F|  |TAMS 0x000000009de00000, 0x000000009de00000| Untracked 
| 479|0x000000009df00000, 0x000000009df00000, 0x000000009e000000|  0%| F|  |TAMS 0x000000009df00000, 0x000000009df00000| Untracked 
| 480|0x000000009e000000, 0x000000009e000000, 0x000000009e100000|  0%| F|  |TAMS 0x000000009e000000, 0x000000009e000000| Untracked 
| 481|0x000000009e100000, 0x000000009e100000, 0x000000009e200000|  0%| F|  |TAMS 0x000000009e100000, 0x000000009e100000| Untracked 
| 482|0x000000009e200000, 0x000000009e200000, 0x000000009e300000|  0%| F|  |TAMS 0x000000009e200000, 0x000000009e200000| Untracked 
| 483|0x000000009e300000, 0x000000009e300000, 0x000000009e400000|  0%| F|  |TAMS 0x000000009e300000, 0x000000009e300000| Untracked 
| 484|0x000000009e400000, 0x000000009e400000, 0x000000009e500000|  0%| F|  |TAMS 0x000000009e400000, 0x000000009e400000| Untracked 
| 485|0x000000009e500000, 0x000000009e500000, 0x000000009e600000|  0%| F|  |TAMS 0x000000009e500000, 0x000000009e500000| Untracked 
| 486|0x000000009e600000, 0x000000009e600000, 0x000000009e700000|  0%| F|  |TAMS 0x000000009e600000, 0x000000009e600000| Untracked 
| 487|0x000000009e700000, 0x000000009e700000, 0x000000009e800000|  0%| F|  |TAMS 0x000000009e700000, 0x000000009e700000| Untracked 
| 488|0x000000009e800000, 0x000000009e800000, 0x000000009e900000|  0%| F|  |TAMS 0x000000009e800000, 0x000000009e800000| Untracked 
| 489|0x000000009e900000, 0x000000009e900000, 0x000000009ea00000|  0%| F|  |TAMS 0x000000009e900000, 0x000000009e900000| Untracked 
| 490|0x000000009ea00000, 0x000000009ea00000, 0x000000009eb00000|  0%| F|  |TAMS 0x000000009ea00000, 0x000000009ea00000| Untracked 
| 491|0x000000009eb00000, 0x000000009eb00000, 0x000000009ec00000|  0%| F|  |TAMS 0x000000009eb00000, 0x000000009eb00000| Untracked 
| 492|0x000000009ec00000, 0x000000009ec00000, 0x000000009ed00000|  0%| F|  |TAMS 0x000000009ec00000, 0x000000009ec00000| Untracked 
| 493|0x000000009ed00000, 0x000000009ed00000, 0x000000009ee00000|  0%| F|  |TAMS 0x000000009ed00000, 0x000000009ed00000| Untracked 
| 494|0x000000009ee00000, 0x000000009ee00000, 0x000000009ef00000|  0%| F|  |TAMS 0x000000009ee00000, 0x000000009ee00000| Untracked 
| 495|0x000000009ef00000, 0x000000009ef00000, 0x000000009f000000|  0%| F|  |TAMS 0x000000009ef00000, 0x000000009ef00000| Untracked 
| 496|0x000000009f000000, 0x000000009f000000, 0x000000009f100000|  0%| F|  |TAMS 0x000000009f000000, 0x000000009f000000| Untracked 
| 497|0x000000009f100000, 0x000000009f100000, 0x000000009f200000|  0%| F|  |TAMS 0x000000009f100000, 0x000000009f100000| Untracked 
| 498|0x000000009f200000, 0x000000009f200000, 0x000000009f300000|  0%| F|  |TAMS 0x000000009f200000, 0x000000009f200000| Untracked 
| 499|0x000000009f300000, 0x000000009f300000, 0x000000009f400000|  0%| F|  |TAMS 0x000000009f300000, 0x000000009f300000| Untracked 
| 500|0x000000009f400000, 0x000000009f400000, 0x000000009f500000|  0%| F|  |TAMS 0x000000009f400000, 0x000000009f400000| Untracked 
| 501|0x000000009f500000, 0x000000009f500000, 0x000000009f600000|  0%| F|  |TAMS 0x000000009f500000, 0x000000009f500000| Untracked 
| 502|0x000000009f600000, 0x000000009f600000, 0x000000009f700000|  0%| F|  |TAMS 0x000000009f600000, 0x000000009f600000| Untracked 
| 503|0x000000009f700000, 0x000000009f700000, 0x000000009f800000|  0%| F|  |TAMS 0x000000009f700000, 0x000000009f700000| Untracked 
| 504|0x000000009f800000, 0x000000009f800000, 0x000000009f900000|  0%| F|  |TAMS 0x000000009f800000, 0x000000009f800000| Untracked 
| 505|0x000000009f900000, 0x000000009f900000, 0x000000009fa00000|  0%| F|  |TAMS 0x000000009f900000, 0x000000009f900000| Untracked 
| 506|0x000000009fa00000, 0x000000009fa00000, 0x000000009fb00000|  0%| F|  |TAMS 0x000000009fa00000, 0x000000009fa00000| Untracked 
| 507|0x000000009fb00000, 0x000000009fb00000, 0x000000009fc00000|  0%| F|  |TAMS 0x000000009fb00000, 0x000000009fb00000| Untracked 
| 508|0x000000009fc00000, 0x000000009fc00000, 0x000000009fd00000|  0%| F|  |TAMS 0x000000009fc00000, 0x000000009fc00000| Untracked 
| 509|0x000000009fd00000, 0x000000009fd00000, 0x000000009fe00000|  0%| F|  |TAMS 0x000000009fd00000, 0x000000009fd00000| Untracked 
| 510|0x000000009fe00000, 0x000000009fe00000, 0x000000009ff00000|  0%| F|  |TAMS 0x000000009fe00000, 0x000000009fe00000| Untracked 
| 511|0x000000009ff00000, 0x000000009ff00000, 0x00000000a0000000|  0%| F|  |TAMS 0x000000009ff00000, 0x000000009ff00000| Untracked 
| 512|0x00000000a0000000, 0x00000000a0000000, 0x00000000a0100000|  0%| F|  |TAMS 0x00000000a0000000, 0x00000000a0000000| Untracked 
| 513|0x00000000a0100000, 0x00000000a0100000, 0x00000000a0200000|  0%| F|  |TAMS 0x00000000a0100000, 0x00000000a0100000| Untracked 
| 514|0x00000000a0200000, 0x00000000a0200000, 0x00000000a0300000|  0%| F|  |TAMS 0x00000000a0200000, 0x00000000a0200000| Untracked 
| 515|0x00000000a0300000, 0x00000000a0300000, 0x00000000a0400000|  0%| F|  |TAMS 0x00000000a0300000, 0x00000000a0300000| Untracked 
| 516|0x00000000a0400000, 0x00000000a0400000, 0x00000000a0500000|  0%| F|  |TAMS 0x00000000a0400000, 0x00000000a0400000| Untracked 
| 517|0x00000000a0500000, 0x00000000a0500000, 0x00000000a0600000|  0%| F|  |TAMS 0x00000000a0500000, 0x00000000a0500000| Untracked 
| 518|0x00000000a0600000, 0x00000000a0600000, 0x00000000a0700000|  0%| F|  |TAMS 0x00000000a0600000, 0x00000000a0600000| Untracked 
| 519|0x00000000a0700000, 0x00000000a0700000, 0x00000000a0800000|  0%| F|  |TAMS 0x00000000a0700000, 0x00000000a0700000| Untracked 
| 520|0x00000000a0800000, 0x00000000a0800000, 0x00000000a0900000|  0%| F|  |TAMS 0x00000000a0800000, 0x00000000a0800000| Untracked 
| 521|0x00000000a0900000, 0x00000000a0900000, 0x00000000a0a00000|  0%| F|  |TAMS 0x00000000a0900000, 0x00000000a0900000| Untracked 
| 522|0x00000000a0a00000, 0x00000000a0a00000, 0x00000000a0b00000|  0%| F|  |TAMS 0x00000000a0a00000, 0x00000000a0a00000| Untracked 
| 523|0x00000000a0b00000, 0x00000000a0b00000, 0x00000000a0c00000|  0%| F|  |TAMS 0x00000000a0b00000, 0x00000000a0b00000| Untracked 
| 524|0x00000000a0c00000, 0x00000000a0c00000, 0x00000000a0d00000|  0%| F|  |TAMS 0x00000000a0c00000, 0x00000000a0c00000| Untracked 
| 525|0x00000000a0d00000, 0x00000000a0d00000, 0x00000000a0e00000|  0%| F|  |TAMS 0x00000000a0d00000, 0x00000000a0d00000| Untracked 
| 526|0x00000000a0e00000, 0x00000000a0e00000, 0x00000000a0f00000|  0%| F|  |TAMS 0x00000000a0e00000, 0x00000000a0e00000| Untracked 
| 527|0x00000000a0f00000, 0x00000000a0f00000, 0x00000000a1000000|  0%| F|  |TAMS 0x00000000a0f00000, 0x00000000a0f00000| Untracked 
| 528|0x00000000a1000000, 0x00000000a1000000, 0x00000000a1100000|  0%| F|  |TAMS 0x00000000a1000000, 0x00000000a1000000| Untracked 
| 529|0x00000000a1100000, 0x00000000a1100000, 0x00000000a1200000|  0%| F|  |TAMS 0x00000000a1100000, 0x00000000a1100000| Untracked 
| 530|0x00000000a1200000, 0x00000000a1200000, 0x00000000a1300000|  0%| F|  |TAMS 0x00000000a1200000, 0x00000000a1200000| Untracked 
| 531|0x00000000a1300000, 0x00000000a1300000, 0x00000000a1400000|  0%| F|  |TAMS 0x00000000a1300000, 0x00000000a1300000| Untracked 
| 532|0x00000000a1400000, 0x00000000a1400000, 0x00000000a1500000|  0%| F|  |TAMS 0x00000000a1400000, 0x00000000a1400000| Untracked 
| 533|0x00000000a1500000, 0x00000000a1500000, 0x00000000a1600000|  0%| F|  |TAMS 0x00000000a1500000, 0x00000000a1500000| Untracked 
| 534|0x00000000a1600000, 0x00000000a1600000, 0x00000000a1700000|  0%| F|  |TAMS 0x00000000a1600000, 0x00000000a1600000| Untracked 
| 535|0x00000000a1700000, 0x00000000a1700000, 0x00000000a1800000|  0%| F|  |TAMS 0x00000000a1700000, 0x00000000a1700000| Untracked 
| 536|0x00000000a1800000, 0x00000000a1800000, 0x00000000a1900000|  0%| F|  |TAMS 0x00000000a1800000, 0x00000000a1800000| Untracked 
| 537|0x00000000a1900000, 0x00000000a1900000, 0x00000000a1a00000|  0%| F|  |TAMS 0x00000000a1900000, 0x00000000a1900000| Untracked 
| 538|0x00000000a1a00000, 0x00000000a1a00000, 0x00000000a1b00000|  0%| F|  |TAMS 0x00000000a1a00000, 0x00000000a1a00000| Untracked 
| 539|0x00000000a1b00000, 0x00000000a1b00000, 0x00000000a1c00000|  0%| F|  |TAMS 0x00000000a1b00000, 0x00000000a1b00000| Untracked 
| 540|0x00000000a1c00000, 0x00000000a1c00000, 0x00000000a1d00000|  0%| F|  |TAMS 0x00000000a1c00000, 0x00000000a1c00000| Untracked 
| 541|0x00000000a1d00000, 0x00000000a1d00000, 0x00000000a1e00000|  0%| F|  |TAMS 0x00000000a1d00000, 0x00000000a1d00000| Untracked 
| 542|0x00000000a1e00000, 0x00000000a1e00000, 0x00000000a1f00000|  0%| F|  |TAMS 0x00000000a1e00000, 0x00000000a1e00000| Untracked 
| 543|0x00000000a1f00000, 0x00000000a1f00000, 0x00000000a2000000|  0%| F|  |TAMS 0x00000000a1f00000, 0x00000000a1f00000| Untracked 
| 544|0x00000000a2000000, 0x00000000a2000000, 0x00000000a2100000|  0%| F|  |TAMS 0x00000000a2000000, 0x00000000a2000000| Untracked 
| 545|0x00000000a2100000, 0x00000000a2100000, 0x00000000a2200000|  0%| F|  |TAMS 0x00000000a2100000, 0x00000000a2100000| Untracked 
| 546|0x00000000a2200000, 0x00000000a2200000, 0x00000000a2300000|  0%| F|  |TAMS 0x00000000a2200000, 0x00000000a2200000| Untracked 
| 547|0x00000000a2300000, 0x00000000a2300000, 0x00000000a2400000|  0%| F|  |TAMS 0x00000000a2300000, 0x00000000a2300000| Untracked 
| 548|0x00000000a2400000, 0x00000000a2400000, 0x00000000a2500000|  0%| F|  |TAMS 0x00000000a2400000, 0x00000000a2400000| Untracked 
| 549|0x00000000a2500000, 0x00000000a2500000, 0x00000000a2600000|  0%| F|  |TAMS 0x00000000a2500000, 0x00000000a2500000| Untracked 
| 550|0x00000000a2600000, 0x00000000a2600000, 0x00000000a2700000|  0%| F|  |TAMS 0x00000000a2600000, 0x00000000a2600000| Untracked 
| 551|0x00000000a2700000, 0x00000000a2700000, 0x00000000a2800000|  0%| F|  |TAMS 0x00000000a2700000, 0x00000000a2700000| Untracked 
| 552|0x00000000a2800000, 0x00000000a2800000, 0x00000000a2900000|  0%| F|  |TAMS 0x00000000a2800000, 0x00000000a2800000| Untracked 
| 553|0x00000000a2900000, 0x00000000a2900000, 0x00000000a2a00000|  0%| F|  |TAMS 0x00000000a2900000, 0x00000000a2900000| Untracked 
| 554|0x00000000a2a00000, 0x00000000a2a00000, 0x00000000a2b00000|  0%| F|  |TAMS 0x00000000a2a00000, 0x00000000a2a00000| Untracked 
| 555|0x00000000a2b00000, 0x00000000a2b00000, 0x00000000a2c00000|  0%| F|  |TAMS 0x00000000a2b00000, 0x00000000a2b00000| Untracked 
| 556|0x00000000a2c00000, 0x00000000a2c00000, 0x00000000a2d00000|  0%| F|  |TAMS 0x00000000a2c00000, 0x00000000a2c00000| Untracked 
| 557|0x00000000a2d00000, 0x00000000a2d00000, 0x00000000a2e00000|  0%| F|  |TAMS 0x00000000a2d00000, 0x00000000a2d00000| Untracked 
| 558|0x00000000a2e00000, 0x00000000a2e00000, 0x00000000a2f00000|  0%| F|  |TAMS 0x00000000a2e00000, 0x00000000a2e00000| Untracked 
| 559|0x00000000a2f00000, 0x00000000a2f00000, 0x00000000a3000000|  0%| F|  |TAMS 0x00000000a2f00000, 0x00000000a2f00000| Untracked 
| 560|0x00000000a3000000, 0x00000000a3000000, 0x00000000a3100000|  0%| F|  |TAMS 0x00000000a3000000, 0x00000000a3000000| Untracked 
| 561|0x00000000a3100000, 0x00000000a3100000, 0x00000000a3200000|  0%| F|  |TAMS 0x00000000a3100000, 0x00000000a3100000| Untracked 
| 562|0x00000000a3200000, 0x00000000a3200000, 0x00000000a3300000|  0%| F|  |TAMS 0x00000000a3200000, 0x00000000a3200000| Untracked 
| 563|0x00000000a3300000, 0x00000000a3300000, 0x00000000a3400000|  0%| F|  |TAMS 0x00000000a3300000, 0x00000000a3300000| Untracked 
| 564|0x00000000a3400000, 0x00000000a3400000, 0x00000000a3500000|  0%| F|  |TAMS 0x00000000a3400000, 0x00000000a3400000| Untracked 
| 565|0x00000000a3500000, 0x00000000a3500000, 0x00000000a3600000|  0%| F|  |TAMS 0x00000000a3500000, 0x00000000a3500000| Untracked 
| 566|0x00000000a3600000, 0x00000000a3600000, 0x00000000a3700000|  0%| F|  |TAMS 0x00000000a3600000, 0x00000000a3600000| Untracked 
| 567|0x00000000a3700000, 0x00000000a3700000, 0x00000000a3800000|  0%| F|  |TAMS 0x00000000a3700000, 0x00000000a3700000| Untracked 
| 568|0x00000000a3800000, 0x00000000a3800000, 0x00000000a3900000|  0%| F|  |TAMS 0x00000000a3800000, 0x00000000a3800000| Untracked 
| 569|0x00000000a3900000, 0x00000000a3900000, 0x00000000a3a00000|  0%| F|  |TAMS 0x00000000a3900000, 0x00000000a3900000| Untracked 
| 570|0x00000000a3a00000, 0x00000000a3a00000, 0x00000000a3b00000|  0%| F|  |TAMS 0x00000000a3a00000, 0x00000000a3a00000| Untracked 
| 571|0x00000000a3b00000, 0x00000000a3b00000, 0x00000000a3c00000|  0%| F|  |TAMS 0x00000000a3b00000, 0x00000000a3b00000| Untracked 
| 572|0x00000000a3c00000, 0x00000000a3c00000, 0x00000000a3d00000|  0%| F|  |TAMS 0x00000000a3c00000, 0x00000000a3c00000| Untracked 
| 573|0x00000000a3d00000, 0x00000000a3d00000, 0x00000000a3e00000|  0%| F|  |TAMS 0x00000000a3d00000, 0x00000000a3d00000| Untracked 
| 574|0x00000000a3e00000, 0x00000000a3e00000, 0x00000000a3f00000|  0%| F|  |TAMS 0x00000000a3e00000, 0x00000000a3e00000| Untracked 
| 575|0x00000000a3f00000, 0x00000000a3f00000, 0x00000000a4000000|  0%| F|  |TAMS 0x00000000a3f00000, 0x00000000a3f00000| Untracked 
| 576|0x00000000a4000000, 0x00000000a4000000, 0x00000000a4100000|  0%| F|  |TAMS 0x00000000a4000000, 0x00000000a4000000| Untracked 
| 577|0x00000000a4100000, 0x00000000a4100000, 0x00000000a4200000|  0%| F|  |TAMS 0x00000000a4100000, 0x00000000a4100000| Untracked 
| 578|0x00000000a4200000, 0x00000000a4200000, 0x00000000a4300000|  0%| F|  |TAMS 0x00000000a4200000, 0x00000000a4200000| Untracked 
| 579|0x00000000a4300000, 0x00000000a4300000, 0x00000000a4400000|  0%| F|  |TAMS 0x00000000a4300000, 0x00000000a4300000| Untracked 
| 580|0x00000000a4400000, 0x00000000a4400000, 0x00000000a4500000|  0%| F|  |TAMS 0x00000000a4400000, 0x00000000a4400000| Untracked 
| 581|0x00000000a4500000, 0x00000000a4500000, 0x00000000a4600000|  0%| F|  |TAMS 0x00000000a4500000, 0x00000000a4500000| Untracked 
| 582|0x00000000a4600000, 0x00000000a4600000, 0x00000000a4700000|  0%| F|  |TAMS 0x00000000a4600000, 0x00000000a4600000| Untracked 
| 583|0x00000000a4700000, 0x00000000a4700000, 0x00000000a4800000|  0%| F|  |TAMS 0x00000000a4700000, 0x00000000a4700000| Untracked 
| 584|0x00000000a4800000, 0x00000000a4800000, 0x00000000a4900000|  0%| F|  |TAMS 0x00000000a4800000, 0x00000000a4800000| Untracked 
| 585|0x00000000a4900000, 0x00000000a4900000, 0x00000000a4a00000|  0%| F|  |TAMS 0x00000000a4900000, 0x00000000a4900000| Untracked 
| 586|0x00000000a4a00000, 0x00000000a4a00000, 0x00000000a4b00000|  0%| F|  |TAMS 0x00000000a4a00000, 0x00000000a4a00000| Untracked 
| 587|0x00000000a4b00000, 0x00000000a4b00000, 0x00000000a4c00000|  0%| F|  |TAMS 0x00000000a4b00000, 0x00000000a4b00000| Untracked 
| 588|0x00000000a4c00000, 0x00000000a4c00000, 0x00000000a4d00000|  0%| F|  |TAMS 0x00000000a4c00000, 0x00000000a4c00000| Untracked 
| 589|0x00000000a4d00000, 0x00000000a4d00000, 0x00000000a4e00000|  0%| F|  |TAMS 0x00000000a4d00000, 0x00000000a4d00000| Untracked 
| 590|0x00000000a4e00000, 0x00000000a4e00000, 0x00000000a4f00000|  0%| F|  |TAMS 0x00000000a4e00000, 0x00000000a4e00000| Untracked 
| 591|0x00000000a4f00000, 0x00000000a4f00000, 0x00000000a5000000|  0%| F|  |TAMS 0x00000000a4f00000, 0x00000000a4f00000| Untracked 
| 592|0x00000000a5000000, 0x00000000a5000000, 0x00000000a5100000|  0%| F|  |TAMS 0x00000000a5000000, 0x00000000a5000000| Untracked 
| 593|0x00000000a5100000, 0x00000000a5100000, 0x00000000a5200000|  0%| F|  |TAMS 0x00000000a5100000, 0x00000000a5100000| Untracked 
| 594|0x00000000a5200000, 0x00000000a5200000, 0x00000000a5300000|  0%| F|  |TAMS 0x00000000a5200000, 0x00000000a5200000| Untracked 
| 595|0x00000000a5300000, 0x00000000a5300000, 0x00000000a5400000|  0%| F|  |TAMS 0x00000000a5300000, 0x00000000a5300000| Untracked 
| 596|0x00000000a5400000, 0x00000000a5400000, 0x00000000a5500000|  0%| F|  |TAMS 0x00000000a5400000, 0x00000000a5400000| Untracked 
| 597|0x00000000a5500000, 0x00000000a5500000, 0x00000000a5600000|  0%| F|  |TAMS 0x00000000a5500000, 0x00000000a5500000| Untracked 
| 598|0x00000000a5600000, 0x00000000a5600000, 0x00000000a5700000|  0%| F|  |TAMS 0x00000000a5600000, 0x00000000a5600000| Untracked 
| 599|0x00000000a5700000, 0x00000000a5700000, 0x00000000a5800000|  0%| F|  |TAMS 0x00000000a5700000, 0x00000000a5700000| Untracked 
| 600|0x00000000a5800000, 0x00000000a5800000, 0x00000000a5900000|  0%| F|  |TAMS 0x00000000a5800000, 0x00000000a5800000| Untracked 
| 601|0x00000000a5900000, 0x00000000a5900000, 0x00000000a5a00000|  0%| F|  |TAMS 0x00000000a5900000, 0x00000000a5900000| Untracked 
| 602|0x00000000a5a00000, 0x00000000a5a00000, 0x00000000a5b00000|  0%| F|  |TAMS 0x00000000a5a00000, 0x00000000a5a00000| Untracked 
| 603|0x00000000a5b00000, 0x00000000a5b00000, 0x00000000a5c00000|  0%| F|  |TAMS 0x00000000a5b00000, 0x00000000a5b00000| Untracked 
| 604|0x00000000a5c00000, 0x00000000a5c00000, 0x00000000a5d00000|  0%| F|  |TAMS 0x00000000a5c00000, 0x00000000a5c00000| Untracked 
| 605|0x00000000a5d00000, 0x00000000a5e00000, 0x00000000a5e00000|100%| S|CS|TAMS 0x00000000a5d00000, 0x00000000a5d00000| Complete 
| 606|0x00000000a5e00000, 0x00000000a5f00000, 0x00000000a5f00000|100%| S|CS|TAMS 0x00000000a5e00000, 0x00000000a5e00000| Complete 
| 607|0x00000000a5f00000, 0x00000000a6000000, 0x00000000a6000000|100%| S|CS|TAMS 0x00000000a5f00000, 0x00000000a5f00000| Complete 
| 608|0x00000000a6000000, 0x00000000a6100000, 0x00000000a6100000|100%| S|CS|TAMS 0x00000000a6000000, 0x00000000a6000000| Complete 
| 609|0x00000000a6100000, 0x00000000a6200000, 0x00000000a6200000|100%| S|CS|TAMS 0x00000000a6100000, 0x00000000a6100000| Complete 
| 610|0x00000000a6200000, 0x00000000a6300000, 0x00000000a6300000|100%| S|CS|TAMS 0x00000000a6200000, 0x00000000a6200000| Complete 
| 611|0x00000000a6300000, 0x00000000a6400000, 0x00000000a6400000|100%| S|CS|TAMS 0x00000000a6300000, 0x00000000a6300000| Complete 
| 612|0x00000000a6400000, 0x00000000a6500000, 0x00000000a6500000|100%| S|CS|TAMS 0x00000000a6400000, 0x00000000a6400000| Complete 
| 613|0x00000000a6500000, 0x00000000a6600000, 0x00000000a6600000|100%| S|CS|TAMS 0x00000000a6500000, 0x00000000a6500000| Complete 
| 614|0x00000000a6600000, 0x00000000a6600000, 0x00000000a6700000|  0%| F|  |TAMS 0x00000000a6600000, 0x00000000a6600000| Untracked 
| 615|0x00000000a6700000, 0x00000000a6700000, 0x00000000a6800000|  0%| F|  |TAMS 0x00000000a6700000, 0x00000000a6700000| Untracked 
| 616|0x00000000a6800000, 0x00000000a6800000, 0x00000000a6900000|  0%| F|  |TAMS 0x00000000a6800000, 0x00000000a6800000| Untracked 
| 617|0x00000000a6900000, 0x00000000a6900000, 0x00000000a6a00000|  0%| F|  |TAMS 0x00000000a6900000, 0x00000000a6900000| Untracked 
| 618|0x00000000a6a00000, 0x00000000a6a00000, 0x00000000a6b00000|  0%| F|  |TAMS 0x00000000a6a00000, 0x00000000a6a00000| Untracked 
| 619|0x00000000a6b00000, 0x00000000a6b00000, 0x00000000a6c00000|  0%| F|  |TAMS 0x00000000a6b00000, 0x00000000a6b00000| Untracked 
| 620|0x00000000a6c00000, 0x00000000a6c00000, 0x00000000a6d00000|  0%| F|  |TAMS 0x00000000a6c00000, 0x00000000a6c00000| Untracked 
| 621|0x00000000a6d00000, 0x00000000a6d00000, 0x00000000a6e00000|  0%| F|  |TAMS 0x00000000a6d00000, 0x00000000a6d00000| Untracked 
| 622|0x00000000a6e00000, 0x00000000a6e00000, 0x00000000a6f00000|  0%| F|  |TAMS 0x00000000a6e00000, 0x00000000a6e00000| Untracked 
| 623|0x00000000a6f00000, 0x00000000a6f00000, 0x00000000a7000000|  0%| F|  |TAMS 0x00000000a6f00000, 0x00000000a6f00000| Untracked 
| 624|0x00000000a7000000, 0x00000000a7000000, 0x00000000a7100000|  0%| F|  |TAMS 0x00000000a7000000, 0x00000000a7000000| Untracked 
| 625|0x00000000a7100000, 0x00000000a7100000, 0x00000000a7200000|  0%| F|  |TAMS 0x00000000a7100000, 0x00000000a7100000| Untracked 
| 626|0x00000000a7200000, 0x00000000a7200000, 0x00000000a7300000|  0%| F|  |TAMS 0x00000000a7200000, 0x00000000a7200000| Untracked 
| 627|0x00000000a7300000, 0x00000000a7300000, 0x00000000a7400000|  0%| F|  |TAMS 0x00000000a7300000, 0x00000000a7300000| Untracked 
| 628|0x00000000a7400000, 0x00000000a7400000, 0x00000000a7500000|  0%| F|  |TAMS 0x00000000a7400000, 0x00000000a7400000| Untracked 
| 629|0x00000000a7500000, 0x00000000a7500000, 0x00000000a7600000|  0%| F|  |TAMS 0x00000000a7500000, 0x00000000a7500000| Untracked 
| 630|0x00000000a7600000, 0x00000000a7600000, 0x00000000a7700000|  0%| F|  |TAMS 0x00000000a7600000, 0x00000000a7600000| Untracked 
| 631|0x00000000a7700000, 0x00000000a7700000, 0x00000000a7800000|  0%| F|  |TAMS 0x00000000a7700000, 0x00000000a7700000| Untracked 
| 632|0x00000000a7800000, 0x00000000a7800000, 0x00000000a7900000|  0%| F|  |TAMS 0x00000000a7800000, 0x00000000a7800000| Untracked 
| 633|0x00000000a7900000, 0x00000000a7900000, 0x00000000a7a00000|  0%| F|  |TAMS 0x00000000a7900000, 0x00000000a7900000| Untracked 
| 634|0x00000000a7a00000, 0x00000000a7a00000, 0x00000000a7b00000|  0%| F|  |TAMS 0x00000000a7a00000, 0x00000000a7a00000| Untracked 
| 635|0x00000000a7b00000, 0x00000000a7b00000, 0x00000000a7c00000|  0%| F|  |TAMS 0x00000000a7b00000, 0x00000000a7b00000| Untracked 
| 636|0x00000000a7c00000, 0x00000000a7c00000, 0x00000000a7d00000|  0%| F|  |TAMS 0x00000000a7c00000, 0x00000000a7c00000| Untracked 
| 637|0x00000000a7d00000, 0x00000000a7d00000, 0x00000000a7e00000|  0%| F|  |TAMS 0x00000000a7d00000, 0x00000000a7d00000| Untracked 
| 638|0x00000000a7e00000, 0x00000000a7e00000, 0x00000000a7f00000|  0%| F|  |TAMS 0x00000000a7e00000, 0x00000000a7e00000| Untracked 
| 639|0x00000000a7f00000, 0x00000000a7f00000, 0x00000000a8000000|  0%| F|  |TAMS 0x00000000a7f00000, 0x00000000a7f00000| Untracked 
| 640|0x00000000a8000000, 0x00000000a8000000, 0x00000000a8100000|  0%| F|  |TAMS 0x00000000a8000000, 0x00000000a8000000| Untracked 
| 641|0x00000000a8100000, 0x00000000a8100000, 0x00000000a8200000|  0%| F|  |TAMS 0x00000000a8100000, 0x00000000a8100000| Untracked 
| 642|0x00000000a8200000, 0x00000000a8200000, 0x00000000a8300000|  0%| F|  |TAMS 0x00000000a8200000, 0x00000000a8200000| Untracked 
| 643|0x00000000a8300000, 0x00000000a8300000, 0x00000000a8400000|  0%| F|  |TAMS 0x00000000a8300000, 0x00000000a8300000| Untracked 
| 644|0x00000000a8400000, 0x00000000a8400000, 0x00000000a8500000|  0%| F|  |TAMS 0x00000000a8400000, 0x00000000a8400000| Untracked 
| 645|0x00000000a8500000, 0x00000000a8500000, 0x00000000a8600000|  0%| F|  |TAMS 0x00000000a8500000, 0x00000000a8500000| Untracked 
| 646|0x00000000a8600000, 0x00000000a8600000, 0x00000000a8700000|  0%| F|  |TAMS 0x00000000a8600000, 0x00000000a8600000| Untracked 
| 647|0x00000000a8700000, 0x00000000a8700000, 0x00000000a8800000|  0%| F|  |TAMS 0x00000000a8700000, 0x00000000a8700000| Untracked 
| 648|0x00000000a8800000, 0x00000000a8800000, 0x00000000a8900000|  0%| F|  |TAMS 0x00000000a8800000, 0x00000000a8800000| Untracked 
| 649|0x00000000a8900000, 0x00000000a8900000, 0x00000000a8a00000|  0%| F|  |TAMS 0x00000000a8900000, 0x00000000a8900000| Untracked 
| 650|0x00000000a8a00000, 0x00000000a8a00000, 0x00000000a8b00000|  0%| F|  |TAMS 0x00000000a8a00000, 0x00000000a8a00000| Untracked 
| 651|0x00000000a8b00000, 0x00000000a8b00000, 0x00000000a8c00000|  0%| F|  |TAMS 0x00000000a8b00000, 0x00000000a8b00000| Untracked 
| 652|0x00000000a8c00000, 0x00000000a8c00000, 0x00000000a8d00000|  0%| F|  |TAMS 0x00000000a8c00000, 0x00000000a8c00000| Untracked 
| 653|0x00000000a8d00000, 0x00000000a8d00000, 0x00000000a8e00000|  0%| F|  |TAMS 0x00000000a8d00000, 0x00000000a8d00000| Untracked 
| 654|0x00000000a8e00000, 0x00000000a8e00000, 0x00000000a8f00000|  0%| F|  |TAMS 0x00000000a8e00000, 0x00000000a8e00000| Untracked 
| 655|0x00000000a8f00000, 0x00000000a8f00000, 0x00000000a9000000|  0%| F|  |TAMS 0x00000000a8f00000, 0x00000000a8f00000| Untracked 
| 656|0x00000000a9000000, 0x00000000a9000000, 0x00000000a9100000|  0%| F|  |TAMS 0x00000000a9000000, 0x00000000a9000000| Untracked 
| 657|0x00000000a9100000, 0x00000000a9100000, 0x00000000a9200000|  0%| F|  |TAMS 0x00000000a9100000, 0x00000000a9100000| Untracked 
| 658|0x00000000a9200000, 0x00000000a9200000, 0x00000000a9300000|  0%| F|  |TAMS 0x00000000a9200000, 0x00000000a9200000| Untracked 
| 659|0x00000000a9300000, 0x00000000a9300000, 0x00000000a9400000|  0%| F|  |TAMS 0x00000000a9300000, 0x00000000a9300000| Untracked 
| 660|0x00000000a9400000, 0x00000000a9400000, 0x00000000a9500000|  0%| F|  |TAMS 0x00000000a9400000, 0x00000000a9400000| Untracked 
| 661|0x00000000a9500000, 0x00000000a9500000, 0x00000000a9600000|  0%| F|  |TAMS 0x00000000a9500000, 0x00000000a9500000| Untracked 
| 662|0x00000000a9600000, 0x00000000a9600000, 0x00000000a9700000|  0%| F|  |TAMS 0x00000000a9600000, 0x00000000a9600000| Untracked 
| 663|0x00000000a9700000, 0x00000000a9700000, 0x00000000a9800000|  0%| F|  |TAMS 0x00000000a9700000, 0x00000000a9700000| Untracked 
| 664|0x00000000a9800000, 0x00000000a9800000, 0x00000000a9900000|  0%| F|  |TAMS 0x00000000a9800000, 0x00000000a9800000| Untracked 
| 665|0x00000000a9900000, 0x00000000a9900000, 0x00000000a9a00000|  0%| F|  |TAMS 0x00000000a9900000, 0x00000000a9900000| Untracked 
| 666|0x00000000a9a00000, 0x00000000a9a00000, 0x00000000a9b00000|  0%| F|  |TAMS 0x00000000a9a00000, 0x00000000a9a00000| Untracked 
| 667|0x00000000a9b00000, 0x00000000a9b00000, 0x00000000a9c00000|  0%| F|  |TAMS 0x00000000a9b00000, 0x00000000a9b00000| Untracked 
| 668|0x00000000a9c00000, 0x00000000a9c00000, 0x00000000a9d00000|  0%| F|  |TAMS 0x00000000a9c00000, 0x00000000a9c00000| Untracked 
| 669|0x00000000a9d00000, 0x00000000a9d00000, 0x00000000a9e00000|  0%| F|  |TAMS 0x00000000a9d00000, 0x00000000a9d00000| Untracked 
| 670|0x00000000a9e00000, 0x00000000a9e00000, 0x00000000a9f00000|  0%| F|  |TAMS 0x00000000a9e00000, 0x00000000a9e00000| Untracked 
| 671|0x00000000a9f00000, 0x00000000a9f00000, 0x00000000aa000000|  0%| F|  |TAMS 0x00000000a9f00000, 0x00000000a9f00000| Untracked 
| 672|0x00000000aa000000, 0x00000000aa000000, 0x00000000aa100000|  0%| F|  |TAMS 0x00000000aa000000, 0x00000000aa000000| Untracked 

Card table byte_map: [0x0000017523e30000,0x0000017524230000] _byte_map_base: 0x0000017523a30000

Marking Bits (Prev, Next): (CMBitMap*) 0x0000017510c175a8, (CMBitMap*) 0x0000017510c175e0
 Prev Bits: [0x0000017524630000, 0x0000017526630000)
 Next Bits: [0x0000017526630000, 0x0000017528630000)

Polling page: 0x000001750eb30000

Metaspace:

Usage:
  Non-class:    108.32 MB capacity,   106.39 MB ( 98%) used,     1.54 MB (  1%) free+waste,   408.94 KB ( <1%) overhead. 
      Class:     16.68 MB capacity,    15.31 MB ( 92%) used,     1.19 MB (  7%) free+waste,   184.25 KB (  1%) overhead. 
       Both:    125.00 MB capacity,   121.70 MB ( 97%) used,     2.73 MB (  2%) free+waste,   593.19 KB ( <1%) overhead. 

Virtual space:
  Non-class space:      110.00 MB reserved,     108.50 MB ( 99%) committed 
      Class space:        1.00 GB reserved,      16.70 MB (  2%) committed 
             Both:        1.11 GB reserved,     125.20 MB ( 11%) committed 

Chunk freelists:
   Non-Class:  52.00 KB
       Class:  8.00 KB
        Both:  60.00 KB

MaxMetaspaceSize: 17179869184.00 GB
CompressedClassSpaceSize: 1.00 GB
Initial GC threshold: 20.80 MB
Current GC threshold: 200.96 MB
CDS: off

CodeHeap 'non-profiled nmethods': size=120000Kb used=8080Kb max_used=8080Kb free=111919Kb
 bounds [0x000001751c1c0000, 0x000001751c9b0000, 0x00000175236f0000]
CodeHeap 'profiled nmethods': size=120000Kb used=41274Kb max_used=41274Kb free=78725Kb
 bounds [0x0000017514c90000, 0x00000175174e0000, 0x000001751c1c0000]
CodeHeap 'non-nmethods': size=5760Kb used=2456Kb max_used=2502Kb free=3304Kb
 bounds [0x00000175146f0000, 0x0000017514970000, 0x0000017514c90000]
 total_blobs=20989 nmethods=19992 adapters=909
 compilation: enabled
              stopped_count=0, restarted_count=0
 full_count=0

Compilation events (20 events):
Event: 33.512 Thread 0x000001752b964000 21026       2       com.android.tools.r8.utils.x::a (10 bytes)
Event: 33.512 Thread 0x000001752b964000 nmethod 21026 0x00000175174d9b90 code [0x00000175174d9d40, 0x00000175174d9e88]
Event: 33.512 Thread 0x000001752b964000 21027       2       com.android.tools.r8.utils.x::a (8 bytes)
Event: 33.512 Thread 0x000001752b964000 nmethod 21027 0x00000175174d9f90 code [0x00000175174da140, 0x00000175174da248]
Event: 33.512 Thread 0x000001752b964000 21025       2       com.android.tools.r8.utils.x$$Lambda$1596/0x0000000101087440::accept (10 bytes)
Event: 33.512 Thread 0x000001752b964000 nmethod 21025 0x00000175174da310 code [0x00000175174da4c0, 0x00000175174da5e8]
Event: 33.512 Thread 0x000001752b964000 20997       2       java.lang.invoke.VarHandleObjects$Array::getAcquire (41 bytes)
Event: 33.513 Thread 0x000001752b964000 nmethod 20997 0x00000175174da690 code [0x00000175174da8a0, 0x00000175174dae08]
Event: 33.513 Thread 0x000001752b964000 21000       2       java.lang.invoke.VarHandleGuards::guard_LILL_Z (74 bytes)
Event: 33.514 Thread 0x000001752b964000 nmethod 21000 0x00000175174db110 code [0x00000175174db360, 0x00000175174db9a8]
Event: 33.514 Thread 0x000001752b964000 20999       2       java.lang.invoke.VarHandleObjects$Array::compareAndSet (60 bytes)
Event: 33.515 Thread 0x000001752b964000 nmethod 20999 0x00000175174dbe90 code [0x00000175174dc140, 0x00000175174dcbe8]
Event: 33.515 Thread 0x000001752b964000 20986       2       com.android.tools.r8.utils.x$$Lambda$1600/0x0000000101086440::<init> (20 bytes)
Event: 33.515 Thread 0x000001752b964000 nmethod 20986 0x00000175174dd290 code [0x00000175174dd440, 0x00000175174dd5f8]
Event: 33.515 Thread 0x000001752b964000 21011       2       java.lang.invoke.VarHandleInts$FieldInstanceReadWrite::setOpaque (23 bytes)
Event: 33.515 Thread 0x000001752b964000 nmethod 21011 0x00000175174dd690 code [0x00000175174dd880, 0x00000175174ddb48]
Event: 33.515 Thread 0x000001752b964000 21012       2       jdk.internal.misc.Unsafe::putIntOpaque (9 bytes)
Event: 33.515 Thread 0x000001752b964000 nmethod 21012 0x00000175174ddd10 code [0x00000175174ddec0, 0x00000175174ddfb8]
Event: 33.559 Thread 0x000001752b964000 21057       2       com.android.tools.tracer.agent.objectweb.asm.SymbolTable::addType (81 bytes)
Event: 33.559 Thread 0x000001752b964000 nmethod 21057 0x00000175174de090 code [0x00000175174de280, 0x00000175174de5f8]

GC Heap History (20 events):
Event: 31.438 GC heap after
{Heap after GC invocations=64 (full 0):
 garbage-first heap   total 330752K, used 269545K [0x0000000080000000, 0x0000000100000000)
  region size 1024K, 3 young (3072K), 3 survivors (3072K)
 Metaspace       used 120030K, capacity 123210K, committed 123468K, reserved 1157120K
  class space    used 14888K, capacity 16194K, committed 16204K, reserved 1048576K
}
Event: 31.506 GC heap before
{Heap before GC invocations=64 (full 0):
 garbage-first heap   total 330752K, used 283881K [0x0000000080000000, 0x0000000100000000)
  region size 1024K, 17 young (17408K), 3 survivors (3072K)
 Metaspace       used 120044K, capacity 123210K, committed 123468K, reserved 1157120K
  class space    used 14889K, capacity 16194K, committed 16204K, reserved 1048576K
}
Event: 31.518 GC heap after
{Heap after GC invocations=65 (full 0):
 garbage-first heap   total 330752K, used 274956K [0x0000000080000000, 0x0000000100000000)
  region size 1024K, 3 young (3072K), 3 survivors (3072K)
 Metaspace       used 120044K, capacity 123210K, committed 123468K, reserved 1157120K
  class space    used 14889K, capacity 16194K, committed 16204K, reserved 1048576K
}
Event: 31.586 GC heap before
{Heap before GC invocations=65 (full 0):
 garbage-first heap   total 330752K, used 289292K [0x0000000080000000, 0x0000000100000000)
  region size 1024K, 16 young (16384K), 3 survivors (3072K)
 Metaspace       used 120044K, capacity 123210K, committed 123468K, reserved 1157120K
  class space    used 14889K, capacity 16194K, committed 16204K, reserved 1048576K
}
Event: 31.599 GC heap after
{Heap after GC invocations=66 (full 0):
 garbage-first heap   total 397312K, used 282248K [0x0000000080000000, 0x0000000100000000)
  region size 1024K, 2 young (2048K), 2 survivors (2048K)
 Metaspace       used 120044K, capacity 123210K, committed 123468K, reserved 1157120K
  class space    used 14889K, capacity 16194K, committed 16204K, reserved 1048576K
}
Event: 31.789 GC heap before
{Heap before GC invocations=66 (full 0):
 garbage-first heap   total 397312K, used 316040K [0x0000000080000000, 0x0000000100000000)
  region size 1024K, 31 young (31744K), 2 survivors (2048K)
 Metaspace       used 120470K, capacity 123670K, committed 123852K, reserved 1157120K
  class space    used 14962K, capacity 16267K, committed 16332K, reserved 1048576K
}
Event: 31.816 GC heap after
{Heap after GC invocations=67 (full 0):
 garbage-first heap   total 397312K, used 296544K [0x0000000080000000, 0x0000000100000000)
  region size 1024K, 4 young (4096K), 4 survivors (4096K)
 Metaspace       used 120470K, capacity 123670K, committed 123852K, reserved 1157120K
  class space    used 14962K, capacity 16267K, committed 16332K, reserved 1048576K
}
Event: 31.974 GC heap before
{Heap before GC invocations=67 (full 0):
 garbage-first heap   total 397312K, used 323168K [0x0000000080000000, 0x0000000100000000)
  region size 1024K, 30 young (30720K), 4 survivors (4096K)
 Metaspace       used 122331K, capacity 125629K, committed 125900K, reserved 1159168K
  class space    used 15398K, capacity 16768K, committed 16844K, reserved 1048576K
}
Event: 31.992 GC heap after
{Heap after GC invocations=68 (full 0):
 garbage-first heap   total 397312K, used 301373K [0x0000000080000000, 0x0000000100000000)
  region size 1024K, 4 young (4096K), 4 survivors (4096K)
 Metaspace       used 122331K, capacity 125629K, committed 125900K, reserved 1159168K
  class space    used 15398K, capacity 16768K, committed 16844K, reserved 1048576K
}
Event: 32.100 GC heap before
{Heap before GC invocations=68 (full 0):
 garbage-first heap   total 397312K, used 326973K [0x0000000080000000, 0x0000000100000000)
  region size 1024K, 29 young (29696K), 4 survivors (4096K)
 Metaspace       used 122424K, capacity 125760K, committed 125900K, reserved 1159168K
  class space    used 15398K, capacity 16768K, committed 16844K, reserved 1048576K
}
Event: 32.116 GC heap after
{Heap after GC invocations=69 (full 0):
 garbage-first heap   total 397312K, used 314486K [0x0000000080000000, 0x0000000100000000)
  region size 1024K, 4 young (4096K), 4 survivors (4096K)
 Metaspace       used 122424K, capacity 125760K, committed 125900K, reserved 1159168K
  class space    used 15398K, capacity 16768K, committed 16844K, reserved 1048576K
}
Event: 32.164 GC heap before
{Heap before GC invocations=69 (full 0):
 garbage-first heap   total 397312K, used 333942K [0x0000000080000000, 0x0000000100000000)
  region size 1024K, 23 young (23552K), 4 survivors (4096K)
 Metaspace       used 122493K, capacity 125767K, committed 125900K, reserved 1159168K
  class space    used 15398K, capacity 16768K, committed 16844K, reserved 1048576K
}
Event: 32.184 GC heap after
{Heap after GC invocations=70 (full 0):
 garbage-first heap   total 689152K, used 325898K [0x0000000080000000, 0x0000000100000000)
  region size 1024K, 3 young (3072K), 3 survivors (3072K)
 Metaspace       used 122493K, capacity 125767K, committed 125900K, reserved 1159168K
  class space    used 15398K, capacity 16768K, committed 16844K, reserved 1048576K
}
Event: 32.438 GC heap before
{Heap before GC invocations=70 (full 0):
 garbage-first heap   total 689152K, used 426250K [0x0000000080000000, 0x0000000100000000)
  region size 1024K, 101 young (103424K), 3 survivors (3072K)
 Metaspace       used 122581K, capacity 125909K, committed 126156K, reserved 1159168K
  class space    used 15398K, capacity 16768K, committed 16844K, reserved 1048576K
}
Event: 32.487 GC heap after
{Heap after GC invocations=71 (full 0):
 garbage-first heap   total 689152K, used 378415K [0x0000000080000000, 0x0000000100000000)
  region size 1024K, 13 young (13312K), 13 survivors (13312K)
 Metaspace       used 122581K, capacity 125909K, committed 126156K, reserved 1159168K
  class space    used 15398K, capacity 16768K, committed 16844K, reserved 1048576K
}
Event: 32.732 GC heap before
{Heap before GC invocations=71 (full 0):
 garbage-first heap   total 689152K, used 465455K [0x0000000080000000, 0x0000000100000000)
  region size 1024K, 99 young (101376K), 13 survivors (13312K)
 Metaspace       used 122619K, capacity 125909K, committed 126156K, reserved 1159168K
  class space    used 15398K, capacity 16768K, committed 16844K, reserved 1048576K
}
Event: 32.792 GC heap after
{Heap after GC invocations=72 (full 0):
 garbage-first heap   total 689152K, used 425983K [0x0000000080000000, 0x0000000100000000)
  region size 1024K, 13 young (13312K), 13 survivors (13312K)
 Metaspace       used 122619K, capacity 125909K, committed 126156K, reserved 1159168K
  class space    used 15398K, capacity 16768K, committed 16844K, reserved 1048576K
}
Event: 33.123 GC heap before
{Heap before GC invocations=72 (full 0):
 garbage-first heap   total 689152K, used 499711K [0x0000000080000000, 0x0000000100000000)
  region size 1024K, 86 young (88064K), 13 survivors (13312K)
 Metaspace       used 122621K, capacity 125909K, committed 126156K, reserved 1159168K
  class space    used 15398K, capacity 16768K, committed 16844K, reserved 1048576K
}
Event: 33.177 GC heap after
{Heap after GC invocations=73 (full 0):
 garbage-first heap   total 689152K, used 467455K [0x0000000080000000, 0x0000000100000000)
  region size 1024K, 11 young (11264K), 11 survivors (11264K)
 Metaspace       used 122621K, capacity 125909K, committed 126156K, reserved 1159168K
  class space    used 15398K, capacity 16768K, committed 16844K, reserved 1048576K
}
Event: 33.585 GC heap before
{Heap before GC invocations=73 (full 0):
 garbage-first heap   total 689152K, used 528895K [0x0000000080000000, 0x0000000100000000)
  region size 1024K, 70 young (71680K), 11 survivors (11264K)
 Metaspace       used 124619K, capacity 128004K, committed 128204K, reserved 1161216K
  class space    used 15678K, capacity 17080K, committed 17100K, reserved 1048576K
}

Deoptimization events (20 events):
Event: 32.492 Thread 0x00000175309c4000 Uncommon trap: trap_request=0xffffff4d fr.pc=0x000001751c9892f0 relative=0x00000000000069f0
Event: 32.492 Thread 0x00000175309c4000 Uncommon trap: reason=unstable_if action=reinterpret pc=0x000001751c9892f0 method=com.android.tools.r8.dex.code.v1.a(Ljava/nio/ShortBuffer;IILcom/android/tools/r8/internal/OM;)[Lcom/android/tools/r8/dex/code/t1; @ 541 c2
Event: 32.492 Thread 0x00000175309c4000 DEOPT PACKING pc=0x000001751c9892f0 sp=0x00000046259fe8d0
Event: 32.492 Thread 0x00000175309c4000 DEOPT UNPACKING pc=0x000001751473a1af sp=0x00000046259fe8c8 mode 2
Event: 32.523 Thread 0x0000017535f7c800 DEOPT PACKING pc=0x00000175173f0ebf sp=0x0000004625efe770
Event: 32.523 Thread 0x0000017535f7c800 DEOPT UNPACKING pc=0x000001751473a95e sp=0x0000004625efdcc8 mode 0
Event: 33.313 Thread 0x00000175309be000 DEOPT PACKING pc=0x00000175172f9518 sp=0x0000004624bfd030
Event: 33.313 Thread 0x00000175309be000 DEOPT UNPACKING pc=0x000001751473a95e sp=0x0000004624bfc530 mode 0
Event: 33.313 Thread 0x00000175309be000 DEOPT PACKING pc=0x00000175172f9518 sp=0x0000004624bfd020
Event: 33.313 Thread 0x00000175309be000 DEOPT UNPACKING pc=0x000001751473a95e sp=0x0000004624bfc520 mode 0
Event: 33.314 Thread 0x00000175309be000 DEOPT PACKING pc=0x00000175172f94f7 sp=0x0000004624bfcfa0
Event: 33.314 Thread 0x00000175309be000 DEOPT UNPACKING pc=0x000001751473a95e sp=0x0000004624bfc4a0 mode 0
Event: 33.316 Thread 0x00000175309be000 DEOPT PACKING pc=0x00000175172f9518 sp=0x0000004624bfcfa0
Event: 33.316 Thread 0x00000175309be000 DEOPT UNPACKING pc=0x000001751473a95e sp=0x0000004624bfc4a0 mode 0
Event: 33.319 Thread 0x00000175309be000 DEOPT PACKING pc=0x00000175172f9518 sp=0x0000004624bfcfa0
Event: 33.319 Thread 0x00000175309be000 DEOPT UNPACKING pc=0x000001751473a95e sp=0x0000004624bfc4a0 mode 0
Event: 33.558 Thread 0x00000175309be000 Uncommon trap: trap_request=0xffffff4d fr.pc=0x000001751c27b378 relative=0x0000000000000e78
Event: 33.558 Thread 0x00000175309be000 Uncommon trap: reason=unstable_if action=reinterpret pc=0x000001751c27b378 method=com.android.tools.tracer.agent.objectweb.asm.SymbolTable.addType(Ljava/lang/String;)I @ 44 c2
Event: 33.558 Thread 0x00000175309be000 DEOPT PACKING pc=0x000001751c27b378 sp=0x0000004624bf73d0
Event: 33.558 Thread 0x00000175309be000 DEOPT UNPACKING pc=0x000001751473a1af sp=0x0000004624bf73a0 mode 2

Classes redefined (0 events):
No events

Internal exceptions (20 events):
Event: 30.493 Thread 0x0000017532f50800 Exception <a 'java/lang/NoSuchMethodError'{0x000000008d379470}: <clinit>> (0x000000008d379470) thrown at [src/hotspot/share/prims/jni.cpp, line 1367]
Event: 30.494 Thread 0x0000017532f50800 Exception <a 'java/lang/NoSuchMethodError'{0x000000008d38fa28}: <clinit>> (0x000000008d38fa28) thrown at [src/hotspot/share/prims/jni.cpp, line 1367]
Event: 30.498 Thread 0x00000175309be000 Exception <a 'sun/nio/fs/WindowsException'{0x000000008d11c040}> (0x000000008d11c040) thrown at [src/hotspot/share/prims/jni.cpp, line 617]
Event: 30.567 Thread 0x00000175309be000 Exception <a 'java/lang/NoSuchMethodError'{0x00000000929ece28}: 'java.lang.Object java.lang.invoke.DirectMethodHandle$Holder.newInvokeSpecial(java.lang.Object, int)'> (0x00000000929ece28) thrown at [src/hotspot/share/interpreter/linkResolver.cpp, line 773]
Event: 30.707 Thread 0x00000175309c6800 Exception <a 'java/lang/NoSuchMethodError'{0x00000000913a1830}: 'void java.lang.invoke.DirectMethodHandle$Holder.invokeStatic(java.lang.Object, long)'> (0x00000000913a1830) thrown at [src/hotspot/share/interpreter/linkResolver.cpp, line 773]
Event: 30.708 Thread 0x00000175309c6800 Exception <a 'java/lang/NoSuchMethodError'{0x00000000913a6cf0}: 'java.lang.Object java.lang.invoke.DirectMethodHandle$Holder.invokeStatic(java.lang.Object, long)'> (0x00000000913a6cf0) thrown at [src/hotspot/share/interpreter/linkResolver.cpp, line 773]
Event: 30.708 Thread 0x00000175309c6800 Exception <a 'java/lang/NoSuchMethodError'{0x00000000913aa510}: 'java.lang.Object java.lang.invoke.DirectMethodHandle$Holder.invokeSpecial(java.lang.Object, java.lang.Object, long)'> (0x00000000913aa510) thrown at [src/hotspot/share/interpreter/linkResolver.cpp, line 773]
Event: 30.708 Thread 0x00000175309c6800 Exception <a 'java/lang/NoSuchMethodError'{0x00000000913ad520}: 'java.lang.Object java.lang.invoke.Invokers$Holder.linkToTargetMethod(long, java.lang.Object)'> (0x00000000913ad520) thrown at [src/hotspot/share/interpreter/linkResolver.cpp, line 773]
Event: 30.710 Thread 0x00000175309c6800 Exception <a 'java/lang/NoSuchMethodError'{0x0000000091203690}: 'java.lang.Object java.lang.invoke.DirectMethodHandle$Holder.invokeStaticInit(java.lang.Object, java.lang.Object, long, java.lang.Object)'> (0x0000000091203690) thrown at [src/hotspot/share/interpreter/linkResolver.cpp, line 773]
Event: 30.755 Thread 0x00000175309be000 Exception <a 'java/lang/NoSuchMethodError'{0x0000000090cf9750}: 'java.lang.Object java.lang.invoke.DirectMethodHandle$Holder.invokeStaticInit(java.lang.Object, java.lang.Object, java.lang.Object, java.lang.Object, java.lang.Object, java.lang.Object, java.lang.Object, java.lang.Object, java.lang.Object, java.lang.Object, java.lang.Object, java.lang.Object, java.lang.Object, java.lang.Object, java.lang.Object, java.lang.Object, java.lang.Object, java.lang.Object, java.lang.Object, int, java.lang.Object, java
Event: 31.161 Thread 0x00000175309c6800 Exception <a 'java/lang/NoSuchMethodError'{0x0000000091719988}: 'int java.lang.invoke.DirectMethodHandle$Holder.invokeSpecialIFC(java.lang.Object, java.lang.Object, java.lang.Object)'> (0x0000000091719988) thrown at [src/hotspot/share/interpreter/linkResolver.cpp, line 773]
Event: 31.788 Thread 0x00000175309c4800 Exception <a 'java/lang/IncompatibleClassChangeError'{0x00000000967bbfd8}: Found class java.lang.Object, but interface was expected> (0x00000000967bbfd8) thrown at [src/hotspot/share/interpreter/linkResolver.cpp, line 839]
Event: 31.821 Thread 0x00000175309c4800 Exception <a 'java/lang/IncompatibleClassChangeError'{0x0000000098272528}: Found class java.lang.Object, but interface was expected> (0x0000000098272528) thrown at [src/hotspot/share/interpreter/linkResolver.cpp, line 839]
Event: 31.821 Thread 0x0000017535f7c800 Exception <a 'java/lang/IncompatibleClassChangeError'{0x000000009820feb0}: Found class java.lang.Object, but interface was expected> (0x000000009820feb0) thrown at [src/hotspot/share/interpreter/linkResolver.cpp, line 839]
Event: 31.822 Thread 0x00000175309c4800 Exception <a 'java/lang/IncompatibleClassChangeError'{0x00000000982c1160}: Found class java.lang.Object, but interface was expected> (0x00000000982c1160) thrown at [src/hotspot/share/interpreter/linkResolver.cpp, line 839]
Event: 31.822 Thread 0x0000017535f7c800 Exception <a 'java/lang/IncompatibleClassChangeError'{0x0000000098212ab8}: Found class java.lang.Object, but interface was expected> (0x0000000098212ab8) thrown at [src/hotspot/share/interpreter/linkResolver.cpp, line 839]
Event: 31.908 Thread 0x0000017535f7b800 Exception <a 'java/lang/NoSuchMethodError'{0x0000000097592f80}: 'long java.lang.invoke.DirectMethodHandle$Holder.invokeStatic(java.lang.Object, java.lang.Object, java.lang.Object)'> (0x0000000097592f80) thrown at [src/hotspot/share/interpreter/linkResolver.cpp, line 773]
Event: 31.908 Thread 0x00000175309c4000 Exception <a 'java/lang/NoSuchMethodError'{0x00000000974e9d20}: 'long java.lang.invoke.DirectMethodHandle$Holder.invokeStatic(java.lang.Object, java.lang.Object, java.lang.Object)'> (0x00000000974e9d20) thrown at [src/hotspot/share/interpreter/linkResolver.cpp, line 773]
Event: 33.477 Thread 0x00000175309be000 Exception <a 'java/lang/NoSuchMethodError'{0x00000000a78ea850}: 'void java.lang.invoke.DirectMethodHandle$Holder.invokeStatic(java.lang.Object, java.lang.Object, java.lang.Object, int)'> (0x00000000a78ea850) thrown at [src/hotspot/share/interpreter/linkResolver.cpp, line 773]
Event: 33.478 Thread 0x00000175309be000 Exception <a 'java/lang/IncompatibleClassChangeError'{0x00000000a78f3eb8}: Found class java.lang.Object, but interface was expected> (0x00000000a78f3eb8) thrown at [src/hotspot/share/interpreter/linkResolver.cpp, line 839]

Events (20 events):
Event: 33.581 loading class com/android/tools/r8/internal/G3 done
Event: 33.582 loading class com/android/tools/r8/graph/g
Event: 33.582 loading class com/android/tools/r8/graph/g done
Event: 33.582 loading class com/android/tools/r8/AssertionsConfiguration
Event: 33.582 loading class com/android/tools/r8/AssertionsConfiguration done
Event: 33.582 loading class com/android/tools/r8/graph/g
Event: 33.582 loading class com/android/tools/r8/graph/g done
Event: 33.582 loading class com/android/tools/r8/internal/lp
Event: 33.582 loading class com/android/tools/r8/internal/lp done
Event: 33.583 loading class com/android/tools/r8/internal/Jn
Event: 33.583 loading class com/android/tools/r8/internal/Jn done
Event: 33.584 loading class com/android/tools/r8/graph/e1
Event: 33.584 loading class com/android/tools/r8/graph/e1 done
Event: 33.584 loading class com/android/tools/r8/graph/e1
Event: 33.584 loading class com/android/tools/r8/graph/e1 done
Event: 33.584 loading class com/android/tools/r8/internal/Zo
Event: 33.584 loading class com/android/tools/r8/internal/Zo done
Event: 33.584 loading class com/android/tools/r8/internal/kx
Event: 33.584 loading class com/android/tools/r8/internal/kx done
Event: 33.585 Executing VM operation: G1CollectForAllocation


Dynamic libraries:
0x00007ff7a6a30000 - 0x00007ff7a6a3a000 	C:\Program Files\Android\Android Studio\jbr\bin\java.exe
0x00007ffdb1410000 - 0x00007ffdb1627000 	C:\WINDOWS\SYSTEM32\ntdll.dll
0x00007ffdaff20000 - 0x00007ffdaffe4000 	C:\WINDOWS\System32\KERNEL32.DLL
0x00007ffdae830000 - 0x00007ffdaebe9000 	C:\WINDOWS\System32\KERNELBASE.dll
0x00007ffdaeeb0000 - 0x00007ffdaefc1000 	C:\WINDOWS\System32\ucrtbase.dll
0x00007ffd9ccf0000 - 0x00007ffd9cd0b000 	C:\Program Files\Android\Android Studio\jbr\bin\VCRUNTIME140.dll
0x00007ffd8e4a0000 - 0x00007ffd8e4b7000 	C:\Program Files\Android\Android Studio\jbr\bin\jli.dll
0x00007ffdaf660000 - 0x00007ffdaf80e000 	C:\WINDOWS\System32\USER32.dll
0x00007ffd8e770000 - 0x00007ffd8ea02000 	C:\WINDOWS\WinSxS\amd64_microsoft.windows.common-controls_6595b64144ccf1df_6.0.22621.4391_none_2715d37f73803e96\COMCTL32.dll
0x00007ffdaec20000 - 0x00007ffdaec46000 	C:\WINDOWS\System32\win32u.dll
0x00007ffdaf930000 - 0x00007ffdaf9d7000 	C:\WINDOWS\System32\msvcrt.dll
0x00007ffdb09c0000 - 0x00007ffdb09e9000 	C:\WINDOWS\System32\GDI32.dll
0x00007ffdae710000 - 0x00007ffdae82b000 	C:\WINDOWS\System32\gdi32full.dll
0x00007ffdaefd0000 - 0x00007ffdaf06a000 	C:\WINDOWS\System32\msvcp_win.dll
0x00007ffdb1290000 - 0x00007ffdb12c1000 	C:\WINDOWS\System32\IMM32.DLL
0x00007ffda6870000 - 0x00007ffda687c000 	C:\Program Files\Android\Android Studio\jbr\bin\vcruntime140_1.dll
0x00007ffd87070000 - 0x00007ffd870fd000 	C:\Program Files\Android\Android Studio\jbr\bin\msvcp140.dll
0x00007ffd26760000 - 0x00007ffd2731c000 	C:\Program Files\Android\Android Studio\jbr\bin\server\jvm.dll
0x00007ffdaf2f0000 - 0x00007ffdaf3a2000 	C:\WINDOWS\System32\ADVAPI32.dll
0x00007ffdaf9e0000 - 0x00007ffdafa87000 	C:\WINDOWS\System32\sechost.dll
0x00007ffdaebf0000 - 0x00007ffdaec18000 	C:\WINDOWS\System32\bcrypt.dll
0x00007ffdaf810000 - 0x00007ffdaf924000 	C:\WINDOWS\System32\RPCRT4.dll
0x00007ffdaff10000 - 0x00007ffdaff18000 	C:\WINDOWS\System32\PSAPI.DLL
0x00007ffd9ed10000 - 0x00007ffd9ed19000 	C:\WINDOWS\SYSTEM32\WSOCK32.dll
0x00007ffda4030000 - 0x00007ffda4064000 	C:\WINDOWS\SYSTEM32\WINMM.dll
0x00007ffda2b80000 - 0x00007ffda2b8a000 	C:\WINDOWS\SYSTEM32\VERSION.dll
0x00007ffdafff0000 - 0x00007ffdb0061000 	C:\WINDOWS\System32\WS2_32.dll
0x00007ffdad750000 - 0x00007ffdad768000 	C:\WINDOWS\SYSTEM32\kernel.appcore.dll
0x00007ffd8e510000 - 0x00007ffd8e520000 	C:\Program Files\Android\Android Studio\jbr\bin\verify.dll
0x00007ffdac020000 - 0x00007ffdac252000 	C:\WINDOWS\SYSTEM32\DBGHELP.DLL
0x00007ffdb0180000 - 0x00007ffdb050f000 	C:\WINDOWS\System32\combase.dll
0x00007ffdb07c0000 - 0x00007ffdb0897000 	C:\WINDOWS\System32\OLEAUT32.dll
0x00007ffda3010000 - 0x00007ffda3042000 	C:\WINDOWS\SYSTEM32\dbgcore.DLL
0x00007ffdaee30000 - 0x00007ffdaeeab000 	C:\WINDOWS\System32\bcryptPrimitives.dll
0x00007ffd8e4e0000 - 0x00007ffd8e508000 	C:\Program Files\Android\Android Studio\jbr\bin\java.dll
0x00007ffd8e4d0000 - 0x00007ffd8e4da000 	C:\Program Files\Android\Android Studio\jbr\bin\jimage.dll
0x00007ffd8e4c0000 - 0x00007ffd8e4ce000 	C:\Program Files\Android\Android Studio\jbr\bin\instrument.dll
0x00007ffd8e480000 - 0x00007ffd8e498000 	C:\Program Files\Android\Android Studio\jbr\bin\zip.dll
0x00007ffdb09f0000 - 0x00007ffdb1266000 	C:\WINDOWS\System32\SHELL32.dll
0x00007ffdac650000 - 0x00007ffdacf53000 	C:\WINDOWS\SYSTEM32\windows.storage.dll
0x00007ffdac3a0000 - 0x00007ffdac4df000 	C:\WINDOWS\SYSTEM32\wintypes.dll
0x00007ffdb08c0000 - 0x00007ffdb09b9000 	C:\WINDOWS\System32\SHCORE.dll
0x00007ffdaf600000 - 0x00007ffdaf65e000 	C:\WINDOWS\System32\shlwapi.dll
0x00007ffdae640000 - 0x00007ffdae66b000 	C:\WINDOWS\SYSTEM32\profapi.dll
0x00007ffd8e430000 - 0x00007ffd8e43a000 	C:\Program Files\Android\Android Studio\jbr\bin\management.dll
0x00007ffd8e420000 - 0x00007ffd8e42b000 	C:\Program Files\Android\Android Studio\jbr\bin\management_ext.dll
0x00007ffd8e460000 - 0x00007ffd8e479000 	C:\Program Files\Android\Android Studio\jbr\bin\net.dll
0x00007ffda3c10000 - 0x00007ffda3d46000 	C:\WINDOWS\SYSTEM32\WINHTTP.dll
0x00007ffdadbd0000 - 0x00007ffdadc39000 	C:\WINDOWS\system32\mswsock.dll
0x00007ffd8e440000 - 0x00007ffd8e453000 	C:\Program Files\Android\Android Studio\jbr\bin\nio.dll
0x00007ffd693e0000 - 0x00007ffd693f7000 	C:\WINDOWS\system32\napinsp.dll
0x00007ffd693c0000 - 0x00007ffd693db000 	C:\WINDOWS\system32\pnrpnsp.dll
0x00007ffdad230000 - 0x00007ffdad332000 	C:\WINDOWS\SYSTEM32\DNSAPI.dll
0x00007ffdad1c0000 - 0x00007ffdad1ed000 	C:\WINDOWS\SYSTEM32\IPHLPAPI.DLL
0x00007ffdb0510000 - 0x00007ffdb0519000 	C:\WINDOWS\System32\NSI.dll
0x00007ffd69400000 - 0x00007ffd69411000 	C:\WINDOWS\System32\winrnr.dll
0x00007ffda3fc0000 - 0x00007ffda3fd5000 	C:\WINDOWS\system32\wshbth.dll
0x00007ffd73e70000 - 0x00007ffd73e97000 	C:\WINDOWS\system32\nlansp_c.dll
0x00007ffda07a0000 - 0x00007ffda07aa000 	C:\Windows\System32\rasadhlp.dll
0x00007ffda2af0000 - 0x00007ffda2b73000 	C:\WINDOWS\System32\fwpuclnt.dll
0x00007ffd8fb70000 - 0x00007ffd8fb97000 	C:\Users\Lenovo\.gradle\native\e1d6ef7f7dcc3fd88c89a11ec53ec762bb8ba0a96d01ffa2cd45eb1d1d8dd5c5\windows-amd64\native-platform.dll
0x00007ffd77bf0000 - 0x00007ffd77d34000 	C:\Users\Lenovo\.gradle\native\0d407fdbe67a94daf76414ababcb853783967236a71b16ec16e742cd7a986fd3\windows-amd64\native-platform-file-events.dll
0x00007ffdade20000 - 0x00007ffdade3b000 	C:\WINDOWS\SYSTEM32\CRYPTSP.dll
0x00007ffdad6b0000 - 0x00007ffdad6e5000 	C:\WINDOWS\system32\rsaenh.dll
0x00007ffdadcc0000 - 0x00007ffdadce8000 	C:\WINDOWS\SYSTEM32\USERENV.dll
0x00007ffdade40000 - 0x00007ffdade4c000 	C:\WINDOWS\SYSTEM32\CRYPTBASE.dll
0x00007ffda38f0000 - 0x00007ffda3909000 	C:\WINDOWS\SYSTEM32\dhcpcsvc6.DLL
0x00007ffda38d0000 - 0x00007ffda38ef000 	C:\WINDOWS\SYSTEM32\dhcpcsvc.DLL
0x00007ffdad860000 - 0x00007ffdad894000 	C:\WINDOWS\SYSTEM32\ntmarta.dll

dbghelp: loaded successfully - version: 4.0.5 - missing functions: none
symbol engine: initialized successfully - sym options: 0x614 - pdb path: .;C:\Program Files\Android\Android Studio\jbr\bin;C:\WINDOWS\SYSTEM32;C:\WINDOWS\WinSxS\amd64_microsoft.windows.common-controls_6595b64144ccf1df_6.0.22621.4391_none_2715d37f73803e96;C:\Program Files\Android\Android Studio\jbr\bin\server;C:\Users\Lenovo\.gradle\native\e1d6ef7f7dcc3fd88c89a11ec53ec762bb8ba0a96d01ffa2cd45eb1d1d8dd5c5\windows-amd64;C:\Users\Lenovo\.gradle\native\0d407fdbe67a94daf76414ababcb853783967236a71b16ec16e742cd7a986fd3\windows-amd64

VM Arguments:
jvm_args: -javaagent:C:\Program Files\Android\Android Studio\plugins\android\resources\trace_agent.jar=C:\Users\Lenovo\AppData\Local\Temp\sync.trace.profile --add-opens=java.base/java.util=ALL-UNNAMED --add-opens=java.base/java.lang=ALL-UNNAMED --add-opens=java.base/java.lang.invoke=ALL-UNNAMED --add-opens=java.base/java.util=ALL-UNNAMED --add-opens=java.prefs/java.util.prefs=ALL-UNNAMED --add-opens=java.prefs/java.util.prefs=ALL-UNNAMED --add-opens=java.base/java.nio.charset=ALL-UNNAMED --add-opens=java.base/java.net=ALL-UNNAMED --add-opens=java.base/java.util.concurrent.atomic=ALL-UNNAMED -Xmx2048m -Dfile.encoding=UTF-8 -Duser.country=IN -Duser.language=en -Duser.variant 
java_command: org.gradle.launcher.daemon.bootstrap.GradleDaemon 7.5
java_class_path (initial): C:\Users\Lenovo\.gradle\wrapper\dists\gradle-7.5-bin\f1w0cc9nuo0eivz97x2xlu9sv\gradle-7.5\lib\gradle-launcher-7.5.jar
Launcher Type: SUN_STANDARD

[Global flags]
     intx CICompilerCount                          = 4                                         {product} {ergonomic}
     uint ConcGCThreads                            = 2                                         {product} {ergonomic}
     uint G1ConcRefinementThreads                  = 8                                         {product} {ergonomic}
   size_t G1HeapRegionSize                         = 1048576                                   {product} {ergonomic}
    uintx GCDrainStackTargetSize                   = 64                                        {product} {ergonomic}
   size_t InitialHeapSize                          = 264241152                                 {product} {ergonomic}
   size_t MarkStackSize                            = 4194304                                   {product} {ergonomic}
   size_t MaxHeapSize                              = 2147483648                                {product} {command line}
   size_t MaxNewSize                               = 1287651328                                {product} {ergonomic}
   size_t MinHeapDeltaBytes                        = 1048576                                   {product} {ergonomic}
    uintx NonNMethodCodeHeapSize                   = 5836300                                {pd product} {ergonomic}
    uintx NonProfiledCodeHeapSize                  = 122910970                              {pd product} {ergonomic}
    uintx ProfiledCodeHeapSize                     = 122910970                              {pd product} {ergonomic}
    uintx ReservedCodeCacheSize                    = 251658240                              {pd product} {ergonomic}
     bool SegmentedCodeCache                       = true                                      {product} {ergonomic}
     bool UseCompressedClassPointers               = true                                 {lp64_product} {ergonomic}
     bool UseCompressedOops                        = true                                 {lp64_product} {ergonomic}
     bool UseG1GC                                  = true                                      {product} {ergonomic}
     bool UseLargePagesIndividualAllocation        = false                                  {pd product} {ergonomic}

Logging:
Log output configuration:
 #0: stdout all=warning uptime,level,tags
 #1: stderr all=off uptime,level,tags

Environment Variables:
PATH=C:\Program Files\Eclipse Adoptium\jdk-11.0.22.7-hotspot\bin;C:\Python312\Scripts\;C:\Python312\;C:\WINDOWS\system32;C:\WINDOWS;C:\WINDOWS\System32\Wbem;C:\WINDOWS\System32\WindowsPowerShell\v1.0\;C:\WINDOWS\System32\OpenSSH\;C:\Program Files\nodejs\;C:\ProgramData\chocolatey\bin;C:\Program Files\dotnet\;C:\Program Files\Git\cmd;C:\Users\Lenovo\AppData\Local\Microsoft\WindowsApps;C:\Users\Lenovo\AppData\Roaming\npm
USERNAME=Lenovo
OS=Windows_NT
PROCESSOR_IDENTIFIER=Intel64 Family 6 Model 142 Stepping 12, GenuineIntel



---------------  S Y S T E M  ---------------

OS: Windows 11 , 64 bit Build 22621 (10.0.22621.4391)
OS uptime: 11 days 0:47 hours

CPU:total 8 (initial active 8) (4 cores per cpu, 2 threads per core) family 6 model 142 stepping 12 microcode 0xf0, cmov, cx8, fxsr, mmx, sse, sse2, sse3, ssse3, sse4.1, sse4.2, popcnt, avx, avx2, aes, clmul, erms, 3dnowpref, lzcnt, ht, tsc, tscinvbit, bmi1, bmi2, adx, fma

Memory: 4k page, system-wide physical 16120M (141M free)
TotalPageFile size 33876M (AvailPageFile size 82M)
current process WorkingSet (physical memory assigned to process): 945M, peak: 945M
current process commit charge ("private bytes"): 1090M, peak: 1572M

vm_info: OpenJDK 64-Bit Server VM (11.0.15+0-b2043.56-9505619) for windows-amd64 JRE (11.0.15+0-b2043.56-9505619), built on Jan 19 2023 02:48:00 by "builduser" with unknown MS VC++:1929

END.
