#
# There is insufficient memory for the Java Runtime Environment to continue.
# Native memory allocation (mmap) failed to map 307232768 bytes for Failed to commit area from 0x00000000afe00000 to 0x00000000c2300000 of length 307232768.
# Possible reasons:
#   The system is out of physical RAM or swap space
#   The process is running with CompressedOops enabled, and the Java Heap may be blocking the growth of the native heap
# Possible solutions:
#   Reduce memory load on the system
#   Increase physical memory or swap space
#   Check if swap backing store is full
#   Decrease Java heap size (-Xmx/-Xms)
#   Decrease number of Java threads
#   Decrease Java thread stack sizes (-Xss)
#   Set larger code cache with -XX:ReservedCodeCacheSize=
#   JVM is running with Unscaled Compressed Oops mode in which the Java heap is
#     placed in the first 4GB address space. The Java Heap base address is the
#     maximum limit for the native heap growth. Please use -XX:HeapBaseMinAddress
#     to set the Java Heap base and to place the Java Heap above 4GB virtual address.
# This output file may be truncated or incomplete.
#
#  Out of Memory Error (src/hotspot/os/windows/os_windows.cpp:3627), pid=6644, tid=16084
#
# JRE version: OpenJDK Runtime Environment (11.0.15) (build 11.0.15+0-b2043.56-9505619)
# Java VM: OpenJDK 64-Bit Server VM (11.0.15+0-b2043.56-9505619, mixed mode, tiered, compressed oops, g1 gc, windows-amd64)
# No core dump will be written. Minidumps are not enabled by default on client versions of Windows
#

---------------  S U M M A R Y ------------

Command Line: -javaagent:C:\Program Files\Android\Android Studio\plugins\android\resources\trace_agent.jar=C:\Users\Lenovo\AppData\Local\Temp\sync.trace.profile --add-opens=java.base/java.util=ALL-UNNAMED --add-opens=java.base/java.lang=ALL-UNNAMED --add-opens=java.base/java.lang.invoke=ALL-UNNAMED --add-opens=java.base/java.util=ALL-UNNAMED --add-opens=java.prefs/java.util.prefs=ALL-UNNAMED --add-opens=java.prefs/java.util.prefs=ALL-UNNAMED --add-opens=java.base/java.nio.charset=ALL-UNNAMED --add-opens=java.base/java.net=ALL-UNNAMED --add-opens=java.base/java.util.concurrent.atomic=ALL-UNNAMED -Xmx2048m -Dfile.encoding=UTF-8 -Duser.country=IN -Duser.language=en -Duser.variant org.gradle.launcher.daemon.bootstrap.GradleDaemon 7.5

Host: Intel(R) Core(TM) i5-8365U CPU @ 1.60GHz, 8 cores, 15G,  Windows 11 , 64 bit Build 22621 (10.0.22621.4391)
Time: Fri Nov 29 11:16:13 2024 India Standard Time elapsed time: 26.159200 seconds (0d 0h 0m 26s)

---------------  T H R E A D  ---------------

Current thread (0x000001477e428000):  VMThread "VM Thread" [stack: 0x0000000f67c00000,0x0000000f67d00000] [id=16084]

Stack: [0x0000000f67c00000,0x0000000f67d00000]
[error occurred during error reporting (printing stack bounds), id 0xc0000005, EXCEPTION_ACCESS_VIOLATION (0xc0000005) at pc=0x000001476721112d]

Native frames: (J=compiled Java code, j=interpreted, Vv=VM code, C=native code)
V  [jvm.dll+0x64135a]
V  [jvm.dll+0x7d39f9]
V  [jvm.dll+0x7d51b9]
V  [jvm.dll+0x7d5805]
V  [jvm.dll+0x7d57bb]
V  [jvm.dll+0x640655]
V  [jvm.dll+0x640d68]
C  [ntdll.dll+0xa527f]
C  [ntdll.dll+0x1e886]
C  [ntdll.dll+0xa426e]
C  0x000001476721112d

VM_Operation (0x0000000f70efc0c0): G1CollectForAllocation, mode: safepoint, requested by thread 0x000001470093a800


---------------  P R O C E S S  ---------------

Threads class SMR info:
_java_thread_list=0x000001477effa090, length=149, elements={
0x00000147636f5000, 0x000001477e42d000, 0x000001477e438000, 0x000001477e48b800,
0x000001477e48c800, 0x000001477e48e000, 0x000001477e499000, 0x000001477e49e800,
0x000001477e4a7800, 0x000001477dbc7000, 0x000001477e65a800, 0x0000014700048800,
0x0000014702be1800, 0x0000014701630000, 0x0000014701775000, 0x0000014702860800,
0x000001477eaa5800, 0x000001470199f000, 0x0000014702bec000, 0x0000014700622000,
0x0000014701f9e800, 0x00000147047bb000, 0x00000147047b7000, 0x00000147047b5800,
0x00000147047b8800, 0x00000147047b6000, 0x00000147047b7800, 0x00000147047b9800,
0x00000147047ba000, 0x00000147047bc000, 0x00000147007f7800, 0x00000147007f6800,
0x00000147007f8000, 0x00000147007f4000, 0x00000147007fa800, 0x00000147007fc000,
0x00000147007fd000, 0x00000147007fe000, 0x00000147007fe800, 0x00000147007f9000,
0x0000014700802000, 0x0000014700800800, 0x0000014700801000, 0x00000147007ff800,
0x00000147043cb000, 0x00000147043cd800, 0x00000147043cf000, 0x00000147043cc000,
0x00000147043d0800, 0x00000147043d1800, 0x00000147043d2800, 0x00000147043cc800,
0x00000147043d4000, 0x00000147043d3000, 0x00000147043ce000, 0x00000147043d5000,
0x00000147043d5800, 0x00000147043d0000, 0x00000147043d6800, 0x00000147043d7000,
0x00000147043d8000, 0x00000147043d9000, 0x00000147043d9800, 0x00000147087a6000,
0x00000147087a5000, 0x00000147087a0000, 0x00000147087a3800, 0x00000147087a2800,
0x00000147087a6800, 0x00000147087a4800, 0x00000147087a1000, 0x00000147087a7800,
0x00000147087a2000, 0x00000147087ac800, 0x00000147087ae000, 0x00000147087aa000,
0x00000147087ad800, 0x00000147087a8800, 0x00000147087ab000, 0x00000147087ab800,
0x00000147087af000, 0x00000147087a9000, 0x0000014705965000, 0x0000014705966000,
0x0000014705969000, 0x000001470596a000, 0x0000014705968800, 0x0000014705966800,
0x0000014705967800, 0x0000014705964800, 0x000001470596b000, 0x0000014704adb000,
0x0000014704adc000, 0x0000014704ad8800, 0x0000014704ad7000, 0x0000014704ad8000,
0x0000014704ad6000, 0x0000014704ad9800, 0x0000014704ae0000, 0x0000014704ada800,
0x0000014704add800, 0x0000014704ae1800, 0x0000014704ae2800, 0x0000014704ae1000,
0x0000014704adc800, 0x0000014704ae4000, 0x0000014704ae3000, 0x0000014704ade800,
0x0000014704adf000, 0x0000014704ae5000, 0x00000147012b5800, 0x00000147012b2800,
0x00000147012b0800, 0x00000147012b3000, 0x00000147012b6800, 0x00000147012b7000,
0x00000147012b1800, 0x00000147012b9800, 0x00000147012b4000, 0x00000147012b8000,
0x00000147012b9000, 0x00000147012ba800, 0x00000147012b4800, 0x00000147012bb000,
0x00000147012bc000, 0x00000147012bf800, 0x0000014700934000, 0x0000014700933000,
0x000001470092f000, 0x0000014700931800, 0x000001470092e800, 0x0000014700935000,
0x0000014700935800, 0x0000014700932800, 0x0000014700931000, 0x000001470093d000,
0x000001470093a800, 0x0000014700938000, 0x0000014700939000, 0x000001470093c000,
0x0000014703123000, 0x0000014703121000, 0x0000014703128000, 0x0000014703125800,
0x0000014703123800, 0x0000014703124800, 0x0000014703127000, 0x0000014703126000,
0x0000014703122000
}

Java Threads: ( => current thread )
  0x00000147636f5000 JavaThread "main" [_thread_blocked, id=24240, stack(0x0000000f67600000,0x0000000f67700000)]
  0x000001477e42d000 JavaThread "Reference Handler" daemon [_thread_blocked, id=18360, stack(0x0000000f67d00000,0x0000000f67e00000)]
  0x000001477e438000 JavaThread "Finalizer" daemon [_thread_blocked, id=19640, stack(0x0000000f67e00000,0x0000000f67f00000)]
  0x000001477e48b800 JavaThread "Signal Dispatcher" daemon [_thread_blocked, id=1160, stack(0x0000000f67f00000,0x0000000f68000000)]
  0x000001477e48c800 JavaThread "Attach Listener" daemon [_thread_blocked, id=15920, stack(0x0000000f68000000,0x0000000f68100000)]
  0x000001477e48e000 JavaThread "Service Thread" daemon [_thread_blocked, id=19220, stack(0x0000000f68100000,0x0000000f68200000)]
  0x000001477e499000 JavaThread "C2 CompilerThread0" daemon [_thread_blocked, id=25720, stack(0x0000000f68200000,0x0000000f68300000)]
  0x000001477e49e800 JavaThread "C1 CompilerThread0" daemon [_thread_blocked, id=4528, stack(0x0000000f68300000,0x0000000f68400000)]
  0x000001477e4a7800 JavaThread "Sweeper thread" daemon [_thread_blocked, id=6448, stack(0x0000000f68400000,0x0000000f68500000)]
  0x000001477dbc7000 JavaThread "Common-Cleaner" daemon [_thread_blocked, id=20996, stack(0x0000000f68500000,0x0000000f68600000)]
  0x000001477e65a800 JavaThread "C2 CompilerThread1" daemon [_thread_in_native, id=2980, stack(0x0000000f68600000,0x0000000f68700000)]
  0x0000014700048800 JavaThread "C2 CompilerThread2" daemon [_thread_in_native, id=7024, stack(0x0000000f68800000,0x0000000f68900000)]
  0x0000014702be1800 JavaThread "Daemon health stats" [_thread_blocked, id=6276, stack(0x0000000f68e00000,0x0000000f68f00000)]
  0x0000014701630000 JavaThread "Incoming local TCP Connector on port 64266" [_thread_in_native, id=18492, stack(0x0000000f68f00000,0x0000000f69000000)]
  0x0000014701775000 JavaThread "Daemon periodic checks" [_thread_blocked, id=10760, stack(0x0000000f69000000,0x0000000f69100000)]
  0x0000014702860800 JavaThread "Daemon" [_thread_blocked, id=17992, stack(0x0000000f69100000,0x0000000f69200000)]
  0x000001477eaa5800 JavaThread "Handler for socket connection from /127.0.0.1:64266 to /127.0.0.1:64267" [_thread_in_native, id=25340, stack(0x0000000f69200000,0x0000000f69300000)]
  0x000001470199f000 JavaThread "Cancel handler" [_thread_blocked, id=6024, stack(0x0000000f69300000,0x0000000f69400000)]
  0x0000014702bec000 JavaThread "Daemon worker" [_thread_blocked, id=16300, stack(0x0000000f69400000,0x0000000f69500000)]
  0x0000014700622000 JavaThread "Asynchronous log dispatcher for DefaultDaemonConnection: socket connection from /127.0.0.1:64266 to /127.0.0.1:64267" [_thread_blocked, id=9668, stack(0x0000000f69500000,0x0000000f69600000)]
  0x0000014701f9e800 JavaThread "Stdin handler" [_thread_blocked, id=26800, stack(0x0000000f69600000,0x0000000f69700000)]
  0x00000147047bb000 JavaThread "Daemon client event forwarder" [_thread_blocked, id=8604, stack(0x0000000f69700000,0x0000000f69800000)]
  0x00000147047b7000 JavaThread "Cache worker for journal cache (C:\Users\Lenovo\.gradle\caches\journal-1)" [_thread_blocked, id=24976, stack(0x0000000f69800000,0x0000000f69900000)]
  0x00000147047b5800 JavaThread "File lock request listener" [_thread_in_native, id=9752, stack(0x0000000f69900000,0x0000000f69a00000)]
  0x00000147047b8800 JavaThread "Cache worker for file hash cache (C:\Users\Lenovo\.gradle\caches\7.5\fileHashes)" [_thread_blocked, id=24804, stack(0x0000000f69d00000,0x0000000f69e00000)]
  0x00000147047b6000 JavaThread "File watcher server" daemon [_thread_blocked, id=25632, stack(0x0000000f69e00000,0x0000000f69f00000)]
  0x00000147047b7800 JavaThread "File watcher consumer" daemon [_thread_blocked, id=27780, stack(0x0000000f69f00000,0x0000000f6a000000)]
  0x00000147047b9800 JavaThread "Cache worker for checksums cache (D:\product GALAXY\product_galaxy\.gradle\7.5\checksums)" [_thread_blocked, id=19268, stack(0x0000000f6a000000,0x0000000f6a100000)]
  0x00000147047ba000 JavaThread "Cache worker for cache directory md-rule (C:\Users\Lenovo\.gradle\caches\7.5\md-rule)" [_thread_blocked, id=2596, stack(0x0000000f6a100000,0x0000000f6a200000)]
  0x00000147047bc000 JavaThread "Cache worker for file content cache (C:\Users\Lenovo\.gradle\caches\7.5\fileContent)" [_thread_blocked, id=27500, stack(0x0000000f6a200000,0x0000000f6a300000)]
  0x00000147007f7800 JavaThread "Cache worker for file hash cache (D:\product GALAXY\product_galaxy\.gradle\7.5\fileHashes)" [_thread_blocked, id=9868, stack(0x0000000f6a300000,0x0000000f6a400000)]
  0x00000147007f6800 JavaThread "Cache worker for cache directory md-supplier (C:\Users\Lenovo\.gradle\caches\7.5\md-supplier)" [_thread_blocked, id=16684, stack(0x0000000f6a400000,0x0000000f6a500000)]
  0x00000147007f8000 JavaThread "Cache worker for execution history cache (C:\Users\Lenovo\.gradle\caches\7.5\executionHistory)" [_thread_blocked, id=26680, stack(0x0000000f6a500000,0x0000000f6a600000)]
  0x00000147007f4000 JavaThread "jar transforms" [_thread_blocked, id=10564, stack(0x0000000f6a600000,0x0000000f6a700000)]
  0x00000147007fa800 JavaThread "jar transforms Thread 2" [_thread_blocked, id=27744, stack(0x0000000f6a700000,0x0000000f6a800000)]
  0x00000147007fc000 JavaThread "jar transforms Thread 3" [_thread_blocked, id=24868, stack(0x0000000f6a800000,0x0000000f6a900000)]
  0x00000147007fd000 JavaThread "jar transforms Thread 4" [_thread_blocked, id=23920, stack(0x0000000f6a900000,0x0000000f6aa00000)]
  0x00000147007fe000 JavaThread "Cache worker for dependencies-accessors (D:\product GALAXY\product_galaxy\.gradle\7.5\dependencies-accessors)" [_thread_blocked, id=9208, stack(0x0000000f6aa00000,0x0000000f6ab00000)]
  0x00000147007fe800 JavaThread "jar transforms Thread 5" [_thread_blocked, id=27876, stack(0x0000000f6ab00000,0x0000000f6ac00000)]
  0x00000147007f9000 JavaThread "Cache worker for Build Output Cleanup Cache (D:\product GALAXY\product_galaxy\.gradle\buildOutputCleanup)" [_thread_blocked, id=26532, stack(0x0000000f6ac00000,0x0000000f6ad00000)]
  0x0000014700802000 JavaThread "Unconstrained build operations" [_thread_blocked, id=26128, stack(0x0000000f6ad00000,0x0000000f6ae00000)]
  0x0000014700800800 JavaThread "Unconstrained build operations Thread 2" [_thread_blocked, id=8168, stack(0x0000000f6ae00000,0x0000000f6af00000)]
  0x0000014700801000 JavaThread "Unconstrained build operations Thread 3" [_thread_blocked, id=27032, stack(0x0000000f6af00000,0x0000000f6b000000)]
  0x00000147007ff800 JavaThread "Unconstrained build operations Thread 4" [_thread_blocked, id=25360, stack(0x0000000f6b000000,0x0000000f6b100000)]
  0x00000147043cb000 JavaThread "Unconstrained build operations Thread 5" [_thread_blocked, id=17420, stack(0x0000000f6b100000,0x0000000f6b200000)]
  0x00000147043cd800 JavaThread "Unconstrained build operations Thread 6" [_thread_blocked, id=25228, stack(0x0000000f6b200000,0x0000000f6b300000)]
  0x00000147043cf000 JavaThread "Unconstrained build operations Thread 7" [_thread_blocked, id=20620, stack(0x0000000f6b300000,0x0000000f6b400000)]
  0x00000147043cc000 JavaThread "Unconstrained build operations Thread 8" [_thread_blocked, id=17572, stack(0x0000000f6b400000,0x0000000f6b500000)]
  0x00000147043d0800 JavaThread "Unconstrained build operations Thread 9" [_thread_blocked, id=26416, stack(0x0000000f6b500000,0x0000000f6b600000)]
  0x00000147043d1800 JavaThread "Unconstrained build operations Thread 10" [_thread_blocked, id=19448, stack(0x0000000f6b600000,0x0000000f6b700000)]
  0x00000147043d2800 JavaThread "Unconstrained build operations Thread 11" [_thread_blocked, id=27172, stack(0x0000000f6b700000,0x0000000f6b800000)]
  0x00000147043cc800 JavaThread "Unconstrained build operations Thread 12" [_thread_blocked, id=21992, stack(0x0000000f6b800000,0x0000000f6b900000)]
  0x00000147043d4000 JavaThread "Unconstrained build operations Thread 13" [_thread_blocked, id=18092, stack(0x0000000f6b900000,0x0000000f6ba00000)]
  0x00000147043d3000 JavaThread "Unconstrained build operations Thread 14" [_thread_blocked, id=16444, stack(0x0000000f6ba00000,0x0000000f6bb00000)]
  0x00000147043ce000 JavaThread "Unconstrained build operations Thread 15" [_thread_blocked, id=18696, stack(0x0000000f6bb00000,0x0000000f6bc00000)]
  0x00000147043d5000 JavaThread "Unconstrained build operations Thread 16" [_thread_blocked, id=2580, stack(0x0000000f6bc00000,0x0000000f6bd00000)]
  0x00000147043d5800 JavaThread "Unconstrained build operations Thread 17" [_thread_blocked, id=25040, stack(0x0000000f6bd00000,0x0000000f6be00000)]
  0x00000147043d0000 JavaThread "Unconstrained build operations Thread 18" [_thread_blocked, id=12608, stack(0x0000000f6be00000,0x0000000f6bf00000)]
  0x00000147043d6800 JavaThread "Unconstrained build operations Thread 19" [_thread_blocked, id=16640, stack(0x0000000f6bf00000,0x0000000f6c000000)]
  0x00000147043d7000 JavaThread "Unconstrained build operations Thread 20" [_thread_blocked, id=4680, stack(0x0000000f6c000000,0x0000000f6c100000)]
  0x00000147043d8000 JavaThread "Unconstrained build operations Thread 21" [_thread_blocked, id=20264, stack(0x0000000f6c100000,0x0000000f6c200000)]
  0x00000147043d9000 JavaThread "Unconstrained build operations Thread 22" [_thread_blocked, id=18668, stack(0x0000000f6c200000,0x0000000f6c300000)]
  0x00000147043d9800 JavaThread "Unconstrained build operations Thread 23" [_thread_blocked, id=22476, stack(0x0000000f6c300000,0x0000000f6c400000)]
  0x00000147087a6000 JavaThread "Unconstrained build operations Thread 24" [_thread_blocked, id=17832, stack(0x0000000f6c400000,0x0000000f6c500000)]
  0x00000147087a5000 JavaThread "Unconstrained build operations Thread 25" [_thread_blocked, id=24740, stack(0x0000000f6c500000,0x0000000f6c600000)]
  0x00000147087a0000 JavaThread "Unconstrained build operations Thread 26" [_thread_blocked, id=15176, stack(0x0000000f6c600000,0x0000000f6c700000)]
  0x00000147087a3800 JavaThread "Unconstrained build operations Thread 27" [_thread_blocked, id=20340, stack(0x0000000f6c700000,0x0000000f6c800000)]
  0x00000147087a2800 JavaThread "Unconstrained build operations Thread 28" [_thread_blocked, id=26672, stack(0x0000000f6c800000,0x0000000f6c900000)]
  0x00000147087a6800 JavaThread "Unconstrained build operations Thread 29" [_thread_blocked, id=24628, stack(0x0000000f6c900000,0x0000000f6ca00000)]
  0x00000147087a4800 JavaThread "Unconstrained build operations Thread 30" [_thread_blocked, id=18644, stack(0x0000000f6ca00000,0x0000000f6cb00000)]
  0x00000147087a1000 JavaThread "Unconstrained build operations Thread 31" [_thread_blocked, id=11296, stack(0x0000000f6cb00000,0x0000000f6cc00000)]
  0x00000147087a7800 JavaThread "Unconstrained build operations Thread 32" [_thread_blocked, id=27188, stack(0x0000000f6cc00000,0x0000000f6cd00000)]
  0x00000147087a2000 JavaThread "Unconstrained build operations Thread 33" [_thread_blocked, id=1508, stack(0x0000000f6cd00000,0x0000000f6ce00000)]
  0x00000147087ac800 JavaThread "Unconstrained build operations Thread 34" [_thread_blocked, id=3540, stack(0x0000000f6ce00000,0x0000000f6cf00000)]
  0x00000147087ae000 JavaThread "Unconstrained build operations Thread 35" [_thread_blocked, id=13528, stack(0x0000000f6cf00000,0x0000000f6d000000)]
  0x00000147087aa000 JavaThread "Unconstrained build operations Thread 36" [_thread_blocked, id=12924, stack(0x0000000f6d000000,0x0000000f6d100000)]
  0x00000147087ad800 JavaThread "Unconstrained build operations Thread 37" [_thread_blocked, id=10556, stack(0x0000000f6d100000,0x0000000f6d200000)]
  0x00000147087a8800 JavaThread "Unconstrained build operations Thread 38" [_thread_blocked, id=7924, stack(0x0000000f6d200000,0x0000000f6d300000)]
  0x00000147087ab000 JavaThread "Unconstrained build operations Thread 39" [_thread_blocked, id=13096, stack(0x0000000f6d300000,0x0000000f6d400000)]
  0x00000147087ab800 JavaThread "Unconstrained build operations Thread 40" [_thread_blocked, id=9860, stack(0x0000000f6d400000,0x0000000f6d500000)]
  0x00000147087af000 JavaThread "Unconstrained build operations Thread 41" [_thread_blocked, id=27980, stack(0x0000000f6d500000,0x0000000f6d600000)]
  0x00000147087a9000 JavaThread "Unconstrained build operations Thread 42" [_thread_blocked, id=19956, stack(0x0000000f6d600000,0x0000000f6d700000)]
  0x0000014705965000 JavaThread "Unconstrained build operations Thread 43" [_thread_blocked, id=27896, stack(0x0000000f6d700000,0x0000000f6d800000)]
  0x0000014705966000 JavaThread "Unconstrained build operations Thread 44" [_thread_blocked, id=28408, stack(0x0000000f6d800000,0x0000000f6d900000)]
  0x0000014705969000 JavaThread "Unconstrained build operations Thread 45" [_thread_blocked, id=21356, stack(0x0000000f6d900000,0x0000000f6da00000)]
  0x000001470596a000 JavaThread "Unconstrained build operations Thread 46" [_thread_blocked, id=18632, stack(0x0000000f6da00000,0x0000000f6db00000)]
  0x0000014705968800 JavaThread "Unconstrained build operations Thread 47" [_thread_blocked, id=28348, stack(0x0000000f6db00000,0x0000000f6dc00000)]
  0x0000014705966800 JavaThread "Unconstrained build operations Thread 48" [_thread_blocked, id=14368, stack(0x0000000f6dc00000,0x0000000f6dd00000)]
  0x0000014705967800 JavaThread "Unconstrained build operations Thread 49" [_thread_blocked, id=27044, stack(0x0000000f6dd00000,0x0000000f6de00000)]
  0x0000014705964800 JavaThread "Unconstrained build operations Thread 50" [_thread_blocked, id=12912, stack(0x0000000f6de00000,0x0000000f6df00000)]
  0x000001470596b000 JavaThread "Unconstrained build operations Thread 51" [_thread_blocked, id=14172, stack(0x0000000f6df00000,0x0000000f6e000000)]
  0x0000014704adb000 JavaThread "Unconstrained build operations Thread 52" [_thread_blocked, id=20976, stack(0x0000000f6e000000,0x0000000f6e100000)]
  0x0000014704adc000 JavaThread "Unconstrained build operations Thread 53" [_thread_blocked, id=21912, stack(0x0000000f6e100000,0x0000000f6e200000)]
  0x0000014704ad8800 JavaThread "Unconstrained build operations Thread 54" [_thread_blocked, id=28484, stack(0x0000000f6e200000,0x0000000f6e300000)]
  0x0000014704ad7000 JavaThread "Unconstrained build operations Thread 55" [_thread_blocked, id=8748, stack(0x0000000f6e300000,0x0000000f6e400000)]
  0x0000014704ad8000 JavaThread "Unconstrained build operations Thread 56" [_thread_blocked, id=20428, stack(0x0000000f6e400000,0x0000000f6e500000)]
  0x0000014704ad6000 JavaThread "Unconstrained build operations Thread 57" [_thread_blocked, id=20008, stack(0x0000000f6e500000,0x0000000f6e600000)]
  0x0000014704ad9800 JavaThread "Unconstrained build operations Thread 58" [_thread_blocked, id=26584, stack(0x0000000f6e600000,0x0000000f6e700000)]
  0x0000014704ae0000 JavaThread "Unconstrained build operations Thread 59" [_thread_blocked, id=13424, stack(0x0000000f6e700000,0x0000000f6e800000)]
  0x0000014704ada800 JavaThread "Unconstrained build operations Thread 60" [_thread_blocked, id=27524, stack(0x0000000f6e800000,0x0000000f6e900000)]
  0x0000014704add800 JavaThread "Unconstrained build operations Thread 61" [_thread_blocked, id=13236, stack(0x0000000f6e900000,0x0000000f6ea00000)]
  0x0000014704ae1800 JavaThread "Unconstrained build operations Thread 62" [_thread_blocked, id=14912, stack(0x0000000f6ea00000,0x0000000f6eb00000)]
  0x0000014704ae2800 JavaThread "Unconstrained build operations Thread 63" [_thread_blocked, id=23512, stack(0x0000000f6eb00000,0x0000000f6ec00000)]
  0x0000014704ae1000 JavaThread "Unconstrained build operations Thread 64" [_thread_blocked, id=26092, stack(0x0000000f6ec00000,0x0000000f6ed00000)]
  0x0000014704adc800 JavaThread "Unconstrained build operations Thread 65" [_thread_blocked, id=23924, stack(0x0000000f6ed00000,0x0000000f6ee00000)]
  0x0000014704ae4000 JavaThread "Unconstrained build operations Thread 66" [_thread_blocked, id=5868, stack(0x0000000f6ee00000,0x0000000f6ef00000)]
  0x0000014704ae3000 JavaThread "Unconstrained build operations Thread 67" [_thread_blocked, id=9280, stack(0x0000000f6ef00000,0x0000000f6f000000)]
  0x0000014704ade800 JavaThread "Unconstrained build operations Thread 68" [_thread_blocked, id=12552, stack(0x0000000f6f000000,0x0000000f6f100000)]
  0x0000014704adf000 JavaThread "Unconstrained build operations Thread 69" [_thread_blocked, id=15192, stack(0x0000000f6f100000,0x0000000f6f200000)]
  0x0000014704ae5000 JavaThread "Unconstrained build operations Thread 70" [_thread_blocked, id=25432, stack(0x0000000f6f200000,0x0000000f6f300000)]
  0x00000147012b5800 JavaThread "Unconstrained build operations Thread 71" [_thread_blocked, id=19924, stack(0x0000000f6f300000,0x0000000f6f400000)]
  0x00000147012b2800 JavaThread "Unconstrained build operations Thread 72" [_thread_blocked, id=25708, stack(0x0000000f6f400000,0x0000000f6f500000)]
  0x00000147012b0800 JavaThread "Unconstrained build operations Thread 73" [_thread_blocked, id=17244, stack(0x0000000f6f500000,0x0000000f6f600000)]
  0x00000147012b3000 JavaThread "Unconstrained build operations Thread 74" [_thread_blocked, id=4316, stack(0x0000000f6f600000,0x0000000f6f700000)]
  0x00000147012b6800 JavaThread "Unconstrained build operations Thread 75" [_thread_blocked, id=20628, stack(0x0000000f6f700000,0x0000000f6f800000)]
  0x00000147012b7000 JavaThread "Unconstrained build operations Thread 76" [_thread_blocked, id=24248, stack(0x0000000f6f800000,0x0000000f6f900000)]
  0x00000147012b1800 JavaThread "Unconstrained build operations Thread 77" [_thread_blocked, id=11272, stack(0x0000000f6f900000,0x0000000f6fa00000)]
  0x00000147012b9800 JavaThread "Unconstrained build operations Thread 78" [_thread_blocked, id=16940, stack(0x0000000f6fa00000,0x0000000f6fb00000)]
  0x00000147012b4000 JavaThread "Unconstrained build operations Thread 79" [_thread_blocked, id=22748, stack(0x0000000f6fb00000,0x0000000f6fc00000)]
  0x00000147012b8000 JavaThread "Unconstrained build operations Thread 80" [_thread_blocked, id=6672, stack(0x0000000f6fc00000,0x0000000f6fd00000)]
  0x00000147012b9000 JavaThread "jar transforms Thread 6" [_thread_blocked, id=27788, stack(0x0000000f6fd00000,0x0000000f6fe00000)]
  0x00000147012ba800 JavaThread "jar transforms Thread 7" [_thread_blocked, id=22180, stack(0x0000000f6fe00000,0x0000000f6ff00000)]
  0x00000147012b4800 JavaThread "jar transforms Thread 8" [_thread_blocked, id=20684, stack(0x0000000f6ff00000,0x0000000f70000000)]
  0x00000147012bb000 JavaThread "build event listener" [_thread_blocked, id=17200, stack(0x0000000f70000000,0x0000000f70100000)]
  0x00000147012bc000 JavaThread "Memory manager" [_thread_blocked, id=17664, stack(0x0000000f70100000,0x0000000f70200000)]
  0x00000147012bf800 JavaThread "included builds" [_thread_blocked, id=20752, stack(0x0000000f70300000,0x0000000f70400000)]
  0x0000014700934000 JavaThread "Execution worker" [_thread_blocked, id=8808, stack(0x0000000f70400000,0x0000000f70500000)]
  0x0000014700933000 JavaThread "Execution worker Thread 2" [_thread_blocked, id=12948, stack(0x0000000f70500000,0x0000000f70600000)]
  0x000001470092f000 JavaThread "Execution worker Thread 3" [_thread_blocked, id=25744, stack(0x0000000f70600000,0x0000000f70700000)]
  0x0000014700931800 JavaThread "Execution worker Thread 4" [_thread_blocked, id=24604, stack(0x0000000f70700000,0x0000000f70800000)]
  0x000001470092e800 JavaThread "Execution worker Thread 5" [_thread_blocked, id=20876, stack(0x0000000f70800000,0x0000000f70900000)]
  0x0000014700935000 JavaThread "Execution worker Thread 6" [_thread_blocked, id=18196, stack(0x0000000f70900000,0x0000000f70a00000)]
  0x0000014700935800 JavaThread "Execution worker Thread 7" [_thread_blocked, id=17840, stack(0x0000000f70a00000,0x0000000f70b00000)]
  0x0000014700932800 JavaThread "Cache worker for execution history cache (D:\product GALAXY\product_galaxy\.gradle\7.5\executionHistory)" [_thread_blocked, id=26432, stack(0x0000000f70b00000,0x0000000f70c00000)]
  0x0000014700931000 JavaThread "WorkerExecutor Queue" [_thread_blocked, id=14896, stack(0x0000000f70c00000,0x0000000f70d00000)]
  0x000001470093d000 JavaThread "WorkerExecutor Queue Thread 2" [_thread_blocked, id=22184, stack(0x0000000f70d00000,0x0000000f70e00000)]
  0x000001470093a800 JavaThread "WorkerExecutor Queue Thread 3" [_thread_blocked, id=25576, stack(0x0000000f70e00000,0x0000000f70f00000)]
  0x0000014700938000 JavaThread "WorkerExecutor Queue Thread 4" [_thread_blocked, id=13780, stack(0x0000000f70f00000,0x0000000f71000000)]
  0x0000014700939000 JavaThread "pool-3-thread-1" [_thread_blocked, id=9476, stack(0x0000000f71000000,0x0000000f71100000)]
  0x000001470093c000 JavaThread "stderr" [_thread_in_native, id=2276, stack(0x0000000f71100000,0x0000000f71200000)]
  0x0000014703123000 JavaThread "stdout" [_thread_in_native, id=19324, stack(0x0000000f71200000,0x0000000f71300000)]
  0x0000014703121000 JavaThread "ForkJoinPool-1-worker-3" daemon [_thread_blocked, id=19048, stack(0x0000000f71400000,0x0000000f71500000)]
  0x0000014703128000 JavaThread "ForkJoinPool-1-worker-5" daemon [_thread_blocked, id=28308, stack(0x0000000f71500000,0x0000000f71600000)]
  0x0000014703125800 JavaThread "ForkJoinPool-1-worker-7" daemon [_thread_blocked, id=22104, stack(0x0000000f71600000,0x0000000f71700000)]
  0x0000014703123800 JavaThread "ForkJoinPool-1-worker-9" daemon [_thread_blocked, id=28620, stack(0x0000000f71700000,0x0000000f71800000)]
  0x0000014703124800 JavaThread "ForkJoinPool-1-worker-11" daemon [_thread_blocked, id=7992, stack(0x0000000f71800000,0x0000000f71900000)]
  0x0000014703127000 JavaThread "ForkJoinPool-1-worker-13" daemon [_thread_blocked, id=23784, stack(0x0000000f71900000,0x0000000f71a00000)]
  0x0000014703126000 JavaThread "ForkJoinPool-1-worker-15" daemon [_thread_blocked, id=22744, stack(0x0000000f71a00000,0x0000000f71b00000)]
  0x0000014703122000 JavaThread "ForkJoinPool-1-worker-1" daemon [_thread_blocked, id=28244, stack(0x0000000f71b00000,0x0000000f71c00000)]

Other Threads:
=>0x000001477e428000 VMThread "VM Thread" [stack: 0x0000000f67c00000,0x0000000f67d00000] [id=16084]
  0x000001477ed2f000 WatcherThread [stack: 0x0000000f68700000,0x0000000f68800000] [id=5484]
  0x0000014763710800 GCTaskThread "GC Thread#0" [stack: 0x0000000f67700000,0x0000000f67800000] [id=19008]
  0x000001477ebdf000 GCTaskThread "GC Thread#1" [stack: 0x0000000f68900000,0x0000000f68a00000] [id=28492]
  0x000001477ebdc000 GCTaskThread "GC Thread#2" [stack: 0x0000000f68a00000,0x0000000f68b00000] [id=5704]
  0x000001477ebdb000 GCTaskThread "GC Thread#3" [stack: 0x0000000f68b00000,0x0000000f68c00000] [id=17816]
  0x000001477ebdc800 GCTaskThread "GC Thread#4" [stack: 0x0000000f68c00000,0x0000000f68d00000] [id=2896]
  0x000001477ebdf800 GCTaskThread "GC Thread#5" [stack: 0x0000000f68d00000,0x0000000f68e00000] [id=1756]
  0x000001477ebdd800 GCTaskThread "GC Thread#6" [stack: 0x0000000f69a00000,0x0000000f69b00000] [id=23012]
  0x000001477ebde000 GCTaskThread "GC Thread#7" [stack: 0x0000000f69b00000,0x0000000f69c00000] [id=5268]
  0x0000014763741800 ConcurrentGCThread "G1 Main Marker" [stack: 0x0000000f67800000,0x0000000f67900000] [id=14260]
  0x0000014763742800 ConcurrentGCThread "G1 Conc#0" [stack: 0x0000000f67900000,0x0000000f67a00000] [id=10216]
  0x000001477ebe0000 ConcurrentGCThread "G1 Conc#1" [stack: 0x0000000f69c00000,0x0000000f69d00000] [id=2064]
  0x000001477da78800 ConcurrentGCThread "G1 Refine#0" [stack: 0x0000000f67a00000,0x0000000f67b00000] [id=11384]
  0x00000147021ed800 ConcurrentGCThread "G1 Refine#1" [stack: 0x0000000f70200000,0x0000000f70300000] [id=15716]
  0x000001477ebd1800 ConcurrentGCThread "G1 Refine#2" [stack: 0x0000000f71300000,0x0000000f71400000] [id=19888]
  0x000001477da79000 ConcurrentGCThread "G1 Young RemSet Sampling" [stack: 0x0000000f67b00000,0x0000000f67c00000] [id=6324]

Threads with active compile tasks:
C2 CompilerThread0    26185 15714       4       com.android.tools.r8.graph.A3::a (292 bytes)
C2 CompilerThread1    26185 15706       4       com.android.tools.r8.graph.K::<init> (396 bytes)
C2 CompilerThread2    26185 15707       4       com.android.tools.r8.graph.A3::a (664 bytes)

VM state:at safepoint (normal execution)

VM Mutex/Monitor currently owned by a thread:  ([mutex/lock_event])
[0x00000147636f1230] Threads_lock - owner thread: 0x000001477e428000
[0x00000147636f18f0] Heap_lock - owner thread: 0x000001470093a800

Heap address: 0x0000000080000000, size: 2048 MB, Compressed Oops mode: 32-bit
Narrow klass base: 0x0000000000000000, Narrow klass shift: 3
Compressed class space size: 1073741824 Address: 0x0000000100000000

Heap:
 garbage-first heap   total 1084416K, used 476410K [0x0000000080000000, 0x0000000100000000)
  region size 1024K, 9 young (9216K), 9 survivors (9216K)
 Metaspace       used 106657K, capacity 109668K, committed 109772K, reserved 1144832K
  class space    used 14011K, capacity 15283K, committed 15308K, reserved 1048576K
Heap Regions: E=young(eden), S=young(survivor), O=old, HS=humongous(starts), HC=humongous(continues), CS=collection set, F=free, A=archive, TAMS=top-at-mark-start (previous, next)
|   0|0x0000000080000000, 0x0000000080100000, 0x0000000080100000|100%| O|  |TAMS 0x0000000080100000, 0x0000000080100000| Untracked 
|   1|0x0000000080100000, 0x0000000080200000, 0x0000000080200000|100%| O|  |TAMS 0x0000000080200000, 0x0000000080200000| Untracked 
|   2|0x0000000080200000, 0x0000000080300000, 0x0000000080300000|100%| O|  |TAMS 0x0000000080300000, 0x0000000080300000| Untracked 
|   3|0x0000000080300000, 0x0000000080400000, 0x0000000080400000|100%|HS|  |TAMS 0x0000000080400000, 0x0000000080400000| Complete 
|   4|0x0000000080400000, 0x0000000080500000, 0x0000000080500000|100%|HC|  |TAMS 0x0000000080500000, 0x0000000080500000| Complete 
|   5|0x0000000080500000, 0x0000000080600000, 0x0000000080600000|100%|HC|  |TAMS 0x0000000080600000, 0x0000000080600000| Complete 
|   6|0x0000000080600000, 0x0000000080700000, 0x0000000080700000|100%| O|  |TAMS 0x0000000080700000, 0x0000000080700000| Untracked 
|   7|0x0000000080700000, 0x0000000080800000, 0x0000000080800000|100%| O|  |TAMS 0x0000000080800000, 0x0000000080800000| Untracked 
|   8|0x0000000080800000, 0x0000000080900000, 0x0000000080900000|100%| O|  |TAMS 0x0000000080900000, 0x0000000080900000| Untracked 
|   9|0x0000000080900000, 0x0000000080a00000, 0x0000000080a00000|100%| O|  |TAMS 0x0000000080a00000, 0x0000000080a00000| Untracked 
|  10|0x0000000080a00000, 0x0000000080affff8, 0x0000000080b00000| 99%| O|  |TAMS 0x0000000080affff8, 0x0000000080affff8| Untracked 
|  11|0x0000000080b00000, 0x0000000080c00000, 0x0000000080c00000|100%| O|  |TAMS 0x0000000080c00000, 0x0000000080c00000| Untracked 
|  12|0x0000000080c00000, 0x0000000080d00000, 0x0000000080d00000|100%| O|  |TAMS 0x0000000080d00000, 0x0000000080d00000| Untracked 
|  13|0x0000000080d00000, 0x0000000080e00000, 0x0000000080e00000|100%| O|  |TAMS 0x0000000080e00000, 0x0000000080e00000| Untracked 
|  14|0x0000000080e00000, 0x0000000080f00000, 0x0000000080f00000|100%| O|  |TAMS 0x0000000080f00000, 0x0000000080f00000| Untracked 
|  15|0x0000000080f00000, 0x0000000081000000, 0x0000000081000000|100%| O|  |TAMS 0x0000000081000000, 0x0000000081000000| Untracked 
|  16|0x0000000081000000, 0x0000000081100000, 0x0000000081100000|100%| O|  |TAMS 0x0000000081100000, 0x0000000081100000| Untracked 
|  17|0x0000000081100000, 0x0000000081200000, 0x0000000081200000|100%| O|  |TAMS 0x0000000081200000, 0x0000000081200000| Untracked 
|  18|0x0000000081200000, 0x0000000081300000, 0x0000000081300000|100%| O|  |TAMS 0x0000000081300000, 0x0000000081300000| Untracked 
|  19|0x0000000081300000, 0x0000000081400000, 0x0000000081400000|100%| O|  |TAMS 0x0000000081400000, 0x0000000081400000| Untracked 
|  20|0x0000000081400000, 0x0000000081500000, 0x0000000081500000|100%| O|  |TAMS 0x0000000081500000, 0x0000000081500000| Untracked 
|  21|0x0000000081500000, 0x0000000081600000, 0x0000000081600000|100%| O|  |TAMS 0x0000000081600000, 0x0000000081600000| Untracked 
|  22|0x0000000081600000, 0x0000000081700000, 0x0000000081700000|100%|HS|  |TAMS 0x0000000081700000, 0x0000000081700000| Complete 
|  23|0x0000000081700000, 0x0000000081800000, 0x0000000081800000|100%|HS|  |TAMS 0x0000000081800000, 0x0000000081800000| Complete 
|  24|0x0000000081800000, 0x0000000081900000, 0x0000000081900000|100%|HC|  |TAMS 0x0000000081900000, 0x0000000081900000| Complete 
|  25|0x0000000081900000, 0x0000000081a00000, 0x0000000081a00000|100%|HS|  |TAMS 0x0000000081a00000, 0x0000000081a00000| Complete 
|  26|0x0000000081a00000, 0x0000000081b00000, 0x0000000081b00000|100%|HS|  |TAMS 0x0000000081b00000, 0x0000000081b00000| Complete 
|  27|0x0000000081b00000, 0x0000000081c00000, 0x0000000081c00000|100%|HC|  |TAMS 0x0000000081c00000, 0x0000000081c00000| Complete 
|  28|0x0000000081c00000, 0x0000000081d00000, 0x0000000081d00000|100%|HC|  |TAMS 0x0000000081d00000, 0x0000000081d00000| Complete 
|  29|0x0000000081d00000, 0x0000000081e00000, 0x0000000081e00000|100%|HC|  |TAMS 0x0000000081e00000, 0x0000000081e00000| Complete 
|  30|0x0000000081e00000, 0x0000000081f00000, 0x0000000081f00000|100%| O|  |TAMS 0x0000000081f00000, 0x0000000081f00000| Untracked 
|  31|0x0000000081f00000, 0x0000000082000000, 0x0000000082000000|100%| O|  |TAMS 0x0000000082000000, 0x0000000082000000| Untracked 
|  32|0x0000000082000000, 0x0000000082100000, 0x0000000082100000|100%| O|  |TAMS 0x0000000082100000, 0x0000000082100000| Untracked 
|  33|0x0000000082100000, 0x0000000082200000, 0x0000000082200000|100%| O|  |TAMS 0x0000000082200000, 0x0000000082200000| Untracked 
|  34|0x0000000082200000, 0x0000000082300000, 0x0000000082300000|100%| O|  |TAMS 0x0000000082300000, 0x0000000082300000| Untracked 
|  35|0x0000000082300000, 0x0000000082400000, 0x0000000082400000|100%| O|  |TAMS 0x0000000082400000, 0x0000000082400000| Untracked 
|  36|0x0000000082400000, 0x0000000082500000, 0x0000000082500000|100%| O|  |TAMS 0x0000000082500000, 0x0000000082500000| Untracked 
|  37|0x0000000082500000, 0x0000000082600000, 0x0000000082600000|100%| O|  |TAMS 0x0000000082600000, 0x0000000082600000| Untracked 
|  38|0x0000000082600000, 0x0000000082700000, 0x0000000082700000|100%| O|  |TAMS 0x0000000082700000, 0x0000000082700000| Untracked 
|  39|0x0000000082700000, 0x0000000082800000, 0x0000000082800000|100%| O|  |TAMS 0x0000000082800000, 0x0000000082800000| Untracked 
|  40|0x0000000082800000, 0x0000000082900000, 0x0000000082900000|100%| O|  |TAMS 0x0000000082900000, 0x0000000082900000| Untracked 
|  41|0x0000000082900000, 0x0000000082a00000, 0x0000000082a00000|100%| O|  |TAMS 0x0000000082a00000, 0x0000000082a00000| Untracked 
|  42|0x0000000082a00000, 0x0000000082b00000, 0x0000000082b00000|100%| O|  |TAMS 0x0000000082b00000, 0x0000000082b00000| Untracked 
|  43|0x0000000082b00000, 0x0000000082c00000, 0x0000000082c00000|100%| O|  |TAMS 0x0000000082c00000, 0x0000000082c00000| Untracked 
|  44|0x0000000082c00000, 0x0000000082d00000, 0x0000000082d00000|100%| O|  |TAMS 0x0000000082d00000, 0x0000000082d00000| Untracked 
|  45|0x0000000082d00000, 0x0000000082e00000, 0x0000000082e00000|100%| O|  |TAMS 0x0000000082e00000, 0x0000000082e00000| Untracked 
|  46|0x0000000082e00000, 0x0000000082f00000, 0x0000000082f00000|100%| O|  |TAMS 0x0000000082f00000, 0x0000000082f00000| Untracked 
|  47|0x0000000082f00000, 0x0000000083000000, 0x0000000083000000|100%| O|  |TAMS 0x0000000083000000, 0x0000000083000000| Untracked 
|  48|0x0000000083000000, 0x0000000083100000, 0x0000000083100000|100%| O|  |TAMS 0x0000000083100000, 0x0000000083100000| Untracked 
|  49|0x0000000083100000, 0x0000000083200000, 0x0000000083200000|100%| O|  |TAMS 0x0000000083200000, 0x0000000083200000| Untracked 
|  50|0x0000000083200000, 0x0000000083300000, 0x0000000083300000|100%| O|  |TAMS 0x0000000083300000, 0x0000000083300000| Untracked 
|  51|0x0000000083300000, 0x0000000083400000, 0x0000000083400000|100%| O|  |TAMS 0x0000000083400000, 0x0000000083400000| Untracked 
|  52|0x0000000083400000, 0x0000000083500000, 0x0000000083500000|100%| O|  |TAMS 0x0000000083500000, 0x0000000083500000| Untracked 
|  53|0x0000000083500000, 0x0000000083600000, 0x0000000083600000|100%| O|  |TAMS 0x0000000083600000, 0x0000000083600000| Untracked 
|  54|0x0000000083600000, 0x0000000083700000, 0x0000000083700000|100%| O|  |TAMS 0x0000000083700000, 0x0000000083700000| Untracked 
|  55|0x0000000083700000, 0x0000000083800000, 0x0000000083800000|100%| O|  |TAMS 0x0000000083800000, 0x0000000083800000| Untracked 
|  56|0x0000000083800000, 0x0000000083900000, 0x0000000083900000|100%| O|  |TAMS 0x0000000083900000, 0x0000000083900000| Untracked 
|  57|0x0000000083900000, 0x0000000083a00000, 0x0000000083a00000|100%| O|  |TAMS 0x0000000083a00000, 0x0000000083a00000| Untracked 
|  58|0x0000000083a00000, 0x0000000083b00000, 0x0000000083b00000|100%| O|  |TAMS 0x0000000083b00000, 0x0000000083b00000| Untracked 
|  59|0x0000000083b00000, 0x0000000083c00000, 0x0000000083c00000|100%| O|  |TAMS 0x0000000083c00000, 0x0000000083c00000| Untracked 
|  60|0x0000000083c00000, 0x0000000083d00000, 0x0000000083d00000|100%| O|  |TAMS 0x0000000083d00000, 0x0000000083d00000| Untracked 
|  61|0x0000000083d00000, 0x0000000083e00000, 0x0000000083e00000|100%| O|  |TAMS 0x0000000083e00000, 0x0000000083e00000| Untracked 
|  62|0x0000000083e00000, 0x0000000083f00000, 0x0000000083f00000|100%| O|  |TAMS 0x0000000083f00000, 0x0000000083f00000| Untracked 
|  63|0x0000000083f00000, 0x0000000084000000, 0x0000000084000000|100%| O|  |TAMS 0x0000000084000000, 0x0000000084000000| Untracked 
|  64|0x0000000084000000, 0x0000000084100000, 0x0000000084100000|100%| O|  |TAMS 0x0000000084100000, 0x0000000084100000| Untracked 
|  65|0x0000000084100000, 0x0000000084200000, 0x0000000084200000|100%| O|  |TAMS 0x0000000084200000, 0x0000000084200000| Untracked 
|  66|0x0000000084200000, 0x0000000084300000, 0x0000000084300000|100%| O|  |TAMS 0x0000000084300000, 0x0000000084300000| Untracked 
|  67|0x0000000084300000, 0x0000000084400000, 0x0000000084400000|100%| O|  |TAMS 0x0000000084400000, 0x0000000084400000| Untracked 
|  68|0x0000000084400000, 0x0000000084500000, 0x0000000084500000|100%| O|  |TAMS 0x0000000084500000, 0x0000000084500000| Untracked 
|  69|0x0000000084500000, 0x0000000084600000, 0x0000000084600000|100%| O|  |TAMS 0x0000000084600000, 0x0000000084600000| Untracked 
|  70|0x0000000084600000, 0x0000000084700000, 0x0000000084700000|100%| O|  |TAMS 0x0000000084700000, 0x0000000084700000| Untracked 
|  71|0x0000000084700000, 0x0000000084800000, 0x0000000084800000|100%| O|  |TAMS 0x0000000084800000, 0x0000000084800000| Untracked 
|  72|0x0000000084800000, 0x0000000084900000, 0x0000000084900000|100%| O|  |TAMS 0x0000000084900000, 0x0000000084900000| Untracked 
|  73|0x0000000084900000, 0x0000000084a00000, 0x0000000084a00000|100%| O|  |TAMS 0x0000000084a00000, 0x0000000084a00000| Untracked 
|  74|0x0000000084a00000, 0x0000000084b00000, 0x0000000084b00000|100%| O|  |TAMS 0x0000000084b00000, 0x0000000084b00000| Untracked 
|  75|0x0000000084b00000, 0x0000000084c00000, 0x0000000084c00000|100%| O|  |TAMS 0x0000000084c00000, 0x0000000084c00000| Untracked 
|  76|0x0000000084c00000, 0x0000000084d00000, 0x0000000084d00000|100%| O|  |TAMS 0x0000000084d00000, 0x0000000084d00000| Untracked 
|  77|0x0000000084d00000, 0x0000000084e00000, 0x0000000084e00000|100%| O|  |TAMS 0x0000000084e00000, 0x0000000084e00000| Untracked 
|  78|0x0000000084e00000, 0x0000000084f00000, 0x0000000084f00000|100%| O|  |TAMS 0x0000000084f00000, 0x0000000084f00000| Untracked 
|  79|0x0000000084f00000, 0x0000000085000000, 0x0000000085000000|100%| O|  |TAMS 0x0000000085000000, 0x0000000085000000| Untracked 
|  80|0x0000000085000000, 0x0000000085100000, 0x0000000085100000|100%| O|  |TAMS 0x0000000085100000, 0x0000000085100000| Untracked 
|  81|0x0000000085100000, 0x0000000085200000, 0x0000000085200000|100%| O|  |TAMS 0x0000000085200000, 0x0000000085200000| Untracked 
|  82|0x0000000085200000, 0x0000000085300000, 0x0000000085300000|100%| O|  |TAMS 0x0000000085300000, 0x0000000085300000| Untracked 
|  83|0x0000000085300000, 0x0000000085400000, 0x0000000085400000|100%| O|  |TAMS 0x0000000085400000, 0x0000000085400000| Untracked 
|  84|0x0000000085400000, 0x0000000085500000, 0x0000000085500000|100%| O|  |TAMS 0x0000000085500000, 0x0000000085500000| Untracked 
|  85|0x0000000085500000, 0x0000000085600000, 0x0000000085600000|100%| O|  |TAMS 0x0000000085600000, 0x0000000085600000| Untracked 
|  86|0x0000000085600000, 0x0000000085700000, 0x0000000085700000|100%| O|  |TAMS 0x0000000085700000, 0x0000000085700000| Untracked 
|  87|0x0000000085700000, 0x0000000085800000, 0x0000000085800000|100%| O|  |TAMS 0x0000000085800000, 0x0000000085800000| Untracked 
|  88|0x0000000085800000, 0x0000000085900000, 0x0000000085900000|100%| O|  |TAMS 0x0000000085900000, 0x0000000085900000| Untracked 
|  89|0x0000000085900000, 0x0000000085a00000, 0x0000000085a00000|100%| O|  |TAMS 0x0000000085a00000, 0x0000000085a00000| Untracked 
|  90|0x0000000085a00000, 0x0000000085b00000, 0x0000000085b00000|100%| O|  |TAMS 0x0000000085b00000, 0x0000000085b00000| Untracked 
|  91|0x0000000085b00000, 0x0000000085c00000, 0x0000000085c00000|100%| O|  |TAMS 0x0000000085c00000, 0x0000000085c00000| Untracked 
|  92|0x0000000085c00000, 0x0000000085d00000, 0x0000000085d00000|100%| O|  |TAMS 0x0000000085d00000, 0x0000000085d00000| Untracked 
|  93|0x0000000085d00000, 0x0000000085e00000, 0x0000000085e00000|100%| O|  |TAMS 0x0000000085e00000, 0x0000000085e00000| Untracked 
|  94|0x0000000085e00000, 0x0000000085f00000, 0x0000000085f00000|100%| O|  |TAMS 0x0000000085f00000, 0x0000000085f00000| Untracked 
|  95|0x0000000085f00000, 0x0000000086000000, 0x0000000086000000|100%| O|  |TAMS 0x0000000086000000, 0x0000000086000000| Untracked 
|  96|0x0000000086000000, 0x0000000086100000, 0x0000000086100000|100%| O|  |TAMS 0x0000000086100000, 0x0000000086100000| Untracked 
|  97|0x0000000086100000, 0x0000000086200000, 0x0000000086200000|100%| O|  |TAMS 0x0000000086200000, 0x0000000086200000| Untracked 
|  98|0x0000000086200000, 0x0000000086300000, 0x0000000086300000|100%| O|  |TAMS 0x0000000086300000, 0x0000000086300000| Untracked 
|  99|0x0000000086300000, 0x0000000086400000, 0x0000000086400000|100%| O|  |TAMS 0x0000000086400000, 0x0000000086400000| Untracked 
| 100|0x0000000086400000, 0x0000000086500000, 0x0000000086500000|100%| O|  |TAMS 0x0000000086500000, 0x0000000086500000| Untracked 
| 101|0x0000000086500000, 0x0000000086600000, 0x0000000086600000|100%| O|  |TAMS 0x0000000086600000, 0x0000000086600000| Untracked 
| 102|0x0000000086600000, 0x0000000086700000, 0x0000000086700000|100%| O|  |TAMS 0x0000000086700000, 0x0000000086700000| Untracked 
| 103|0x0000000086700000, 0x0000000086800000, 0x0000000086800000|100%| O|  |TAMS 0x0000000086800000, 0x0000000086800000| Untracked 
| 104|0x0000000086800000, 0x0000000086900000, 0x0000000086900000|100%| O|  |TAMS 0x0000000086900000, 0x0000000086900000| Untracked 
| 105|0x0000000086900000, 0x0000000086a00000, 0x0000000086a00000|100%| O|  |TAMS 0x0000000086a00000, 0x0000000086a00000| Untracked 
| 106|0x0000000086a00000, 0x0000000086b00000, 0x0000000086b00000|100%| O|  |TAMS 0x0000000086b00000, 0x0000000086b00000| Untracked 
| 107|0x0000000086b00000, 0x0000000086c00000, 0x0000000086c00000|100%| O|  |TAMS 0x0000000086c00000, 0x0000000086c00000| Untracked 
| 108|0x0000000086c00000, 0x0000000086d00000, 0x0000000086d00000|100%| O|  |TAMS 0x0000000086d00000, 0x0000000086d00000| Untracked 
| 109|0x0000000086d00000, 0x0000000086e00000, 0x0000000086e00000|100%| O|  |TAMS 0x0000000086e00000, 0x0000000086e00000| Untracked 
| 110|0x0000000086e00000, 0x0000000086f00000, 0x0000000086f00000|100%| O|  |TAMS 0x0000000086f00000, 0x0000000086f00000| Untracked 
| 111|0x0000000086f00000, 0x0000000087000000, 0x0000000087000000|100%| O|  |TAMS 0x0000000087000000, 0x0000000087000000| Untracked 
| 112|0x0000000087000000, 0x0000000087100000, 0x0000000087100000|100%| O|  |TAMS 0x0000000087100000, 0x0000000087100000| Untracked 
| 113|0x0000000087100000, 0x0000000087200000, 0x0000000087200000|100%| O|  |TAMS 0x0000000087200000, 0x0000000087200000| Untracked 
| 114|0x0000000087200000, 0x0000000087300000, 0x0000000087300000|100%| O|  |TAMS 0x0000000087300000, 0x0000000087300000| Untracked 
| 115|0x0000000087300000, 0x0000000087400000, 0x0000000087400000|100%| O|  |TAMS 0x0000000087400000, 0x0000000087400000| Untracked 
| 116|0x0000000087400000, 0x0000000087500000, 0x0000000087500000|100%| O|  |TAMS 0x0000000087500000, 0x0000000087500000| Untracked 
| 117|0x0000000087500000, 0x0000000087600000, 0x0000000087600000|100%| O|  |TAMS 0x0000000087600000, 0x0000000087600000| Untracked 
| 118|0x0000000087600000, 0x0000000087700000, 0x0000000087700000|100%| O|  |TAMS 0x0000000087700000, 0x0000000087700000| Untracked 
| 119|0x0000000087700000, 0x0000000087800000, 0x0000000087800000|100%| O|  |TAMS 0x0000000087800000, 0x0000000087800000| Untracked 
| 120|0x0000000087800000, 0x0000000087900000, 0x0000000087900000|100%| O|  |TAMS 0x0000000087900000, 0x0000000087900000| Untracked 
| 121|0x0000000087900000, 0x0000000087a00000, 0x0000000087a00000|100%| O|  |TAMS 0x0000000087a00000, 0x0000000087a00000| Untracked 
| 122|0x0000000087a00000, 0x0000000087b00000, 0x0000000087b00000|100%| O|  |TAMS 0x0000000087b00000, 0x0000000087b00000| Untracked 
| 123|0x0000000087b00000, 0x0000000087c00000, 0x0000000087c00000|100%| O|  |TAMS 0x0000000087c00000, 0x0000000087c00000| Untracked 
| 124|0x0000000087c00000, 0x0000000087d00000, 0x0000000087d00000|100%|HS|  |TAMS 0x0000000087d00000, 0x0000000087d00000| Complete 
| 125|0x0000000087d00000, 0x0000000087e00000, 0x0000000087e00000|100%|HC|  |TAMS 0x0000000087e00000, 0x0000000087e00000| Complete 
| 126|0x0000000087e00000, 0x0000000087f00000, 0x0000000087f00000|100%|HS|  |TAMS 0x0000000087f00000, 0x0000000087f00000| Complete 
| 127|0x0000000087f00000, 0x0000000088000000, 0x0000000088000000|100%|HC|  |TAMS 0x0000000088000000, 0x0000000088000000| Complete 
| 128|0x0000000088000000, 0x0000000088100000, 0x0000000088100000|100%|HC|  |TAMS 0x0000000088100000, 0x0000000088100000| Complete 
| 129|0x0000000088100000, 0x0000000088200000, 0x0000000088200000|100%|HC|  |TAMS 0x0000000088200000, 0x0000000088200000| Complete 
| 130|0x0000000088200000, 0x0000000088300000, 0x0000000088300000|100%|HC|  |TAMS 0x0000000088300000, 0x0000000088300000| Complete 
| 131|0x0000000088300000, 0x0000000088400000, 0x0000000088400000|100%|HC|  |TAMS 0x0000000088400000, 0x0000000088400000| Complete 
| 132|0x0000000088400000, 0x0000000088500000, 0x0000000088500000|100%|HS|  |TAMS 0x0000000088500000, 0x0000000088500000| Complete 
| 133|0x0000000088500000, 0x0000000088600000, 0x0000000088600000|100%|HC|  |TAMS 0x0000000088600000, 0x0000000088600000| Complete 
| 134|0x0000000088600000, 0x0000000088700000, 0x0000000088700000|100%|HC|  |TAMS 0x0000000088700000, 0x0000000088700000| Complete 
| 135|0x0000000088700000, 0x0000000088800000, 0x0000000088800000|100%|HC|  |TAMS 0x0000000088800000, 0x0000000088800000| Complete 
| 136|0x0000000088800000, 0x0000000088900000, 0x0000000088900000|100%|HS|  |TAMS 0x0000000088900000, 0x0000000088900000| Complete 
| 137|0x0000000088900000, 0x0000000088a00000, 0x0000000088a00000|100%|HS|  |TAMS 0x0000000088a00000, 0x0000000088a00000| Complete 
| 138|0x0000000088a00000, 0x0000000088b00000, 0x0000000088b00000|100%|HS|  |TAMS 0x0000000088b00000, 0x0000000088b00000| Complete 
| 139|0x0000000088b00000, 0x0000000088c00000, 0x0000000088c00000|100%|HS|  |TAMS 0x0000000088c00000, 0x0000000088c00000| Complete 
| 140|0x0000000088c00000, 0x0000000088d00000, 0x0000000088d00000|100%|HS|  |TAMS 0x0000000088d00000, 0x0000000088d00000| Complete 
| 141|0x0000000088d00000, 0x0000000088e00000, 0x0000000088e00000|100%|HC|  |TAMS 0x0000000088e00000, 0x0000000088e00000| Complete 
| 142|0x0000000088e00000, 0x0000000088f00000, 0x0000000088f00000|100%|HS|  |TAMS 0x0000000088f00000, 0x0000000088f00000| Complete 
| 143|0x0000000088f00000, 0x0000000089000000, 0x0000000089000000|100%|HS|  |TAMS 0x0000000089000000, 0x0000000089000000| Complete 
| 144|0x0000000089000000, 0x0000000089100000, 0x0000000089100000|100%|HC|  |TAMS 0x0000000089100000, 0x0000000089100000| Complete 
| 145|0x0000000089100000, 0x0000000089200000, 0x0000000089200000|100%|HS|  |TAMS 0x0000000089200000, 0x0000000089200000| Complete 
| 146|0x0000000089200000, 0x0000000089300000, 0x0000000089300000|100%|HS|  |TAMS 0x0000000089300000, 0x0000000089300000| Complete 
| 147|0x0000000089300000, 0x0000000089400000, 0x0000000089400000|100%|HC|  |TAMS 0x0000000089400000, 0x0000000089400000| Complete 
| 148|0x0000000089400000, 0x0000000089500000, 0x0000000089500000|100%|HC|  |TAMS 0x0000000089500000, 0x0000000089500000| Complete 
| 149|0x0000000089500000, 0x0000000089600000, 0x0000000089600000|100%| O|  |TAMS 0x0000000089600000, 0x0000000089600000| Untracked 
| 150|0x0000000089600000, 0x0000000089700000, 0x0000000089700000|100%| O|  |TAMS 0x0000000089700000, 0x0000000089700000| Untracked 
| 151|0x0000000089700000, 0x0000000089800000, 0x0000000089800000|100%| O|  |TAMS 0x0000000089800000, 0x0000000089800000| Untracked 
| 152|0x0000000089800000, 0x0000000089900000, 0x0000000089900000|100%| O|  |TAMS 0x0000000089900000, 0x0000000089900000| Untracked 
| 153|0x0000000089900000, 0x0000000089a00000, 0x0000000089a00000|100%| O|  |TAMS 0x0000000089a00000, 0x0000000089a00000| Untracked 
| 154|0x0000000089a00000, 0x0000000089b00000, 0x0000000089b00000|100%| O|  |TAMS 0x0000000089b00000, 0x0000000089b00000| Untracked 
| 155|0x0000000089b00000, 0x0000000089c00000, 0x0000000089c00000|100%| O|  |TAMS 0x0000000089c00000, 0x0000000089c00000| Untracked 
| 156|0x0000000089c00000, 0x0000000089d00000, 0x0000000089d00000|100%| O|  |TAMS 0x0000000089d00000, 0x0000000089d00000| Untracked 
| 157|0x0000000089d00000, 0x0000000089e00000, 0x0000000089e00000|100%| O|  |TAMS 0x0000000089e00000, 0x0000000089e00000| Untracked 
| 158|0x0000000089e00000, 0x0000000089f00000, 0x0000000089f00000|100%| O|  |TAMS 0x0000000089f00000, 0x0000000089f00000| Untracked 
| 159|0x0000000089f00000, 0x000000008a000000, 0x000000008a000000|100%| O|  |TAMS 0x000000008a000000, 0x000000008a000000| Untracked 
| 160|0x000000008a000000, 0x000000008a100000, 0x000000008a100000|100%| O|  |TAMS 0x000000008a100000, 0x000000008a100000| Untracked 
| 161|0x000000008a100000, 0x000000008a200000, 0x000000008a200000|100%| O|  |TAMS 0x000000008a200000, 0x000000008a200000| Untracked 
| 162|0x000000008a200000, 0x000000008a300000, 0x000000008a300000|100%|HS|  |TAMS 0x000000008a300000, 0x000000008a300000| Complete 
| 163|0x000000008a300000, 0x000000008a400000, 0x000000008a400000|100%|HC|  |TAMS 0x000000008a400000, 0x000000008a400000| Complete 
| 164|0x000000008a400000, 0x000000008a500000, 0x000000008a500000|100%| O|  |TAMS 0x000000008a500000, 0x000000008a500000| Untracked 
| 165|0x000000008a500000, 0x000000008a600000, 0x000000008a600000|100%| O|  |TAMS 0x000000008a600000, 0x000000008a600000| Untracked 
| 166|0x000000008a600000, 0x000000008a700000, 0x000000008a700000|100%| O|  |TAMS 0x000000008a700000, 0x000000008a700000| Untracked 
| 167|0x000000008a700000, 0x000000008a800000, 0x000000008a800000|100%| O|  |TAMS 0x000000008a800000, 0x000000008a800000| Untracked 
| 168|0x000000008a800000, 0x000000008a900000, 0x000000008a900000|100%| O|  |TAMS 0x000000008a900000, 0x000000008a900000| Untracked 
| 169|0x000000008a900000, 0x000000008aa00000, 0x000000008aa00000|100%| O|  |TAMS 0x000000008aa00000, 0x000000008aa00000| Untracked 
| 170|0x000000008aa00000, 0x000000008ab00000, 0x000000008ab00000|100%| O|  |TAMS 0x000000008ab00000, 0x000000008ab00000| Untracked 
| 171|0x000000008ab00000, 0x000000008ac00000, 0x000000008ac00000|100%|HS|  |TAMS 0x000000008ac00000, 0x000000008ac00000| Complete 
| 172|0x000000008ac00000, 0x000000008ad00000, 0x000000008ad00000|100%| O|  |TAMS 0x000000008ad00000, 0x000000008ad00000| Untracked 
| 173|0x000000008ad00000, 0x000000008ae00000, 0x000000008ae00000|100%| O|  |TAMS 0x000000008ae00000, 0x000000008ae00000| Untracked 
| 174|0x000000008ae00000, 0x000000008af00000, 0x000000008af00000|100%| O|  |TAMS 0x000000008af00000, 0x000000008af00000| Untracked 
| 175|0x000000008af00000, 0x000000008b000000, 0x000000008b000000|100%| O|  |TAMS 0x000000008b000000, 0x000000008b000000| Untracked 
| 176|0x000000008b000000, 0x000000008b100000, 0x000000008b100000|100%| O|  |TAMS 0x000000008b100000, 0x000000008b100000| Untracked 
| 177|0x000000008b100000, 0x000000008b200000, 0x000000008b200000|100%| O|  |TAMS 0x000000008b200000, 0x000000008b200000| Untracked 
| 178|0x000000008b200000, 0x000000008b300000, 0x000000008b300000|100%| O|  |TAMS 0x000000008b300000, 0x000000008b300000| Untracked 
| 179|0x000000008b300000, 0x000000008b400000, 0x000000008b400000|100%| O|  |TAMS 0x000000008b400000, 0x000000008b400000| Untracked 
| 180|0x000000008b400000, 0x000000008b500000, 0x000000008b500000|100%| O|  |TAMS 0x000000008b500000, 0x000000008b500000| Untracked 
| 181|0x000000008b500000, 0x000000008b600000, 0x000000008b600000|100%| O|  |TAMS 0x000000008b600000, 0x000000008b600000| Untracked 
| 182|0x000000008b600000, 0x000000008b700000, 0x000000008b700000|100%| O|  |TAMS 0x000000008b700000, 0x000000008b700000| Untracked 
| 183|0x000000008b700000, 0x000000008b800000, 0x000000008b800000|100%| O|  |TAMS 0x000000008b800000, 0x000000008b800000| Untracked 
| 184|0x000000008b800000, 0x000000008b900000, 0x000000008b900000|100%|HS|  |TAMS 0x000000008b900000, 0x000000008b900000| Complete 
| 185|0x000000008b900000, 0x000000008ba00000, 0x000000008ba00000|100%|HC|  |TAMS 0x000000008ba00000, 0x000000008ba00000| Complete 
| 186|0x000000008ba00000, 0x000000008bb00000, 0x000000008bb00000|100%|HC|  |TAMS 0x000000008bb00000, 0x000000008bb00000| Complete 
| 187|0x000000008bb00000, 0x000000008bc00000, 0x000000008bc00000|100%|HC|  |TAMS 0x000000008bc00000, 0x000000008bc00000| Complete 
| 188|0x000000008bc00000, 0x000000008bd00000, 0x000000008bd00000|100%|HC|  |TAMS 0x000000008bd00000, 0x000000008bd00000| Complete 
| 189|0x000000008bd00000, 0x000000008be00000, 0x000000008be00000|100%|HC|  |TAMS 0x000000008be00000, 0x000000008be00000| Complete 
| 190|0x000000008be00000, 0x000000008bf00000, 0x000000008bf00000|100%| O|  |TAMS 0x000000008bf00000, 0x000000008bf00000| Untracked 
| 191|0x000000008bf00000, 0x000000008c000000, 0x000000008c000000|100%| O|  |TAMS 0x000000008c000000, 0x000000008c000000| Untracked 
| 192|0x000000008c000000, 0x000000008c100000, 0x000000008c100000|100%| O|  |TAMS 0x000000008c100000, 0x000000008c100000| Untracked 
| 193|0x000000008c100000, 0x000000008c200000, 0x000000008c200000|100%| O|  |TAMS 0x000000008c200000, 0x000000008c200000| Untracked 
| 194|0x000000008c200000, 0x000000008c300000, 0x000000008c300000|100%| O|  |TAMS 0x000000008c300000, 0x000000008c300000| Untracked 
| 195|0x000000008c300000, 0x000000008c400000, 0x000000008c400000|100%|HS|  |TAMS 0x000000008c400000, 0x000000008c400000| Complete 
| 196|0x000000008c400000, 0x000000008c500000, 0x000000008c500000|100%|HC|  |TAMS 0x000000008c500000, 0x000000008c500000| Complete 
| 197|0x000000008c500000, 0x000000008c600000, 0x000000008c600000|100%|HC|  |TAMS 0x000000008c600000, 0x000000008c600000| Complete 
| 198|0x000000008c600000, 0x000000008c700000, 0x000000008c700000|100%|HC|  |TAMS 0x000000008c700000, 0x000000008c700000| Complete 
| 199|0x000000008c700000, 0x000000008c800000, 0x000000008c800000|100%| O|  |TAMS 0x000000008c800000, 0x000000008c800000| Untracked 
| 200|0x000000008c800000, 0x000000008c900000, 0x000000008c900000|100%|HS|  |TAMS 0x000000008c900000, 0x000000008c900000| Complete 
| 201|0x000000008c900000, 0x000000008ca00000, 0x000000008ca00000|100%| O|  |TAMS 0x000000008ca00000, 0x000000008ca00000| Untracked 
| 202|0x000000008ca00000, 0x000000008cb00000, 0x000000008cb00000|100%|HS|  |TAMS 0x000000008cb00000, 0x000000008cb00000| Complete 
| 203|0x000000008cb00000, 0x000000008cc00000, 0x000000008cc00000|100%| O|  |TAMS 0x000000008cc00000, 0x000000008cc00000| Untracked 
| 204|0x000000008cc00000, 0x000000008cd00000, 0x000000008cd00000|100%|HS|  |TAMS 0x000000008cd00000, 0x000000008cd00000| Complete 
| 205|0x000000008cd00000, 0x000000008ce00000, 0x000000008ce00000|100%| O|  |TAMS 0x000000008ce00000, 0x000000008ce00000| Untracked 
| 206|0x000000008ce00000, 0x000000008cf00000, 0x000000008cf00000|100%| O|  |TAMS 0x000000008cf00000, 0x000000008cf00000| Untracked 
| 207|0x000000008cf00000, 0x000000008d000000, 0x000000008d000000|100%| O|  |TAMS 0x000000008d000000, 0x000000008d000000| Untracked 
| 208|0x000000008d000000, 0x000000008d100000, 0x000000008d100000|100%|HS|  |TAMS 0x000000008d100000, 0x000000008d100000| Complete 
| 209|0x000000008d100000, 0x000000008d200000, 0x000000008d200000|100%|HC|  |TAMS 0x000000008d200000, 0x000000008d200000| Complete 
| 210|0x000000008d200000, 0x000000008d300000, 0x000000008d300000|100%| O|  |TAMS 0x000000008d300000, 0x000000008d300000| Untracked 
| 211|0x000000008d300000, 0x000000008d400000, 0x000000008d400000|100%|HS|  |TAMS 0x000000008d400000, 0x000000008d400000| Complete 
| 212|0x000000008d400000, 0x000000008d500000, 0x000000008d500000|100%| O|  |TAMS 0x000000008d500000, 0x000000008d500000| Untracked 
| 213|0x000000008d500000, 0x000000008d600000, 0x000000008d600000|100%| O|  |TAMS 0x000000008d600000, 0x000000008d600000| Untracked 
| 214|0x000000008d600000, 0x000000008d700000, 0x000000008d700000|100%| O|  |TAMS 0x000000008d700000, 0x000000008d700000| Untracked 
| 215|0x000000008d700000, 0x000000008d800000, 0x000000008d800000|100%|HS|  |TAMS 0x000000008d800000, 0x000000008d800000| Complete 
| 216|0x000000008d800000, 0x000000008d900000, 0x000000008d900000|100%|HC|  |TAMS 0x000000008d900000, 0x000000008d900000| Complete 
| 217|0x000000008d900000, 0x000000008da00000, 0x000000008da00000|100%| O|  |TAMS 0x000000008da00000, 0x000000008da00000| Untracked 
| 218|0x000000008da00000, 0x000000008db00000, 0x000000008db00000|100%|HS|  |TAMS 0x000000008db00000, 0x000000008db00000| Complete 
| 219|0x000000008db00000, 0x000000008dc00000, 0x000000008dc00000|100%| O|  |TAMS 0x000000008dc00000, 0x000000008dc00000| Untracked 
| 220|0x000000008dc00000, 0x000000008dd00000, 0x000000008dd00000|100%| O|  |TAMS 0x000000008dd00000, 0x000000008dd00000| Untracked 
| 221|0x000000008dd00000, 0x000000008de00000, 0x000000008de00000|100%|HS|  |TAMS 0x000000008de00000, 0x000000008de00000| Complete 
| 222|0x000000008de00000, 0x000000008df00000, 0x000000008df00000|100%|HC|  |TAMS 0x000000008df00000, 0x000000008df00000| Complete 
| 223|0x000000008df00000, 0x000000008e000000, 0x000000008e000000|100%| O|  |TAMS 0x000000008e000000, 0x000000008e000000| Untracked 
| 224|0x000000008e000000, 0x000000008e100000, 0x000000008e100000|100%| O|  |TAMS 0x000000008e100000, 0x000000008e100000| Untracked 
| 225|0x000000008e100000, 0x000000008e200000, 0x000000008e200000|100%|HS|  |TAMS 0x000000008e200000, 0x000000008e200000| Complete 
| 226|0x000000008e200000, 0x000000008e300000, 0x000000008e300000|100%|HC|  |TAMS 0x000000008e300000, 0x000000008e300000| Complete 
| 227|0x000000008e300000, 0x000000008e400000, 0x000000008e400000|100%|HC|  |TAMS 0x000000008e400000, 0x000000008e400000| Complete 
| 228|0x000000008e400000, 0x000000008e500000, 0x000000008e500000|100%| O|  |TAMS 0x000000008e500000, 0x000000008e500000| Untracked 
| 229|0x000000008e500000, 0x000000008e600000, 0x000000008e600000|100%| O|  |TAMS 0x000000008e600000, 0x000000008e600000| Untracked 
| 230|0x000000008e600000, 0x000000008e700000, 0x000000008e700000|100%| O|  |TAMS 0x000000008e700000, 0x000000008e700000| Untracked 
| 231|0x000000008e700000, 0x000000008e800000, 0x000000008e800000|100%| O|  |TAMS 0x000000008e800000, 0x000000008e800000| Untracked 
| 232|0x000000008e800000, 0x000000008e900000, 0x000000008e900000|100%| O|  |TAMS 0x000000008e900000, 0x000000008e900000| Untracked 
| 233|0x000000008e900000, 0x000000008ea00000, 0x000000008ea00000|100%| O|  |TAMS 0x000000008ea00000, 0x000000008ea00000| Untracked 
| 234|0x000000008ea00000, 0x000000008eb00000, 0x000000008eb00000|100%| O|  |TAMS 0x000000008eb00000, 0x000000008eb00000| Untracked 
| 235|0x000000008eb00000, 0x000000008ec00000, 0x000000008ec00000|100%| O|  |TAMS 0x000000008ec00000, 0x000000008ec00000| Untracked 
| 236|0x000000008ec00000, 0x000000008ed00000, 0x000000008ed00000|100%| O|  |TAMS 0x000000008ed00000, 0x000000008ed00000| Untracked 
| 237|0x000000008ed00000, 0x000000008ee00000, 0x000000008ee00000|100%| O|  |TAMS 0x000000008ee00000, 0x000000008ee00000| Untracked 
| 238|0x000000008ee00000, 0x000000008ef00000, 0x000000008ef00000|100%| O|  |TAMS 0x000000008ef00000, 0x000000008ef00000| Untracked 
| 239|0x000000008ef00000, 0x000000008f000000, 0x000000008f000000|100%| O|  |TAMS 0x000000008f000000, 0x000000008f000000| Untracked 
| 240|0x000000008f000000, 0x000000008f100000, 0x000000008f100000|100%| O|  |TAMS 0x000000008f100000, 0x000000008f100000| Untracked 
| 241|0x000000008f100000, 0x000000008f200000, 0x000000008f200000|100%| O|  |TAMS 0x000000008f200000, 0x000000008f200000| Untracked 
| 242|0x000000008f200000, 0x000000008f300000, 0x000000008f300000|100%| O|  |TAMS 0x000000008f300000, 0x000000008f300000| Untracked 
| 243|0x000000008f300000, 0x000000008f400000, 0x000000008f400000|100%| O|  |TAMS 0x000000008f400000, 0x000000008f400000| Untracked 
| 244|0x000000008f400000, 0x000000008f500000, 0x000000008f500000|100%| O|  |TAMS 0x000000008f500000, 0x000000008f500000| Untracked 
| 245|0x000000008f500000, 0x000000008f600000, 0x000000008f600000|100%|HS|  |TAMS 0x000000008f600000, 0x000000008f600000| Complete 
| 246|0x000000008f600000, 0x000000008f700000, 0x000000008f700000|100%|HC|  |TAMS 0x000000008f700000, 0x000000008f700000| Complete 
| 247|0x000000008f700000, 0x000000008f800000, 0x000000008f800000|100%|HC|  |TAMS 0x000000008f800000, 0x000000008f800000| Complete 
| 248|0x000000008f800000, 0x000000008f900000, 0x000000008f900000|100%|HS|  |TAMS 0x000000008f900000, 0x000000008f900000| Complete 
| 249|0x000000008f900000, 0x000000008fa00000, 0x000000008fa00000|100%| O|  |TAMS 0x000000008fa00000, 0x000000008fa00000| Untracked 
| 250|0x000000008fa00000, 0x000000008fb00000, 0x000000008fb00000|100%| O|  |TAMS 0x000000008fb00000, 0x000000008fb00000| Untracked 
| 251|0x000000008fb00000, 0x000000008fc00000, 0x000000008fc00000|100%| O|  |TAMS 0x000000008fc00000, 0x000000008fc00000| Untracked 
| 252|0x000000008fc00000, 0x000000008fd00000, 0x000000008fd00000|100%| O|  |TAMS 0x000000008fd00000, 0x000000008fd00000| Untracked 
| 253|0x000000008fd00000, 0x000000008fe00000, 0x000000008fe00000|100%| O|  |TAMS 0x000000008fe00000, 0x000000008fe00000| Untracked 
| 254|0x000000008fe00000, 0x000000008ff00000, 0x000000008ff00000|100%| O|  |TAMS 0x000000008ff00000, 0x000000008ff00000| Untracked 
| 255|0x000000008ff00000, 0x0000000090000000, 0x0000000090000000|100%| O|  |TAMS 0x0000000090000000, 0x0000000090000000| Untracked 
| 256|0x0000000090000000, 0x0000000090100000, 0x0000000090100000|100%| O|  |TAMS 0x0000000090100000, 0x0000000090100000| Untracked 
| 257|0x0000000090100000, 0x0000000090200000, 0x0000000090200000|100%| O|  |TAMS 0x0000000090200000, 0x0000000090200000| Untracked 
| 258|0x0000000090200000, 0x0000000090300000, 0x0000000090300000|100%| O|  |TAMS 0x0000000090300000, 0x0000000090300000| Untracked 
| 259|0x0000000090300000, 0x0000000090400000, 0x0000000090400000|100%| O|  |TAMS 0x0000000090400000, 0x0000000090400000| Untracked 
| 260|0x0000000090400000, 0x0000000090500000, 0x0000000090500000|100%| O|  |TAMS 0x0000000090500000, 0x0000000090500000| Untracked 
| 261|0x0000000090500000, 0x0000000090600000, 0x0000000090600000|100%| O|  |TAMS 0x0000000090600000, 0x0000000090600000| Untracked 
| 262|0x0000000090600000, 0x0000000090700000, 0x0000000090700000|100%| O|  |TAMS 0x0000000090700000, 0x0000000090700000| Untracked 
| 263|0x0000000090700000, 0x0000000090800000, 0x0000000090800000|100%| O|  |TAMS 0x0000000090800000, 0x0000000090800000| Untracked 
| 264|0x0000000090800000, 0x0000000090900000, 0x0000000090900000|100%| O|  |TAMS 0x0000000090900000, 0x0000000090900000| Untracked 
| 265|0x0000000090900000, 0x0000000090a00000, 0x0000000090a00000|100%| O|  |TAMS 0x0000000090a00000, 0x0000000090a00000| Untracked 
| 266|0x0000000090a00000, 0x0000000090b00000, 0x0000000090b00000|100%| O|  |TAMS 0x0000000090b00000, 0x0000000090b00000| Untracked 
| 267|0x0000000090b00000, 0x0000000090c00000, 0x0000000090c00000|100%| O|  |TAMS 0x0000000090c00000, 0x0000000090c00000| Untracked 
| 268|0x0000000090c00000, 0x0000000090d00000, 0x0000000090d00000|100%| O|  |TAMS 0x0000000090d00000, 0x0000000090d00000| Untracked 
| 269|0x0000000090d00000, 0x0000000090e00000, 0x0000000090e00000|100%| O|  |TAMS 0x0000000090e00000, 0x0000000090e00000| Untracked 
| 270|0x0000000090e00000, 0x0000000090f00000, 0x0000000090f00000|100%| O|  |TAMS 0x0000000090f00000, 0x0000000090f00000| Untracked 
| 271|0x0000000090f00000, 0x0000000091000000, 0x0000000091000000|100%| O|  |TAMS 0x0000000091000000, 0x0000000091000000| Untracked 
| 272|0x0000000091000000, 0x0000000091100000, 0x0000000091100000|100%| O|  |TAMS 0x0000000091100000, 0x0000000091100000| Untracked 
| 273|0x0000000091100000, 0x0000000091200000, 0x0000000091200000|100%| O|  |TAMS 0x0000000091200000, 0x0000000091200000| Untracked 
| 274|0x0000000091200000, 0x0000000091300000, 0x0000000091300000|100%| O|  |TAMS 0x0000000091300000, 0x0000000091300000| Untracked 
| 275|0x0000000091300000, 0x0000000091400000, 0x0000000091400000|100%| O|  |TAMS 0x0000000091400000, 0x0000000091400000| Untracked 
| 276|0x0000000091400000, 0x0000000091500000, 0x0000000091500000|100%| O|  |TAMS 0x0000000091500000, 0x0000000091500000| Untracked 
| 277|0x0000000091500000, 0x0000000091600000, 0x0000000091600000|100%| O|  |TAMS 0x0000000091600000, 0x0000000091600000| Untracked 
| 278|0x0000000091600000, 0x0000000091700000, 0x0000000091700000|100%| O|  |TAMS 0x0000000091700000, 0x0000000091700000| Untracked 
| 279|0x0000000091700000, 0x0000000091800000, 0x0000000091800000|100%| O|  |TAMS 0x0000000091800000, 0x0000000091800000| Untracked 
| 280|0x0000000091800000, 0x0000000091900000, 0x0000000091900000|100%| O|  |TAMS 0x0000000091900000, 0x0000000091900000| Untracked 
| 281|0x0000000091900000, 0x0000000091a00000, 0x0000000091a00000|100%| O|  |TAMS 0x0000000091a00000, 0x0000000091a00000| Untracked 
| 282|0x0000000091a00000, 0x0000000091b00000, 0x0000000091b00000|100%| O|  |TAMS 0x0000000091b00000, 0x0000000091b00000| Untracked 
| 283|0x0000000091b00000, 0x0000000091c00000, 0x0000000091c00000|100%| O|  |TAMS 0x0000000091c00000, 0x0000000091c00000| Untracked 
| 284|0x0000000091c00000, 0x0000000091d00000, 0x0000000091d00000|100%| O|  |TAMS 0x0000000091d00000, 0x0000000091d00000| Untracked 
| 285|0x0000000091d00000, 0x0000000091e00000, 0x0000000091e00000|100%| O|  |TAMS 0x0000000091e00000, 0x0000000091e00000| Untracked 
| 286|0x0000000091e00000, 0x0000000091f00000, 0x0000000091f00000|100%| O|  |TAMS 0x0000000091f00000, 0x0000000091f00000| Untracked 
| 287|0x0000000091f00000, 0x0000000092000000, 0x0000000092000000|100%| O|  |TAMS 0x0000000092000000, 0x0000000092000000| Untracked 
| 288|0x0000000092000000, 0x0000000092100000, 0x0000000092100000|100%| O|  |TAMS 0x0000000092100000, 0x0000000092100000| Untracked 
| 289|0x0000000092100000, 0x0000000092200000, 0x0000000092200000|100%| O|  |TAMS 0x0000000092200000, 0x0000000092200000| Untracked 
| 290|0x0000000092200000, 0x0000000092300000, 0x0000000092300000|100%| O|  |TAMS 0x0000000092300000, 0x0000000092300000| Untracked 
| 291|0x0000000092300000, 0x0000000092400000, 0x0000000092400000|100%| O|  |TAMS 0x0000000092400000, 0x0000000092400000| Untracked 
| 292|0x0000000092400000, 0x0000000092500000, 0x0000000092500000|100%| O|  |TAMS 0x0000000092500000, 0x0000000092500000| Untracked 
| 293|0x0000000092500000, 0x0000000092600000, 0x0000000092600000|100%| O|  |TAMS 0x0000000092600000, 0x0000000092600000| Untracked 
| 294|0x0000000092600000, 0x0000000092700000, 0x0000000092700000|100%| O|  |TAMS 0x0000000092700000, 0x0000000092700000| Untracked 
| 295|0x0000000092700000, 0x0000000092800000, 0x0000000092800000|100%| O|  |TAMS 0x0000000092800000, 0x0000000092800000| Untracked 
| 296|0x0000000092800000, 0x0000000092900000, 0x0000000092900000|100%| O|  |TAMS 0x0000000092900000, 0x0000000092900000| Untracked 
| 297|0x0000000092900000, 0x0000000092a00000, 0x0000000092a00000|100%| O|  |TAMS 0x0000000092a00000, 0x0000000092a00000| Untracked 
| 298|0x0000000092a00000, 0x0000000092b00000, 0x0000000092b00000|100%| O|  |TAMS 0x0000000092b00000, 0x0000000092b00000| Untracked 
| 299|0x0000000092b00000, 0x0000000092c00000, 0x0000000092c00000|100%| O|  |TAMS 0x0000000092c00000, 0x0000000092c00000| Untracked 
| 300|0x0000000092c00000, 0x0000000092d00000, 0x0000000092d00000|100%| O|  |TAMS 0x0000000092d00000, 0x0000000092d00000| Untracked 
| 301|0x0000000092d00000, 0x0000000092e00000, 0x0000000092e00000|100%| O|  |TAMS 0x0000000092e00000, 0x0000000092e00000| Untracked 
| 302|0x0000000092e00000, 0x0000000092f00000, 0x0000000092f00000|100%| O|  |TAMS 0x0000000092f00000, 0x0000000092f00000| Untracked 
| 303|0x0000000092f00000, 0x0000000093000000, 0x0000000093000000|100%| O|  |TAMS 0x0000000093000000, 0x0000000093000000| Untracked 
| 304|0x0000000093000000, 0x0000000093100000, 0x0000000093100000|100%| O|  |TAMS 0x0000000093100000, 0x0000000093100000| Untracked 
| 305|0x0000000093100000, 0x0000000093200000, 0x0000000093200000|100%| O|  |TAMS 0x0000000093200000, 0x0000000093200000| Untracked 
| 306|0x0000000093200000, 0x0000000093300000, 0x0000000093300000|100%| O|  |TAMS 0x0000000093300000, 0x0000000093300000| Untracked 
| 307|0x0000000093300000, 0x0000000093400000, 0x0000000093400000|100%| O|  |TAMS 0x0000000093400000, 0x0000000093400000| Untracked 
| 308|0x0000000093400000, 0x0000000093500000, 0x0000000093500000|100%| O|  |TAMS 0x0000000093500000, 0x0000000093500000| Untracked 
| 309|0x0000000093500000, 0x0000000093600000, 0x0000000093600000|100%| O|  |TAMS 0x0000000093600000, 0x0000000093600000| Untracked 
| 310|0x0000000093600000, 0x0000000093700000, 0x0000000093700000|100%| O|  |TAMS 0x0000000093700000, 0x0000000093700000| Untracked 
| 311|0x0000000093700000, 0x0000000093800000, 0x0000000093800000|100%| O|  |TAMS 0x0000000093800000, 0x0000000093800000| Untracked 
| 312|0x0000000093800000, 0x0000000093900000, 0x0000000093900000|100%| O|  |TAMS 0x0000000093900000, 0x0000000093900000| Untracked 
| 313|0x0000000093900000, 0x0000000093a00000, 0x0000000093a00000|100%| O|  |TAMS 0x0000000093a00000, 0x0000000093a00000| Untracked 
| 314|0x0000000093a00000, 0x0000000093b00000, 0x0000000093b00000|100%| O|  |TAMS 0x0000000093b00000, 0x0000000093b00000| Untracked 
| 315|0x0000000093b00000, 0x0000000093c00000, 0x0000000093c00000|100%| O|  |TAMS 0x0000000093c00000, 0x0000000093c00000| Untracked 
| 316|0x0000000093c00000, 0x0000000093d00000, 0x0000000093d00000|100%| O|  |TAMS 0x0000000093d00000, 0x0000000093d00000| Untracked 
| 317|0x0000000093d00000, 0x0000000093e00000, 0x0000000093e00000|100%| O|  |TAMS 0x0000000093e00000, 0x0000000093e00000| Untracked 
| 318|0x0000000093e00000, 0x0000000093f00000, 0x0000000093f00000|100%| O|  |TAMS 0x0000000093f00000, 0x0000000093f00000| Untracked 
| 319|0x0000000093f00000, 0x0000000094000000, 0x0000000094000000|100%| O|  |TAMS 0x0000000094000000, 0x0000000094000000| Untracked 
| 320|0x0000000094000000, 0x0000000094100000, 0x0000000094100000|100%| O|  |TAMS 0x0000000094100000, 0x0000000094100000| Untracked 
| 321|0x0000000094100000, 0x0000000094200000, 0x0000000094200000|100%| O|  |TAMS 0x0000000094200000, 0x0000000094200000| Untracked 
| 322|0x0000000094200000, 0x0000000094300000, 0x0000000094300000|100%| O|  |TAMS 0x0000000094300000, 0x0000000094300000| Untracked 
| 323|0x0000000094300000, 0x0000000094400000, 0x0000000094400000|100%| O|  |TAMS 0x0000000094400000, 0x0000000094400000| Untracked 
| 324|0x0000000094400000, 0x0000000094500000, 0x0000000094500000|100%| O|  |TAMS 0x0000000094500000, 0x0000000094500000| Untracked 
| 325|0x0000000094500000, 0x0000000094600000, 0x0000000094600000|100%| O|  |TAMS 0x0000000094600000, 0x0000000094600000| Untracked 
| 326|0x0000000094600000, 0x0000000094700000, 0x0000000094700000|100%| O|  |TAMS 0x0000000094700000, 0x0000000094700000| Untracked 
| 327|0x0000000094700000, 0x0000000094800000, 0x0000000094800000|100%| O|  |TAMS 0x0000000094800000, 0x0000000094800000| Untracked 
| 328|0x0000000094800000, 0x0000000094900000, 0x0000000094900000|100%| O|  |TAMS 0x0000000094900000, 0x0000000094900000| Untracked 
| 329|0x0000000094900000, 0x0000000094a00000, 0x0000000094a00000|100%| O|  |TAMS 0x0000000094a00000, 0x0000000094a00000| Untracked 
| 330|0x0000000094a00000, 0x0000000094b00000, 0x0000000094b00000|100%| O|  |TAMS 0x0000000094b00000, 0x0000000094b00000| Untracked 
| 331|0x0000000094b00000, 0x0000000094c00000, 0x0000000094c00000|100%| O|  |TAMS 0x0000000094c00000, 0x0000000094c00000| Untracked 
| 332|0x0000000094c00000, 0x0000000094d00000, 0x0000000094d00000|100%| O|  |TAMS 0x0000000094d00000, 0x0000000094d00000| Untracked 
| 333|0x0000000094d00000, 0x0000000094e00000, 0x0000000094e00000|100%| O|  |TAMS 0x0000000094e00000, 0x0000000094e00000| Untracked 
| 334|0x0000000094e00000, 0x0000000094f00000, 0x0000000094f00000|100%| O|  |TAMS 0x0000000094f00000, 0x0000000094f00000| Untracked 
| 335|0x0000000094f00000, 0x0000000095000000, 0x0000000095000000|100%| O|  |TAMS 0x0000000095000000, 0x0000000095000000| Untracked 
| 336|0x0000000095000000, 0x0000000095100000, 0x0000000095100000|100%| O|  |TAMS 0x0000000095100000, 0x0000000095100000| Untracked 
| 337|0x0000000095100000, 0x0000000095200000, 0x0000000095200000|100%| O|  |TAMS 0x0000000095200000, 0x0000000095200000| Untracked 
| 338|0x0000000095200000, 0x0000000095300000, 0x0000000095300000|100%| O|  |TAMS 0x0000000095300000, 0x0000000095300000| Untracked 
| 339|0x0000000095300000, 0x0000000095400000, 0x0000000095400000|100%| O|  |TAMS 0x0000000095400000, 0x0000000095400000| Untracked 
| 340|0x0000000095400000, 0x0000000095500000, 0x0000000095500000|100%| O|  |TAMS 0x0000000095500000, 0x0000000095500000| Untracked 
| 341|0x0000000095500000, 0x0000000095600000, 0x0000000095600000|100%| O|  |TAMS 0x0000000095600000, 0x0000000095600000| Untracked 
| 342|0x0000000095600000, 0x0000000095700000, 0x0000000095700000|100%| O|  |TAMS 0x0000000095700000, 0x0000000095700000| Untracked 
| 343|0x0000000095700000, 0x0000000095800000, 0x0000000095800000|100%| O|  |TAMS 0x0000000095800000, 0x0000000095800000| Untracked 
| 344|0x0000000095800000, 0x0000000095900000, 0x0000000095900000|100%| O|  |TAMS 0x0000000095900000, 0x0000000095900000| Untracked 
| 345|0x0000000095900000, 0x0000000095a00000, 0x0000000095a00000|100%| O|  |TAMS 0x0000000095a00000, 0x0000000095a00000| Untracked 
| 346|0x0000000095a00000, 0x0000000095b00000, 0x0000000095b00000|100%| O|  |TAMS 0x0000000095b00000, 0x0000000095b00000| Untracked 
| 347|0x0000000095b00000, 0x0000000095c00000, 0x0000000095c00000|100%| O|  |TAMS 0x0000000095c00000, 0x0000000095c00000| Untracked 
| 348|0x0000000095c00000, 0x0000000095d00000, 0x0000000095d00000|100%| O|  |TAMS 0x0000000095d00000, 0x0000000095d00000| Untracked 
| 349|0x0000000095d00000, 0x0000000095e00000, 0x0000000095e00000|100%| O|  |TAMS 0x0000000095e00000, 0x0000000095e00000| Untracked 
| 350|0x0000000095e00000, 0x0000000095f00000, 0x0000000095f00000|100%| O|  |TAMS 0x0000000095f00000, 0x0000000095f00000| Untracked 
| 351|0x0000000095f00000, 0x0000000096000000, 0x0000000096000000|100%| O|  |TAMS 0x0000000096000000, 0x0000000096000000| Untracked 
| 352|0x0000000096000000, 0x0000000096100000, 0x0000000096100000|100%| O|  |TAMS 0x0000000096100000, 0x0000000096100000| Untracked 
| 353|0x0000000096100000, 0x0000000096200000, 0x0000000096200000|100%| O|  |TAMS 0x0000000096200000, 0x0000000096200000| Untracked 
| 354|0x0000000096200000, 0x0000000096300000, 0x0000000096300000|100%| O|  |TAMS 0x0000000096300000, 0x0000000096300000| Untracked 
| 355|0x0000000096300000, 0x0000000096400000, 0x0000000096400000|100%| O|  |TAMS 0x0000000096400000, 0x0000000096400000| Untracked 
| 356|0x0000000096400000, 0x0000000096500000, 0x0000000096500000|100%| O|  |TAMS 0x0000000096500000, 0x0000000096500000| Untracked 
| 357|0x0000000096500000, 0x0000000096600000, 0x0000000096600000|100%| O|  |TAMS 0x0000000096600000, 0x0000000096600000| Untracked 
| 358|0x0000000096600000, 0x0000000096700000, 0x0000000096700000|100%| O|  |TAMS 0x0000000096700000, 0x0000000096700000| Untracked 
| 359|0x0000000096700000, 0x0000000096800000, 0x0000000096800000|100%| O|  |TAMS 0x0000000096800000, 0x0000000096800000| Untracked 
| 360|0x0000000096800000, 0x0000000096900000, 0x0000000096900000|100%| O|  |TAMS 0x0000000096900000, 0x0000000096900000| Untracked 
| 361|0x0000000096900000, 0x0000000096a00000, 0x0000000096a00000|100%| O|  |TAMS 0x0000000096a00000, 0x0000000096a00000| Untracked 
| 362|0x0000000096a00000, 0x0000000096b00000, 0x0000000096b00000|100%| O|  |TAMS 0x0000000096b00000, 0x0000000096b00000| Untracked 
| 363|0x0000000096b00000, 0x0000000096c00000, 0x0000000096c00000|100%| O|  |TAMS 0x0000000096c00000, 0x0000000096c00000| Untracked 
| 364|0x0000000096c00000, 0x0000000096d00000, 0x0000000096d00000|100%| O|  |TAMS 0x0000000096d00000, 0x0000000096d00000| Untracked 
| 365|0x0000000096d00000, 0x0000000096e00000, 0x0000000096e00000|100%| O|  |TAMS 0x0000000096e00000, 0x0000000096e00000| Untracked 
| 366|0x0000000096e00000, 0x0000000096f00000, 0x0000000096f00000|100%| O|  |TAMS 0x0000000096f00000, 0x0000000096f00000| Untracked 
| 367|0x0000000096f00000, 0x0000000097000000, 0x0000000097000000|100%| O|  |TAMS 0x0000000097000000, 0x0000000097000000| Untracked 
| 368|0x0000000097000000, 0x0000000097100000, 0x0000000097100000|100%| O|  |TAMS 0x0000000097100000, 0x0000000097100000| Untracked 
| 369|0x0000000097100000, 0x0000000097200000, 0x0000000097200000|100%| O|  |TAMS 0x0000000097200000, 0x0000000097200000| Untracked 
| 370|0x0000000097200000, 0x0000000097300000, 0x0000000097300000|100%| O|  |TAMS 0x0000000097300000, 0x0000000097300000| Untracked 
| 371|0x0000000097300000, 0x0000000097400000, 0x0000000097400000|100%| O|  |TAMS 0x0000000097400000, 0x0000000097400000| Untracked 
| 372|0x0000000097400000, 0x0000000097500000, 0x0000000097500000|100%| O|  |TAMS 0x0000000097500000, 0x0000000097500000| Untracked 
| 373|0x0000000097500000, 0x0000000097600000, 0x0000000097600000|100%| O|  |TAMS 0x0000000097600000, 0x0000000097600000| Untracked 
| 374|0x0000000097600000, 0x0000000097700000, 0x0000000097700000|100%| O|  |TAMS 0x0000000097700000, 0x0000000097700000| Untracked 
| 375|0x0000000097700000, 0x0000000097800000, 0x0000000097800000|100%| O|  |TAMS 0x0000000097800000, 0x0000000097800000| Untracked 
| 376|0x0000000097800000, 0x0000000097900000, 0x0000000097900000|100%| O|  |TAMS 0x0000000097900000, 0x0000000097900000| Untracked 
| 377|0x0000000097900000, 0x0000000097a00000, 0x0000000097a00000|100%| O|  |TAMS 0x0000000097a00000, 0x0000000097a00000| Untracked 
| 378|0x0000000097a00000, 0x0000000097b00000, 0x0000000097b00000|100%| O|  |TAMS 0x0000000097b00000, 0x0000000097b00000| Untracked 
| 379|0x0000000097b00000, 0x0000000097c00000, 0x0000000097c00000|100%| O|  |TAMS 0x0000000097c00000, 0x0000000097c00000| Untracked 
| 380|0x0000000097c00000, 0x0000000097d00000, 0x0000000097d00000|100%| O|  |TAMS 0x0000000097d00000, 0x0000000097d00000| Untracked 
| 381|0x0000000097d00000, 0x0000000097e00000, 0x0000000097e00000|100%| O|  |TAMS 0x0000000097e00000, 0x0000000097e00000| Untracked 
| 382|0x0000000097e00000, 0x0000000097f00000, 0x0000000097f00000|100%| O|  |TAMS 0x0000000097f00000, 0x0000000097f00000| Untracked 
| 383|0x0000000097f00000, 0x0000000098000000, 0x0000000098000000|100%| O|  |TAMS 0x0000000098000000, 0x0000000098000000| Untracked 
| 384|0x0000000098000000, 0x0000000098100000, 0x0000000098100000|100%| O|  |TAMS 0x0000000098100000, 0x0000000098100000| Untracked 
| 385|0x0000000098100000, 0x0000000098200000, 0x0000000098200000|100%| O|  |TAMS 0x0000000098200000, 0x0000000098200000| Untracked 
| 386|0x0000000098200000, 0x0000000098300000, 0x0000000098300000|100%| O|  |TAMS 0x0000000098300000, 0x0000000098300000| Untracked 
| 387|0x0000000098300000, 0x0000000098400000, 0x0000000098400000|100%| O|  |TAMS 0x0000000098400000, 0x0000000098400000| Untracked 
| 388|0x0000000098400000, 0x0000000098500000, 0x0000000098500000|100%| O|  |TAMS 0x0000000098500000, 0x0000000098500000| Untracked 
| 389|0x0000000098500000, 0x0000000098600000, 0x0000000098600000|100%| O|  |TAMS 0x0000000098600000, 0x0000000098600000| Untracked 
| 390|0x0000000098600000, 0x0000000098700000, 0x0000000098700000|100%| O|  |TAMS 0x0000000098700000, 0x0000000098700000| Untracked 
| 391|0x0000000098700000, 0x0000000098800000, 0x0000000098800000|100%| O|  |TAMS 0x0000000098800000, 0x0000000098800000| Untracked 
| 392|0x0000000098800000, 0x0000000098900000, 0x0000000098900000|100%| O|  |TAMS 0x0000000098900000, 0x0000000098900000| Untracked 
| 393|0x0000000098900000, 0x0000000098a00000, 0x0000000098a00000|100%| O|  |TAMS 0x0000000098a00000, 0x0000000098a00000| Untracked 
| 394|0x0000000098a00000, 0x0000000098b00000, 0x0000000098b00000|100%| O|  |TAMS 0x0000000098b00000, 0x0000000098b00000| Untracked 
| 395|0x0000000098b00000, 0x0000000098c00000, 0x0000000098c00000|100%| O|  |TAMS 0x0000000098c00000, 0x0000000098c00000| Untracked 
| 396|0x0000000098c00000, 0x0000000098d00000, 0x0000000098d00000|100%| O|  |TAMS 0x0000000098d00000, 0x0000000098d00000| Untracked 
| 397|0x0000000098d00000, 0x0000000098e00000, 0x0000000098e00000|100%| O|  |TAMS 0x0000000098e00000, 0x0000000098e00000| Untracked 
| 398|0x0000000098e00000, 0x0000000098f00000, 0x0000000098f00000|100%| O|  |TAMS 0x0000000098f00000, 0x0000000098f00000| Untracked 
| 399|0x0000000098f00000, 0x0000000099000000, 0x0000000099000000|100%| O|  |TAMS 0x0000000099000000, 0x0000000099000000| Untracked 
| 400|0x0000000099000000, 0x0000000099100000, 0x0000000099100000|100%| O|  |TAMS 0x0000000099100000, 0x0000000099100000| Untracked 
| 401|0x0000000099100000, 0x0000000099200000, 0x0000000099200000|100%| O|  |TAMS 0x0000000099200000, 0x0000000099200000| Untracked 
| 402|0x0000000099200000, 0x0000000099300000, 0x0000000099300000|100%| O|  |TAMS 0x0000000099300000, 0x0000000099300000| Untracked 
| 403|0x0000000099300000, 0x0000000099400000, 0x0000000099400000|100%| O|  |TAMS 0x0000000099400000, 0x0000000099400000| Untracked 
| 404|0x0000000099400000, 0x0000000099500000, 0x0000000099500000|100%| O|  |TAMS 0x0000000099500000, 0x0000000099500000| Untracked 
| 405|0x0000000099500000, 0x0000000099600000, 0x0000000099600000|100%| O|  |TAMS 0x0000000099600000, 0x0000000099600000| Untracked 
| 406|0x0000000099600000, 0x0000000099700000, 0x0000000099700000|100%| O|  |TAMS 0x0000000099700000, 0x0000000099700000| Untracked 
| 407|0x0000000099700000, 0x0000000099800000, 0x0000000099800000|100%| O|  |TAMS 0x0000000099800000, 0x0000000099800000| Untracked 
| 408|0x0000000099800000, 0x0000000099900000, 0x0000000099900000|100%| O|  |TAMS 0x0000000099900000, 0x0000000099900000| Untracked 
| 409|0x0000000099900000, 0x0000000099a00000, 0x0000000099a00000|100%| O|  |TAMS 0x0000000099a00000, 0x0000000099a00000| Untracked 
| 410|0x0000000099a00000, 0x0000000099b00000, 0x0000000099b00000|100%| O|  |TAMS 0x0000000099b00000, 0x0000000099b00000| Untracked 
| 411|0x0000000099b00000, 0x0000000099c00000, 0x0000000099c00000|100%| O|  |TAMS 0x0000000099c00000, 0x0000000099c00000| Untracked 
| 412|0x0000000099c00000, 0x0000000099d00000, 0x0000000099d00000|100%| O|  |TAMS 0x0000000099d00000, 0x0000000099d00000| Untracked 
| 413|0x0000000099d00000, 0x0000000099e00000, 0x0000000099e00000|100%| O|  |TAMS 0x0000000099e00000, 0x0000000099e00000| Untracked 
| 414|0x0000000099e00000, 0x0000000099f00000, 0x0000000099f00000|100%| O|  |TAMS 0x0000000099f00000, 0x0000000099f00000| Untracked 
| 415|0x0000000099f00000, 0x000000009a000000, 0x000000009a000000|100%| O|  |TAMS 0x000000009a000000, 0x000000009a000000| Untracked 
| 416|0x000000009a000000, 0x000000009a100000, 0x000000009a100000|100%| O|  |TAMS 0x000000009a100000, 0x000000009a100000| Untracked 
| 417|0x000000009a100000, 0x000000009a200000, 0x000000009a200000|100%| O|  |TAMS 0x000000009a200000, 0x000000009a200000| Untracked 
| 418|0x000000009a200000, 0x000000009a300000, 0x000000009a300000|100%| O|  |TAMS 0x000000009a300000, 0x000000009a300000| Untracked 
| 419|0x000000009a300000, 0x000000009a400000, 0x000000009a400000|100%| O|  |TAMS 0x000000009a400000, 0x000000009a400000| Untracked 
| 420|0x000000009a400000, 0x000000009a500000, 0x000000009a500000|100%| O|  |TAMS 0x000000009a500000, 0x000000009a500000| Untracked 
| 421|0x000000009a500000, 0x000000009a600000, 0x000000009a600000|100%| O|  |TAMS 0x000000009a600000, 0x000000009a600000| Untracked 
| 422|0x000000009a600000, 0x000000009a700000, 0x000000009a700000|100%| O|  |TAMS 0x000000009a700000, 0x000000009a700000| Untracked 
| 423|0x000000009a700000, 0x000000009a800000, 0x000000009a800000|100%| O|  |TAMS 0x000000009a800000, 0x000000009a800000| Untracked 
| 424|0x000000009a800000, 0x000000009a900000, 0x000000009a900000|100%| O|  |TAMS 0x000000009a900000, 0x000000009a900000| Untracked 
| 425|0x000000009a900000, 0x000000009aa00000, 0x000000009aa00000|100%| O|  |TAMS 0x000000009aa00000, 0x000000009aa00000| Untracked 
| 426|0x000000009aa00000, 0x000000009ab00000, 0x000000009ab00000|100%| O|  |TAMS 0x000000009ab00000, 0x000000009ab00000| Untracked 
| 427|0x000000009ab00000, 0x000000009ac00000, 0x000000009ac00000|100%| O|  |TAMS 0x000000009ab80000, 0x000000009ac00000| Untracked 
| 428|0x000000009ac00000, 0x000000009ad00000, 0x000000009ad00000|100%|HS|  |TAMS 0x000000009ac00000, 0x000000009ad00000| Complete 
| 429|0x000000009ad00000, 0x000000009ae00000, 0x000000009ae00000|100%|HS|  |TAMS 0x000000009ad00000, 0x000000009ae00000| Complete 
| 430|0x000000009ae00000, 0x000000009af00000, 0x000000009af00000|100%| O|  |TAMS 0x000000009ae00000, 0x000000009af00000| Untracked 
| 431|0x000000009af00000, 0x000000009b000000, 0x000000009b000000|100%| O|  |TAMS 0x000000009af00000, 0x000000009b000000| Untracked 
| 432|0x000000009b000000, 0x000000009b100000, 0x000000009b100000|100%| O|  |TAMS 0x000000009b000000, 0x000000009b100000| Untracked 
| 433|0x000000009b100000, 0x000000009b200000, 0x000000009b200000|100%| O|  |TAMS 0x000000009b100000, 0x000000009b200000| Untracked 
| 434|0x000000009b200000, 0x000000009b300000, 0x000000009b300000|100%| O|  |TAMS 0x000000009b200000, 0x000000009b300000| Untracked 
| 435|0x000000009b300000, 0x000000009b400000, 0x000000009b400000|100%| O|  |TAMS 0x000000009b300000, 0x000000009b400000| Untracked 
| 436|0x000000009b400000, 0x000000009b500000, 0x000000009b500000|100%| O|  |TAMS 0x000000009b400000, 0x000000009b500000| Untracked 
| 437|0x000000009b500000, 0x000000009b600000, 0x000000009b600000|100%| O|  |TAMS 0x000000009b500000, 0x000000009b600000| Untracked 
| 438|0x000000009b600000, 0x000000009b700000, 0x000000009b700000|100%| O|  |TAMS 0x000000009b600000, 0x000000009b700000| Untracked 
| 439|0x000000009b700000, 0x000000009b800000, 0x000000009b800000|100%| O|  |TAMS 0x000000009b700000, 0x000000009b800000| Untracked 
| 440|0x000000009b800000, 0x000000009b900000, 0x000000009b900000|100%| O|  |TAMS 0x000000009b800000, 0x000000009b900000| Untracked 
| 441|0x000000009b900000, 0x000000009ba00000, 0x000000009ba00000|100%| O|  |TAMS 0x000000009b900000, 0x000000009ba00000| Untracked 
| 442|0x000000009ba00000, 0x000000009bb00000, 0x000000009bb00000|100%| O|  |TAMS 0x000000009ba00000, 0x000000009bb00000| Untracked 
| 443|0x000000009bb00000, 0x000000009bc00000, 0x000000009bc00000|100%| O|  |TAMS 0x000000009bb00000, 0x000000009bc00000| Untracked 
| 444|0x000000009bc00000, 0x000000009bd00000, 0x000000009bd00000|100%| O|  |TAMS 0x000000009bc00000, 0x000000009bd00000| Untracked 
| 445|0x000000009bd00000, 0x000000009be00000, 0x000000009be00000|100%| O|  |TAMS 0x000000009bd00000, 0x000000009be00000| Untracked 
| 446|0x000000009be00000, 0x000000009bf00000, 0x000000009bf00000|100%| O|  |TAMS 0x000000009be00000, 0x000000009bf00000| Untracked 
| 447|0x000000009bf00000, 0x000000009c000000, 0x000000009c000000|100%| O|  |TAMS 0x000000009bf00000, 0x000000009c000000| Untracked 
| 448|0x000000009c000000, 0x000000009c100000, 0x000000009c100000|100%| O|  |TAMS 0x000000009c000000, 0x000000009c100000| Untracked 
| 449|0x000000009c100000, 0x000000009c200000, 0x000000009c200000|100%| O|  |TAMS 0x000000009c100000, 0x000000009c200000| Untracked 
| 450|0x000000009c200000, 0x000000009c300000, 0x000000009c300000|100%| O|  |TAMS 0x000000009c200000, 0x000000009c300000| Untracked 
| 451|0x000000009c300000, 0x000000009c400000, 0x000000009c400000|100%| O|  |TAMS 0x000000009c300000, 0x000000009c400000| Untracked 
| 452|0x000000009c400000, 0x000000009c500000, 0x000000009c500000|100%| O|  |TAMS 0x000000009c400000, 0x000000009c500000| Untracked 
| 453|0x000000009c500000, 0x000000009c600000, 0x000000009c600000|100%| O|  |TAMS 0x000000009c500000, 0x000000009c600000| Untracked 
| 454|0x000000009c600000, 0x000000009c700000, 0x000000009c700000|100%| O|  |TAMS 0x000000009c600000, 0x000000009c700000| Untracked 
| 455|0x000000009c700000, 0x000000009c800000, 0x000000009c800000|100%| O|  |TAMS 0x000000009c700000, 0x000000009c800000| Untracked 
| 456|0x000000009c800000, 0x000000009c900000, 0x000000009c900000|100%| O|  |TAMS 0x000000009c800000, 0x000000009c900000| Untracked 
| 457|0x000000009c900000, 0x000000009c900000, 0x000000009ca00000|  0%| F|  |TAMS 0x000000009c900000, 0x000000009c900000| Untracked 
| 458|0x000000009ca00000, 0x000000009ca00000, 0x000000009cb00000|  0%| F|  |TAMS 0x000000009ca00000, 0x000000009ca00000| Untracked 
| 459|0x000000009cb00000, 0x000000009cb00000, 0x000000009cc00000|  0%| F|  |TAMS 0x000000009cb00000, 0x000000009cb00000| Untracked 
| 460|0x000000009cc00000, 0x000000009cc00000, 0x000000009cd00000|  0%| F|  |TAMS 0x000000009cc00000, 0x000000009cc00000| Untracked 
| 461|0x000000009cd00000, 0x000000009cd00000, 0x000000009ce00000|  0%| F|  |TAMS 0x000000009cd00000, 0x000000009cd00000| Untracked 
| 462|0x000000009ce00000, 0x000000009ce00000, 0x000000009cf00000|  0%| F|  |TAMS 0x000000009ce00000, 0x000000009ce00000| Untracked 
| 463|0x000000009cf00000, 0x000000009cf00000, 0x000000009d000000|  0%| F|  |TAMS 0x000000009cf00000, 0x000000009cf00000| Untracked 
| 464|0x000000009d000000, 0x000000009d000000, 0x000000009d100000|  0%| F|  |TAMS 0x000000009d000000, 0x000000009d000000| Untracked 
| 465|0x000000009d100000, 0x000000009d100000, 0x000000009d200000|  0%| F|  |TAMS 0x000000009d100000, 0x000000009d100000| Untracked 
| 466|0x000000009d200000, 0x000000009d200000, 0x000000009d300000|  0%| F|  |TAMS 0x000000009d200000, 0x000000009d200000| Untracked 
| 467|0x000000009d300000, 0x000000009d300000, 0x000000009d400000|  0%| F|  |TAMS 0x000000009d300000, 0x000000009d300000| Untracked 
| 468|0x000000009d400000, 0x000000009d400000, 0x000000009d500000|  0%| F|  |TAMS 0x000000009d400000, 0x000000009d400000| Untracked 
| 469|0x000000009d500000, 0x000000009d500000, 0x000000009d600000|  0%| F|  |TAMS 0x000000009d500000, 0x000000009d500000| Untracked 
| 470|0x000000009d600000, 0x000000009d600000, 0x000000009d700000|  0%| F|  |TAMS 0x000000009d600000, 0x000000009d600000| Untracked 
| 471|0x000000009d700000, 0x000000009d700000, 0x000000009d800000|  0%| F|  |TAMS 0x000000009d700000, 0x000000009d700000| Untracked 
| 472|0x000000009d800000, 0x000000009d800000, 0x000000009d900000|  0%| F|  |TAMS 0x000000009d800000, 0x000000009d800000| Untracked 
| 473|0x000000009d900000, 0x000000009d900000, 0x000000009da00000|  0%| F|  |TAMS 0x000000009d900000, 0x000000009d900000| Untracked 
| 474|0x000000009da00000, 0x000000009da00000, 0x000000009db00000|  0%| F|  |TAMS 0x000000009da00000, 0x000000009da00000| Untracked 
| 475|0x000000009db00000, 0x000000009db00000, 0x000000009dc00000|  0%| F|  |TAMS 0x000000009db00000, 0x000000009db00000| Untracked 
| 476|0x000000009dc00000, 0x000000009dc00000, 0x000000009dd00000|  0%| F|  |TAMS 0x000000009dc00000, 0x000000009dc00000| Untracked 
| 477|0x000000009dd00000, 0x000000009dd00000, 0x000000009de00000|  0%| F|  |TAMS 0x000000009dd00000, 0x000000009dd00000| Untracked 
| 478|0x000000009de00000, 0x000000009de00000, 0x000000009df00000|  0%| F|  |TAMS 0x000000009de00000, 0x000000009de00000| Untracked 
| 479|0x000000009df00000, 0x000000009df00000, 0x000000009e000000|  0%| F|  |TAMS 0x000000009df00000, 0x000000009df00000| Untracked 
| 480|0x000000009e000000, 0x000000009e000000, 0x000000009e100000|  0%| F|  |TAMS 0x000000009e000000, 0x000000009e000000| Untracked 
| 481|0x000000009e100000, 0x000000009e100000, 0x000000009e200000|  0%| F|  |TAMS 0x000000009e100000, 0x000000009e100000| Untracked 
| 482|0x000000009e200000, 0x000000009e200000, 0x000000009e300000|  0%| F|  |TAMS 0x000000009e200000, 0x000000009e200000| Untracked 
| 483|0x000000009e300000, 0x000000009e300000, 0x000000009e400000|  0%| F|  |TAMS 0x000000009e300000, 0x000000009e300000| Untracked 
| 484|0x000000009e400000, 0x000000009e400000, 0x000000009e500000|  0%| F|  |TAMS 0x000000009e400000, 0x000000009e400000| Untracked 
| 485|0x000000009e500000, 0x000000009e500000, 0x000000009e600000|  0%| F|  |TAMS 0x000000009e500000, 0x000000009e500000| Untracked 
| 486|0x000000009e600000, 0x000000009e600000, 0x000000009e700000|  0%| F|  |TAMS 0x000000009e600000, 0x000000009e600000| Untracked 
| 487|0x000000009e700000, 0x000000009e700000, 0x000000009e800000|  0%| F|  |TAMS 0x000000009e700000, 0x000000009e700000| Untracked 
| 488|0x000000009e800000, 0x000000009e800000, 0x000000009e900000|  0%| F|  |TAMS 0x000000009e800000, 0x000000009e800000| Untracked 
| 489|0x000000009e900000, 0x000000009e900000, 0x000000009ea00000|  0%| F|  |TAMS 0x000000009e900000, 0x000000009e900000| Untracked 
| 490|0x000000009ea00000, 0x000000009ea00000, 0x000000009eb00000|  0%| F|  |TAMS 0x000000009ea00000, 0x000000009ea00000| Untracked 
| 491|0x000000009eb00000, 0x000000009eb00000, 0x000000009ec00000|  0%| F|  |TAMS 0x000000009eb00000, 0x000000009eb00000| Untracked 
| 492|0x000000009ec00000, 0x000000009ec00000, 0x000000009ed00000|  0%| F|  |TAMS 0x000000009ec00000, 0x000000009ec00000| Untracked 
| 493|0x000000009ed00000, 0x000000009ed00000, 0x000000009ee00000|  0%| F|  |TAMS 0x000000009ed00000, 0x000000009ed00000| Untracked 
| 494|0x000000009ee00000, 0x000000009ee00000, 0x000000009ef00000|  0%| F|  |TAMS 0x000000009ee00000, 0x000000009ee00000| Untracked 
| 495|0x000000009ef00000, 0x000000009ef00000, 0x000000009f000000|  0%| F|  |TAMS 0x000000009ef00000, 0x000000009ef00000| Untracked 
| 496|0x000000009f000000, 0x000000009f000000, 0x000000009f100000|  0%| F|  |TAMS 0x000000009f000000, 0x000000009f000000| Untracked 
| 497|0x000000009f100000, 0x000000009f100000, 0x000000009f200000|  0%| F|  |TAMS 0x000000009f100000, 0x000000009f100000| Untracked 
| 498|0x000000009f200000, 0x000000009f200000, 0x000000009f300000|  0%| F|  |TAMS 0x000000009f200000, 0x000000009f200000| Untracked 
| 499|0x000000009f300000, 0x000000009f300000, 0x000000009f400000|  0%| F|  |TAMS 0x000000009f300000, 0x000000009f300000| Untracked 
| 500|0x000000009f400000, 0x000000009f400000, 0x000000009f500000|  0%| F|  |TAMS 0x000000009f400000, 0x000000009f400000| Untracked 
| 501|0x000000009f500000, 0x000000009f500000, 0x000000009f600000|  0%| F|  |TAMS 0x000000009f500000, 0x000000009f500000| Untracked 
| 502|0x000000009f600000, 0x000000009f600000, 0x000000009f700000|  0%| F|  |TAMS 0x000000009f600000, 0x000000009f600000| Untracked 
| 503|0x000000009f700000, 0x000000009f700000, 0x000000009f800000|  0%| F|  |TAMS 0x000000009f700000, 0x000000009f700000| Untracked 
| 504|0x000000009f800000, 0x000000009f800000, 0x000000009f900000|  0%| F|  |TAMS 0x000000009f800000, 0x000000009f800000| Untracked 
| 505|0x000000009f900000, 0x000000009f900000, 0x000000009fa00000|  0%| F|  |TAMS 0x000000009f900000, 0x000000009f900000| Untracked 
| 506|0x000000009fa00000, 0x000000009fa00000, 0x000000009fb00000|  0%| F|  |TAMS 0x000000009fa00000, 0x000000009fa00000| Untracked 
| 507|0x000000009fb00000, 0x000000009fb00000, 0x000000009fc00000|  0%| F|  |TAMS 0x000000009fb00000, 0x000000009fb00000| Untracked 
| 508|0x000000009fc00000, 0x000000009fc00000, 0x000000009fd00000|  0%| F|  |TAMS 0x000000009fc00000, 0x000000009fc00000| Untracked 
| 509|0x000000009fd00000, 0x000000009fd00000, 0x000000009fe00000|  0%| F|  |TAMS 0x000000009fd00000, 0x000000009fd00000| Untracked 
| 510|0x000000009fe00000, 0x000000009fe00000, 0x000000009ff00000|  0%| F|  |TAMS 0x000000009fe00000, 0x000000009fe00000| Untracked 
| 511|0x000000009ff00000, 0x000000009ff00000, 0x00000000a0000000|  0%| F|  |TAMS 0x000000009ff00000, 0x000000009ff00000| Untracked 
| 512|0x00000000a0000000, 0x00000000a0000000, 0x00000000a0100000|  0%| F|  |TAMS 0x00000000a0000000, 0x00000000a0000000| Untracked 
| 513|0x00000000a0100000, 0x00000000a0100000, 0x00000000a0200000|  0%| F|  |TAMS 0x00000000a0100000, 0x00000000a0100000| Untracked 
| 514|0x00000000a0200000, 0x00000000a0200000, 0x00000000a0300000|  0%| F|  |TAMS 0x00000000a0200000, 0x00000000a0200000| Untracked 
| 515|0x00000000a0300000, 0x00000000a0300000, 0x00000000a0400000|  0%| F|  |TAMS 0x00000000a0300000, 0x00000000a0300000| Untracked 
| 516|0x00000000a0400000, 0x00000000a0400000, 0x00000000a0500000|  0%| F|  |TAMS 0x00000000a0400000, 0x00000000a0400000| Untracked 
| 517|0x00000000a0500000, 0x00000000a0500000, 0x00000000a0600000|  0%| F|  |TAMS 0x00000000a0500000, 0x00000000a0500000| Untracked 
| 518|0x00000000a0600000, 0x00000000a0600000, 0x00000000a0700000|  0%| F|  |TAMS 0x00000000a0600000, 0x00000000a0600000| Untracked 
| 519|0x00000000a0700000, 0x00000000a0700000, 0x00000000a0800000|  0%| F|  |TAMS 0x00000000a0700000, 0x00000000a0700000| Untracked 
| 520|0x00000000a0800000, 0x00000000a0800000, 0x00000000a0900000|  0%| F|  |TAMS 0x00000000a0800000, 0x00000000a0800000| Untracked 
| 521|0x00000000a0900000, 0x00000000a0900000, 0x00000000a0a00000|  0%| F|  |TAMS 0x00000000a0900000, 0x00000000a0900000| Untracked 
| 522|0x00000000a0a00000, 0x00000000a0a00000, 0x00000000a0b00000|  0%| F|  |TAMS 0x00000000a0a00000, 0x00000000a0a00000| Untracked 
| 523|0x00000000a0b00000, 0x00000000a0b00000, 0x00000000a0c00000|  0%| F|  |TAMS 0x00000000a0b00000, 0x00000000a0b00000| Untracked 
| 524|0x00000000a0c00000, 0x00000000a0c00000, 0x00000000a0d00000|  0%| F|  |TAMS 0x00000000a0c00000, 0x00000000a0c00000| Untracked 
| 525|0x00000000a0d00000, 0x00000000a0d00000, 0x00000000a0e00000|  0%| F|  |TAMS 0x00000000a0d00000, 0x00000000a0d00000| Untracked 
| 526|0x00000000a0e00000, 0x00000000a0e00000, 0x00000000a0f00000|  0%| F|  |TAMS 0x00000000a0e00000, 0x00000000a0e00000| Untracked 
| 527|0x00000000a0f00000, 0x00000000a0f00000, 0x00000000a1000000|  0%| F|  |TAMS 0x00000000a0f00000, 0x00000000a0f00000| Untracked 
| 528|0x00000000a1000000, 0x00000000a1000000, 0x00000000a1100000|  0%| F|  |TAMS 0x00000000a1000000, 0x00000000a1000000| Untracked 
| 529|0x00000000a1100000, 0x00000000a1100000, 0x00000000a1200000|  0%| F|  |TAMS 0x00000000a1100000, 0x00000000a1100000| Untracked 
| 530|0x00000000a1200000, 0x00000000a1200000, 0x00000000a1300000|  0%| F|  |TAMS 0x00000000a1200000, 0x00000000a1200000| Untracked 
| 531|0x00000000a1300000, 0x00000000a1300000, 0x00000000a1400000|  0%| F|  |TAMS 0x00000000a1300000, 0x00000000a1300000| Untracked 
| 532|0x00000000a1400000, 0x00000000a1400000, 0x00000000a1500000|  0%| F|  |TAMS 0x00000000a1400000, 0x00000000a1400000| Untracked 
| 533|0x00000000a1500000, 0x00000000a1500000, 0x00000000a1600000|  0%| F|  |TAMS 0x00000000a1500000, 0x00000000a1500000| Untracked 
| 534|0x00000000a1600000, 0x00000000a1600000, 0x00000000a1700000|  0%| F|  |TAMS 0x00000000a1600000, 0x00000000a1600000| Untracked 
| 535|0x00000000a1700000, 0x00000000a1700000, 0x00000000a1800000|  0%| F|  |TAMS 0x00000000a1700000, 0x00000000a1700000| Untracked 
| 536|0x00000000a1800000, 0x00000000a1800000, 0x00000000a1900000|  0%| F|  |TAMS 0x00000000a1800000, 0x00000000a1800000| Untracked 
| 537|0x00000000a1900000, 0x00000000a1900000, 0x00000000a1a00000|  0%| F|  |TAMS 0x00000000a1900000, 0x00000000a1900000| Untracked 
| 538|0x00000000a1a00000, 0x00000000a1a00000, 0x00000000a1b00000|  0%| F|  |TAMS 0x00000000a1a00000, 0x00000000a1a00000| Untracked 
| 539|0x00000000a1b00000, 0x00000000a1b00000, 0x00000000a1c00000|  0%| F|  |TAMS 0x00000000a1b00000, 0x00000000a1b00000| Untracked 
| 540|0x00000000a1c00000, 0x00000000a1c00000, 0x00000000a1d00000|  0%| F|  |TAMS 0x00000000a1c00000, 0x00000000a1c00000| Untracked 
| 541|0x00000000a1d00000, 0x00000000a1d00000, 0x00000000a1e00000|  0%| F|  |TAMS 0x00000000a1d00000, 0x00000000a1d00000| Untracked 
| 542|0x00000000a1e00000, 0x00000000a1e00000, 0x00000000a1f00000|  0%| F|  |TAMS 0x00000000a1e00000, 0x00000000a1e00000| Untracked 
| 543|0x00000000a1f00000, 0x00000000a1f00000, 0x00000000a2000000|  0%| F|  |TAMS 0x00000000a1f00000, 0x00000000a1f00000| Untracked 
| 544|0x00000000a2000000, 0x00000000a2000000, 0x00000000a2100000|  0%| F|  |TAMS 0x00000000a2000000, 0x00000000a2000000| Untracked 
| 545|0x00000000a2100000, 0x00000000a2100000, 0x00000000a2200000|  0%| F|  |TAMS 0x00000000a2100000, 0x00000000a2100000| Untracked 
| 546|0x00000000a2200000, 0x00000000a2200000, 0x00000000a2300000|  0%| F|  |TAMS 0x00000000a2200000, 0x00000000a2200000| Untracked 
| 547|0x00000000a2300000, 0x00000000a2300000, 0x00000000a2400000|  0%| F|  |TAMS 0x00000000a2300000, 0x00000000a2300000| Untracked 
| 548|0x00000000a2400000, 0x00000000a2400000, 0x00000000a2500000|  0%| F|  |TAMS 0x00000000a2400000, 0x00000000a2400000| Untracked 
| 549|0x00000000a2500000, 0x00000000a2500000, 0x00000000a2600000|  0%| F|  |TAMS 0x00000000a2500000, 0x00000000a2500000| Untracked 
| 550|0x00000000a2600000, 0x00000000a2600000, 0x00000000a2700000|  0%| F|  |TAMS 0x00000000a2600000, 0x00000000a2600000| Untracked 
| 551|0x00000000a2700000, 0x00000000a2700000, 0x00000000a2800000|  0%| F|  |TAMS 0x00000000a2700000, 0x00000000a2700000| Untracked 
| 552|0x00000000a2800000, 0x00000000a2800000, 0x00000000a2900000|  0%| F|  |TAMS 0x00000000a2800000, 0x00000000a2800000| Untracked 
| 553|0x00000000a2900000, 0x00000000a2900000, 0x00000000a2a00000|  0%| F|  |TAMS 0x00000000a2900000, 0x00000000a2900000| Untracked 
| 554|0x00000000a2a00000, 0x00000000a2a00000, 0x00000000a2b00000|  0%| F|  |TAMS 0x00000000a2a00000, 0x00000000a2a00000| Untracked 
| 555|0x00000000a2b00000, 0x00000000a2b00000, 0x00000000a2c00000|  0%| F|  |TAMS 0x00000000a2b00000, 0x00000000a2b00000| Untracked 
| 556|0x00000000a2c00000, 0x00000000a2c00000, 0x00000000a2d00000|  0%| F|  |TAMS 0x00000000a2c00000, 0x00000000a2c00000| Untracked 
| 557|0x00000000a2d00000, 0x00000000a2d00000, 0x00000000a2e00000|  0%| F|  |TAMS 0x00000000a2d00000, 0x00000000a2d00000| Untracked 
| 558|0x00000000a2e00000, 0x00000000a2e00000, 0x00000000a2f00000|  0%| F|  |TAMS 0x00000000a2e00000, 0x00000000a2e00000| Untracked 
| 559|0x00000000a2f00000, 0x00000000a2f00000, 0x00000000a3000000|  0%| F|  |TAMS 0x00000000a2f00000, 0x00000000a2f00000| Untracked 
| 560|0x00000000a3000000, 0x00000000a3000000, 0x00000000a3100000|  0%| F|  |TAMS 0x00000000a3000000, 0x00000000a3000000| Untracked 
| 561|0x00000000a3100000, 0x00000000a3100000, 0x00000000a3200000|  0%| F|  |TAMS 0x00000000a3100000, 0x00000000a3100000| Untracked 
| 562|0x00000000a3200000, 0x00000000a3200000, 0x00000000a3300000|  0%| F|  |TAMS 0x00000000a3200000, 0x00000000a3200000| Untracked 
| 563|0x00000000a3300000, 0x00000000a3300000, 0x00000000a3400000|  0%| F|  |TAMS 0x00000000a3300000, 0x00000000a3300000| Untracked 
| 564|0x00000000a3400000, 0x00000000a3400000, 0x00000000a3500000|  0%| F|  |TAMS 0x00000000a3400000, 0x00000000a3400000| Untracked 
| 565|0x00000000a3500000, 0x00000000a3500000, 0x00000000a3600000|  0%| F|  |TAMS 0x00000000a3500000, 0x00000000a3500000| Untracked 
| 566|0x00000000a3600000, 0x00000000a3600000, 0x00000000a3700000|  0%| F|  |TAMS 0x00000000a3600000, 0x00000000a3600000| Untracked 
| 567|0x00000000a3700000, 0x00000000a3700000, 0x00000000a3800000|  0%| F|  |TAMS 0x00000000a3700000, 0x00000000a3700000| Untracked 
| 568|0x00000000a3800000, 0x00000000a3800000, 0x00000000a3900000|  0%| F|  |TAMS 0x00000000a3800000, 0x00000000a3800000| Untracked 
| 569|0x00000000a3900000, 0x00000000a3900000, 0x00000000a3a00000|  0%| F|  |TAMS 0x00000000a3900000, 0x00000000a3900000| Untracked 
| 570|0x00000000a3a00000, 0x00000000a3a00000, 0x00000000a3b00000|  0%| F|  |TAMS 0x00000000a3a00000, 0x00000000a3a00000| Untracked 
| 571|0x00000000a3b00000, 0x00000000a3b00000, 0x00000000a3c00000|  0%| F|  |TAMS 0x00000000a3b00000, 0x00000000a3b00000| Untracked 
| 572|0x00000000a3c00000, 0x00000000a3c00000, 0x00000000a3d00000|  0%| F|  |TAMS 0x00000000a3c00000, 0x00000000a3c00000| Untracked 
| 573|0x00000000a3d00000, 0x00000000a3d00000, 0x00000000a3e00000|  0%| F|  |TAMS 0x00000000a3d00000, 0x00000000a3d00000| Untracked 
| 574|0x00000000a3e00000, 0x00000000a3e00000, 0x00000000a3f00000|  0%| F|  |TAMS 0x00000000a3e00000, 0x00000000a3e00000| Untracked 
| 575|0x00000000a3f00000, 0x00000000a3f00000, 0x00000000a4000000|  0%| F|  |TAMS 0x00000000a3f00000, 0x00000000a3f00000| Untracked 
| 576|0x00000000a4000000, 0x00000000a4000000, 0x00000000a4100000|  0%| F|  |TAMS 0x00000000a4000000, 0x00000000a4000000| Untracked 
| 577|0x00000000a4100000, 0x00000000a4100000, 0x00000000a4200000|  0%| F|  |TAMS 0x00000000a4100000, 0x00000000a4100000| Untracked 
| 578|0x00000000a4200000, 0x00000000a4200000, 0x00000000a4300000|  0%| F|  |TAMS 0x00000000a4200000, 0x00000000a4200000| Untracked 
| 579|0x00000000a4300000, 0x00000000a4300000, 0x00000000a4400000|  0%| F|  |TAMS 0x00000000a4300000, 0x00000000a4300000| Untracked 
| 580|0x00000000a4400000, 0x00000000a4400000, 0x00000000a4500000|  0%| F|  |TAMS 0x00000000a4400000, 0x00000000a4400000| Untracked 
| 581|0x00000000a4500000, 0x00000000a4500000, 0x00000000a4600000|  0%| F|  |TAMS 0x00000000a4500000, 0x00000000a4500000| Untracked 
| 582|0x00000000a4600000, 0x00000000a4600000, 0x00000000a4700000|  0%| F|  |TAMS 0x00000000a4600000, 0x00000000a4600000| Untracked 
| 583|0x00000000a4700000, 0x00000000a4700000, 0x00000000a4800000|  0%| F|  |TAMS 0x00000000a4700000, 0x00000000a4700000| Untracked 
| 584|0x00000000a4800000, 0x00000000a4800000, 0x00000000a4900000|  0%| F|  |TAMS 0x00000000a4800000, 0x00000000a4800000| Untracked 
| 585|0x00000000a4900000, 0x00000000a4900000, 0x00000000a4a00000|  0%| F|  |TAMS 0x00000000a4900000, 0x00000000a4900000| Untracked 
| 586|0x00000000a4a00000, 0x00000000a4a00000, 0x00000000a4b00000|  0%| F|  |TAMS 0x00000000a4a00000, 0x00000000a4a00000| Untracked 
| 587|0x00000000a4b00000, 0x00000000a4b00000, 0x00000000a4c00000|  0%| F|  |TAMS 0x00000000a4b00000, 0x00000000a4b00000| Untracked 
| 588|0x00000000a4c00000, 0x00000000a4c00000, 0x00000000a4d00000|  0%| F|  |TAMS 0x00000000a4c00000, 0x00000000a4c00000| Untracked 
| 589|0x00000000a4d00000, 0x00000000a4d00000, 0x00000000a4e00000|  0%| F|  |TAMS 0x00000000a4d00000, 0x00000000a4d00000| Untracked 
| 590|0x00000000a4e00000, 0x00000000a4e00000, 0x00000000a4f00000|  0%| F|  |TAMS 0x00000000a4e00000, 0x00000000a4e00000| Untracked 
| 591|0x00000000a4f00000, 0x00000000a4f00000, 0x00000000a5000000|  0%| F|  |TAMS 0x00000000a4f00000, 0x00000000a4f00000| Untracked 
| 592|0x00000000a5000000, 0x00000000a5000000, 0x00000000a5100000|  0%| F|  |TAMS 0x00000000a5000000, 0x00000000a5000000| Untracked 
| 593|0x00000000a5100000, 0x00000000a5100000, 0x00000000a5200000|  0%| F|  |TAMS 0x00000000a5100000, 0x00000000a5100000| Untracked 
| 594|0x00000000a5200000, 0x00000000a5200000, 0x00000000a5300000|  0%| F|  |TAMS 0x00000000a5200000, 0x00000000a5200000| Untracked 
| 595|0x00000000a5300000, 0x00000000a5300000, 0x00000000a5400000|  0%| F|  |TAMS 0x00000000a5300000, 0x00000000a5300000| Untracked 
| 596|0x00000000a5400000, 0x00000000a5400000, 0x00000000a5500000|  0%| F|  |TAMS 0x00000000a5400000, 0x00000000a5400000| Untracked 
| 597|0x00000000a5500000, 0x00000000a5500000, 0x00000000a5600000|  0%| F|  |TAMS 0x00000000a5500000, 0x00000000a5500000| Untracked 
| 598|0x00000000a5600000, 0x00000000a5600000, 0x00000000a5700000|  0%| F|  |TAMS 0x00000000a5600000, 0x00000000a5600000| Untracked 
| 599|0x00000000a5700000, 0x00000000a5700000, 0x00000000a5800000|  0%| F|  |TAMS 0x00000000a5700000, 0x00000000a5700000| Untracked 
| 600|0x00000000a5800000, 0x00000000a5800000, 0x00000000a5900000|  0%| F|  |TAMS 0x00000000a5800000, 0x00000000a5800000| Untracked 
| 601|0x00000000a5900000, 0x00000000a5900000, 0x00000000a5a00000|  0%| F|  |TAMS 0x00000000a5900000, 0x00000000a5900000| Untracked 
| 602|0x00000000a5a00000, 0x00000000a5a00000, 0x00000000a5b00000|  0%| F|  |TAMS 0x00000000a5a00000, 0x00000000a5a00000| Untracked 
| 603|0x00000000a5b00000, 0x00000000a5b00000, 0x00000000a5c00000|  0%| F|  |TAMS 0x00000000a5b00000, 0x00000000a5b00000| Untracked 
| 604|0x00000000a5c00000, 0x00000000a5c00000, 0x00000000a5d00000|  0%| F|  |TAMS 0x00000000a5c00000, 0x00000000a5c00000| Untracked 
| 605|0x00000000a5d00000, 0x00000000a5d00000, 0x00000000a5e00000|  0%| F|  |TAMS 0x00000000a5d00000, 0x00000000a5d00000| Untracked 
| 606|0x00000000a5e00000, 0x00000000a5e00000, 0x00000000a5f00000|  0%| F|  |TAMS 0x00000000a5e00000, 0x00000000a5e00000| Untracked 
| 607|0x00000000a5f00000, 0x00000000a5f00000, 0x00000000a6000000|  0%| F|  |TAMS 0x00000000a5f00000, 0x00000000a5f00000| Untracked 
| 608|0x00000000a6000000, 0x00000000a6000000, 0x00000000a6100000|  0%| F|  |TAMS 0x00000000a6000000, 0x00000000a6000000| Untracked 
| 609|0x00000000a6100000, 0x00000000a6100000, 0x00000000a6200000|  0%| F|  |TAMS 0x00000000a6100000, 0x00000000a6100000| Untracked 
| 610|0x00000000a6200000, 0x00000000a6200000, 0x00000000a6300000|  0%| F|  |TAMS 0x00000000a6200000, 0x00000000a6200000| Untracked 
| 611|0x00000000a6300000, 0x00000000a6300000, 0x00000000a6400000|  0%| F|  |TAMS 0x00000000a6300000, 0x00000000a6300000| Untracked 
| 612|0x00000000a6400000, 0x00000000a6400000, 0x00000000a6500000|  0%| F|  |TAMS 0x00000000a6400000, 0x00000000a6400000| Untracked 
| 613|0x00000000a6500000, 0x00000000a6500000, 0x00000000a6600000|  0%| F|  |TAMS 0x00000000a6500000, 0x00000000a6500000| Untracked 
| 614|0x00000000a6600000, 0x00000000a6600000, 0x00000000a6700000|  0%| F|  |TAMS 0x00000000a6600000, 0x00000000a6600000| Untracked 
| 615|0x00000000a6700000, 0x00000000a6700000, 0x00000000a6800000|  0%| F|  |TAMS 0x00000000a6700000, 0x00000000a6700000| Untracked 
| 616|0x00000000a6800000, 0x00000000a6800000, 0x00000000a6900000|  0%| F|  |TAMS 0x00000000a6800000, 0x00000000a6800000| Untracked 
| 617|0x00000000a6900000, 0x00000000a6900000, 0x00000000a6a00000|  0%| F|  |TAMS 0x00000000a6900000, 0x00000000a6900000| Untracked 
| 618|0x00000000a6a00000, 0x00000000a6a00000, 0x00000000a6b00000|  0%| F|  |TAMS 0x00000000a6a00000, 0x00000000a6a00000| Untracked 
| 619|0x00000000a6b00000, 0x00000000a6b00000, 0x00000000a6c00000|  0%| F|  |TAMS 0x00000000a6b00000, 0x00000000a6b00000| Untracked 
| 620|0x00000000a6c00000, 0x00000000a6c00000, 0x00000000a6d00000|  0%| F|  |TAMS 0x00000000a6c00000, 0x00000000a6c00000| Untracked 
| 621|0x00000000a6d00000, 0x00000000a6d00000, 0x00000000a6e00000|  0%| F|  |TAMS 0x00000000a6d00000, 0x00000000a6d00000| Untracked 
| 622|0x00000000a6e00000, 0x00000000a6e00000, 0x00000000a6f00000|  0%| F|  |TAMS 0x00000000a6e00000, 0x00000000a6e00000| Untracked 
| 623|0x00000000a6f00000, 0x00000000a6f00000, 0x00000000a7000000|  0%| F|  |TAMS 0x00000000a6f00000, 0x00000000a6f00000| Untracked 
| 624|0x00000000a7000000, 0x00000000a7000000, 0x00000000a7100000|  0%| F|  |TAMS 0x00000000a7000000, 0x00000000a7000000| Untracked 
| 625|0x00000000a7100000, 0x00000000a7100000, 0x00000000a7200000|  0%| F|  |TAMS 0x00000000a7100000, 0x00000000a7100000| Untracked 
| 626|0x00000000a7200000, 0x00000000a7200000, 0x00000000a7300000|  0%| F|  |TAMS 0x00000000a7200000, 0x00000000a7200000| Untracked 
| 627|0x00000000a7300000, 0x00000000a7300000, 0x00000000a7400000|  0%| F|  |TAMS 0x00000000a7300000, 0x00000000a7300000| Untracked 
| 628|0x00000000a7400000, 0x00000000a7400000, 0x00000000a7500000|  0%| F|  |TAMS 0x00000000a7400000, 0x00000000a7400000| Untracked 
| 629|0x00000000a7500000, 0x00000000a7500000, 0x00000000a7600000|  0%| F|  |TAMS 0x00000000a7500000, 0x00000000a7500000| Untracked 
| 630|0x00000000a7600000, 0x00000000a7600000, 0x00000000a7700000|  0%| F|  |TAMS 0x00000000a7600000, 0x00000000a7600000| Untracked 
| 631|0x00000000a7700000, 0x00000000a7700000, 0x00000000a7800000|  0%| F|  |TAMS 0x00000000a7700000, 0x00000000a7700000| Untracked 
| 632|0x00000000a7800000, 0x00000000a7800000, 0x00000000a7900000|  0%| F|  |TAMS 0x00000000a7800000, 0x00000000a7800000| Untracked 
| 633|0x00000000a7900000, 0x00000000a7900000, 0x00000000a7a00000|  0%| F|  |TAMS 0x00000000a7900000, 0x00000000a7900000| Untracked 
| 634|0x00000000a7a00000, 0x00000000a7a00000, 0x00000000a7b00000|  0%| F|  |TAMS 0x00000000a7a00000, 0x00000000a7a00000| Untracked 
| 635|0x00000000a7b00000, 0x00000000a7b00000, 0x00000000a7c00000|  0%| F|  |TAMS 0x00000000a7b00000, 0x00000000a7b00000| Untracked 
| 636|0x00000000a7c00000, 0x00000000a7c00000, 0x00000000a7d00000|  0%| F|  |TAMS 0x00000000a7c00000, 0x00000000a7c00000| Untracked 
| 637|0x00000000a7d00000, 0x00000000a7d00000, 0x00000000a7e00000|  0%| F|  |TAMS 0x00000000a7d00000, 0x00000000a7d00000| Untracked 
| 638|0x00000000a7e00000, 0x00000000a7e00000, 0x00000000a7f00000|  0%| F|  |TAMS 0x00000000a7e00000, 0x00000000a7e00000| Untracked 
| 639|0x00000000a7f00000, 0x00000000a7f00000, 0x00000000a8000000|  0%| F|  |TAMS 0x00000000a7f00000, 0x00000000a7f00000| Untracked 
| 640|0x00000000a8000000, 0x00000000a8000000, 0x00000000a8100000|  0%| F|  |TAMS 0x00000000a8000000, 0x00000000a8000000| Untracked 
| 641|0x00000000a8100000, 0x00000000a8100000, 0x00000000a8200000|  0%| F|  |TAMS 0x00000000a8100000, 0x00000000a8100000| Untracked 
| 642|0x00000000a8200000, 0x00000000a8200000, 0x00000000a8300000|  0%| F|  |TAMS 0x00000000a8200000, 0x00000000a8200000| Untracked 
| 643|0x00000000a8300000, 0x00000000a8300000, 0x00000000a8400000|  0%| F|  |TAMS 0x00000000a8300000, 0x00000000a8300000| Untracked 
| 644|0x00000000a8400000, 0x00000000a8400000, 0x00000000a8500000|  0%| F|  |TAMS 0x00000000a8400000, 0x00000000a8400000| Untracked 
| 645|0x00000000a8500000, 0x00000000a8500000, 0x00000000a8600000|  0%| F|  |TAMS 0x00000000a8500000, 0x00000000a8500000| Untracked 
| 646|0x00000000a8600000, 0x00000000a8600000, 0x00000000a8700000|  0%| F|  |TAMS 0x00000000a8600000, 0x00000000a8600000| Untracked 
| 647|0x00000000a8700000, 0x00000000a8700000, 0x00000000a8800000|  0%| F|  |TAMS 0x00000000a8700000, 0x00000000a8700000| Untracked 
| 648|0x00000000a8800000, 0x00000000a8800000, 0x00000000a8900000|  0%| F|  |TAMS 0x00000000a8800000, 0x00000000a8800000| Untracked 
| 649|0x00000000a8900000, 0x00000000a8900000, 0x00000000a8a00000|  0%| F|  |TAMS 0x00000000a8900000, 0x00000000a8900000| Untracked 
| 650|0x00000000a8a00000, 0x00000000a8a00000, 0x00000000a8b00000|  0%| F|  |TAMS 0x00000000a8a00000, 0x00000000a8a00000| Untracked 
| 651|0x00000000a8b00000, 0x00000000a8b00000, 0x00000000a8c00000|  0%| F|  |TAMS 0x00000000a8b00000, 0x00000000a8b00000| Untracked 
| 652|0x00000000a8c00000, 0x00000000a8c00000, 0x00000000a8d00000|  0%| F|  |TAMS 0x00000000a8c00000, 0x00000000a8c00000| Untracked 
| 653|0x00000000a8d00000, 0x00000000a8d00000, 0x00000000a8e00000|  0%| F|  |TAMS 0x00000000a8d00000, 0x00000000a8d00000| Untracked 
| 654|0x00000000a8e00000, 0x00000000a8e00000, 0x00000000a8f00000|  0%| F|  |TAMS 0x00000000a8e00000, 0x00000000a8e00000| Untracked 
| 655|0x00000000a8f00000, 0x00000000a8f00000, 0x00000000a9000000|  0%| F|  |TAMS 0x00000000a8f00000, 0x00000000a8f00000| Untracked 
| 656|0x00000000a9000000, 0x00000000a9000000, 0x00000000a9100000|  0%| F|  |TAMS 0x00000000a9000000, 0x00000000a9000000| Untracked 
| 657|0x00000000a9100000, 0x00000000a9100000, 0x00000000a9200000|  0%| F|  |TAMS 0x00000000a9100000, 0x00000000a9100000| Untracked 
| 658|0x00000000a9200000, 0x00000000a9200000, 0x00000000a9300000|  0%| F|  |TAMS 0x00000000a9200000, 0x00000000a9200000| Untracked 
| 659|0x00000000a9300000, 0x00000000a9300000, 0x00000000a9400000|  0%| F|  |TAMS 0x00000000a9300000, 0x00000000a9300000| Untracked 
| 660|0x00000000a9400000, 0x00000000a9400000, 0x00000000a9500000|  0%| F|  |TAMS 0x00000000a9400000, 0x00000000a9400000| Untracked 
| 661|0x00000000a9500000, 0x00000000a9500000, 0x00000000a9600000|  0%| F|  |TAMS 0x00000000a9500000, 0x00000000a9500000| Untracked 
| 662|0x00000000a9600000, 0x00000000a9600000, 0x00000000a9700000|  0%| F|  |TAMS 0x00000000a9600000, 0x00000000a9600000| Untracked 
| 663|0x00000000a9700000, 0x00000000a9700000, 0x00000000a9800000|  0%| F|  |TAMS 0x00000000a9700000, 0x00000000a9700000| Untracked 
| 664|0x00000000a9800000, 0x00000000a9800000, 0x00000000a9900000|  0%| F|  |TAMS 0x00000000a9800000, 0x00000000a9800000| Untracked 
| 665|0x00000000a9900000, 0x00000000a9900000, 0x00000000a9a00000|  0%| F|  |TAMS 0x00000000a9900000, 0x00000000a9900000| Untracked 
| 666|0x00000000a9a00000, 0x00000000a9a00000, 0x00000000a9b00000|  0%| F|  |TAMS 0x00000000a9a00000, 0x00000000a9a00000| Untracked 
| 667|0x00000000a9b00000, 0x00000000a9b00000, 0x00000000a9c00000|  0%| F|  |TAMS 0x00000000a9b00000, 0x00000000a9b00000| Untracked 
| 668|0x00000000a9c00000, 0x00000000a9c00000, 0x00000000a9d00000|  0%| F|  |TAMS 0x00000000a9c00000, 0x00000000a9c00000| Untracked 
| 669|0x00000000a9d00000, 0x00000000a9d00000, 0x00000000a9e00000|  0%| F|  |TAMS 0x00000000a9d00000, 0x00000000a9d00000| Untracked 
| 670|0x00000000a9e00000, 0x00000000a9e00000, 0x00000000a9f00000|  0%| F|  |TAMS 0x00000000a9e00000, 0x00000000a9e00000| Untracked 
| 671|0x00000000a9f00000, 0x00000000a9f00000, 0x00000000aa000000|  0%| F|  |TAMS 0x00000000a9f00000, 0x00000000a9f00000| Untracked 
| 672|0x00000000aa000000, 0x00000000aa000000, 0x00000000aa100000|  0%| F|  |TAMS 0x00000000aa000000, 0x00000000aa000000| Untracked 
| 673|0x00000000aa100000, 0x00000000aa100000, 0x00000000aa200000|  0%| F|  |TAMS 0x00000000aa100000, 0x00000000aa100000| Untracked 
| 674|0x00000000aa200000, 0x00000000aa200000, 0x00000000aa300000|  0%| F|  |TAMS 0x00000000aa200000, 0x00000000aa200000| Untracked 
| 675|0x00000000aa300000, 0x00000000aa300000, 0x00000000aa400000|  0%| F|  |TAMS 0x00000000aa300000, 0x00000000aa300000| Untracked 
| 676|0x00000000aa400000, 0x00000000aa400000, 0x00000000aa500000|  0%| F|  |TAMS 0x00000000aa400000, 0x00000000aa400000| Untracked 
| 677|0x00000000aa500000, 0x00000000aa500000, 0x00000000aa600000|  0%| F|  |TAMS 0x00000000aa500000, 0x00000000aa500000| Untracked 
| 678|0x00000000aa600000, 0x00000000aa600000, 0x00000000aa700000|  0%| F|  |TAMS 0x00000000aa600000, 0x00000000aa600000| Untracked 
| 679|0x00000000aa700000, 0x00000000aa700000, 0x00000000aa800000|  0%| F|  |TAMS 0x00000000aa700000, 0x00000000aa700000| Untracked 
| 680|0x00000000aa800000, 0x00000000aa800000, 0x00000000aa900000|  0%| F|  |TAMS 0x00000000aa800000, 0x00000000aa800000| Untracked 
| 681|0x00000000aa900000, 0x00000000aa900000, 0x00000000aaa00000|  0%| F|  |TAMS 0x00000000aa900000, 0x00000000aa900000| Untracked 
| 682|0x00000000aaa00000, 0x00000000aaa00000, 0x00000000aab00000|  0%| F|  |TAMS 0x00000000aaa00000, 0x00000000aaa00000| Untracked 
| 683|0x00000000aab00000, 0x00000000aab00000, 0x00000000aac00000|  0%| F|  |TAMS 0x00000000aab00000, 0x00000000aab00000| Untracked 
| 684|0x00000000aac00000, 0x00000000aac00000, 0x00000000aad00000|  0%| F|  |TAMS 0x00000000aac00000, 0x00000000aac00000| Untracked 
| 685|0x00000000aad00000, 0x00000000aad00000, 0x00000000aae00000|  0%| F|  |TAMS 0x00000000aad00000, 0x00000000aad00000| Untracked 
| 686|0x00000000aae00000, 0x00000000aae00000, 0x00000000aaf00000|  0%| F|  |TAMS 0x00000000aae00000, 0x00000000aae00000| Untracked 
| 687|0x00000000aaf00000, 0x00000000aaf00000, 0x00000000ab000000|  0%| F|  |TAMS 0x00000000aaf00000, 0x00000000aaf00000| Untracked 
| 688|0x00000000ab000000, 0x00000000ab000000, 0x00000000ab100000|  0%| F|  |TAMS 0x00000000ab000000, 0x00000000ab000000| Untracked 
| 689|0x00000000ab100000, 0x00000000ab100000, 0x00000000ab200000|  0%| F|  |TAMS 0x00000000ab100000, 0x00000000ab100000| Untracked 
| 690|0x00000000ab200000, 0x00000000ab200000, 0x00000000ab300000|  0%| F|  |TAMS 0x00000000ab200000, 0x00000000ab200000| Untracked 
| 691|0x00000000ab300000, 0x00000000ab300000, 0x00000000ab400000|  0%| F|  |TAMS 0x00000000ab300000, 0x00000000ab300000| Untracked 
| 692|0x00000000ab400000, 0x00000000ab400000, 0x00000000ab500000|  0%| F|  |TAMS 0x00000000ab400000, 0x00000000ab400000| Untracked 
| 693|0x00000000ab500000, 0x00000000ab500000, 0x00000000ab600000|  0%| F|  |TAMS 0x00000000ab500000, 0x00000000ab500000| Untracked 
| 694|0x00000000ab600000, 0x00000000ab600000, 0x00000000ab700000|  0%| F|  |TAMS 0x00000000ab600000, 0x00000000ab600000| Untracked 
| 695|0x00000000ab700000, 0x00000000ab700000, 0x00000000ab800000|  0%| F|  |TAMS 0x00000000ab700000, 0x00000000ab700000| Untracked 
| 696|0x00000000ab800000, 0x00000000ab800000, 0x00000000ab900000|  0%| F|  |TAMS 0x00000000ab800000, 0x00000000ab800000| Untracked 
| 697|0x00000000ab900000, 0x00000000ab900000, 0x00000000aba00000|  0%| F|  |TAMS 0x00000000ab900000, 0x00000000ab900000| Untracked 
| 698|0x00000000aba00000, 0x00000000aba00000, 0x00000000abb00000|  0%| F|  |TAMS 0x00000000aba00000, 0x00000000aba00000| Untracked 
| 699|0x00000000abb00000, 0x00000000abb00000, 0x00000000abc00000|  0%| F|  |TAMS 0x00000000abb00000, 0x00000000abb00000| Untracked 
| 700|0x00000000abc00000, 0x00000000abc00000, 0x00000000abd00000|  0%| F|  |TAMS 0x00000000abc00000, 0x00000000abc00000| Untracked 
| 701|0x00000000abd00000, 0x00000000abd00000, 0x00000000abe00000|  0%| F|  |TAMS 0x00000000abd00000, 0x00000000abd00000| Untracked 
| 702|0x00000000abe00000, 0x00000000abe00000, 0x00000000abf00000|  0%| F|  |TAMS 0x00000000abe00000, 0x00000000abe00000| Untracked 
| 703|0x00000000abf00000, 0x00000000abf3e9b8, 0x00000000ac000000| 24%| S|CS|TAMS 0x00000000abf00000, 0x00000000abf00000| Complete 
| 704|0x00000000ac000000, 0x00000000ac100000, 0x00000000ac100000|100%| S|CS|TAMS 0x00000000ac000000, 0x00000000ac000000| Complete 
| 705|0x00000000ac100000, 0x00000000ac200000, 0x00000000ac200000|100%| S|CS|TAMS 0x00000000ac100000, 0x00000000ac100000| Complete 
| 706|0x00000000ac200000, 0x00000000ac300000, 0x00000000ac300000|100%| S|CS|TAMS 0x00000000ac200000, 0x00000000ac200000| Complete 
| 707|0x00000000ac300000, 0x00000000ac400000, 0x00000000ac400000|100%| S|CS|TAMS 0x00000000ac300000, 0x00000000ac300000| Complete 
| 708|0x00000000ac400000, 0x00000000ac500000, 0x00000000ac500000|100%| S|CS|TAMS 0x00000000ac400000, 0x00000000ac400000| Complete 
| 709|0x00000000ac500000, 0x00000000ac600000, 0x00000000ac600000|100%| S|CS|TAMS 0x00000000ac500000, 0x00000000ac500000| Complete 
| 710|0x00000000ac600000, 0x00000000ac700000, 0x00000000ac700000|100%| S|CS|TAMS 0x00000000ac600000, 0x00000000ac600000| Complete 
| 711|0x00000000ac700000, 0x00000000ac800000, 0x00000000ac800000|100%| S|CS|TAMS 0x00000000ac700000, 0x00000000ac700000| Complete 
| 712|0x00000000ac800000, 0x00000000ac800000, 0x00000000ac900000|  0%| F|  |TAMS 0x00000000ac800000, 0x00000000ac800000| Untracked 
| 713|0x00000000ac900000, 0x00000000ac900000, 0x00000000aca00000|  0%| F|  |TAMS 0x00000000ac900000, 0x00000000ac900000| Untracked 
| 714|0x00000000aca00000, 0x00000000aca00000, 0x00000000acb00000|  0%| F|  |TAMS 0x00000000aca00000, 0x00000000aca00000| Untracked 
| 715|0x00000000acb00000, 0x00000000acb00000, 0x00000000acc00000|  0%| F|  |TAMS 0x00000000acb00000, 0x00000000acb00000| Untracked 
| 716|0x00000000acc00000, 0x00000000acc00000, 0x00000000acd00000|  0%| F|  |TAMS 0x00000000acc00000, 0x00000000acc00000| Untracked 
| 717|0x00000000acd00000, 0x00000000acd00000, 0x00000000ace00000|  0%| F|  |TAMS 0x00000000acd00000, 0x00000000acd00000| Untracked 
| 718|0x00000000ace00000, 0x00000000ace00000, 0x00000000acf00000|  0%| F|  |TAMS 0x00000000ace00000, 0x00000000ace00000| Untracked 
| 719|0x00000000acf00000, 0x00000000acf00000, 0x00000000ad000000|  0%| F|  |TAMS 0x00000000acf00000, 0x00000000acf00000| Untracked 
| 720|0x00000000ad000000, 0x00000000ad000000, 0x00000000ad100000|  0%| F|  |TAMS 0x00000000ad000000, 0x00000000ad000000| Untracked 
| 721|0x00000000ad100000, 0x00000000ad100000, 0x00000000ad200000|  0%| F|  |TAMS 0x00000000ad100000, 0x00000000ad100000| Untracked 
| 722|0x00000000ad200000, 0x00000000ad200000, 0x00000000ad300000|  0%| F|  |TAMS 0x00000000ad200000, 0x00000000ad200000| Untracked 
| 723|0x00000000ad300000, 0x00000000ad300000, 0x00000000ad400000|  0%| F|  |TAMS 0x00000000ad300000, 0x00000000ad300000| Untracked 
| 724|0x00000000ad400000, 0x00000000ad400000, 0x00000000ad500000|  0%| F|  |TAMS 0x00000000ad400000, 0x00000000ad400000| Untracked 
| 725|0x00000000ad500000, 0x00000000ad500000, 0x00000000ad600000|  0%| F|  |TAMS 0x00000000ad500000, 0x00000000ad500000| Untracked 
| 726|0x00000000ad600000, 0x00000000ad600000, 0x00000000ad700000|  0%| F|  |TAMS 0x00000000ad600000, 0x00000000ad600000| Untracked 
| 727|0x00000000ad700000, 0x00000000ad700000, 0x00000000ad800000|  0%| F|  |TAMS 0x00000000ad700000, 0x00000000ad700000| Untracked 
| 728|0x00000000ad800000, 0x00000000ad800000, 0x00000000ad900000|  0%| F|  |TAMS 0x00000000ad800000, 0x00000000ad800000| Untracked 
| 729|0x00000000ad900000, 0x00000000ad900000, 0x00000000ada00000|  0%| F|  |TAMS 0x00000000ad900000, 0x00000000ad900000| Untracked 
| 730|0x00000000ada00000, 0x00000000ada00000, 0x00000000adb00000|  0%| F|  |TAMS 0x00000000ada00000, 0x00000000ada00000| Untracked 
| 731|0x00000000adb00000, 0x00000000adb00000, 0x00000000adc00000|  0%| F|  |TAMS 0x00000000adb00000, 0x00000000adb00000| Untracked 
| 732|0x00000000adc00000, 0x00000000adc00000, 0x00000000add00000|  0%| F|  |TAMS 0x00000000adc00000, 0x00000000adc00000| Untracked 
| 733|0x00000000add00000, 0x00000000add00000, 0x00000000ade00000|  0%| F|  |TAMS 0x00000000add00000, 0x00000000add00000| Untracked 
| 734|0x00000000ade00000, 0x00000000ade00000, 0x00000000adf00000|  0%| F|  |TAMS 0x00000000ade00000, 0x00000000ade00000| Untracked 
| 735|0x00000000adf00000, 0x00000000adf00000, 0x00000000ae000000|  0%| F|  |TAMS 0x00000000adf00000, 0x00000000adf00000| Untracked 
| 736|0x00000000ae000000, 0x00000000ae000000, 0x00000000ae100000|  0%| F|  |TAMS 0x00000000ae000000, 0x00000000ae000000| Untracked 
| 737|0x00000000ae100000, 0x00000000ae100000, 0x00000000ae200000|  0%| F|  |TAMS 0x00000000ae100000, 0x00000000ae100000| Untracked 
| 738|0x00000000ae200000, 0x00000000ae200000, 0x00000000ae300000|  0%| F|  |TAMS 0x00000000ae200000, 0x00000000ae200000| Untracked 
| 739|0x00000000ae300000, 0x00000000ae300000, 0x00000000ae400000|  0%| F|  |TAMS 0x00000000ae300000, 0x00000000ae300000| Untracked 
| 740|0x00000000ae400000, 0x00000000ae400000, 0x00000000ae500000|  0%| F|  |TAMS 0x00000000ae400000, 0x00000000ae400000| Untracked 
| 741|0x00000000ae500000, 0x00000000ae500000, 0x00000000ae600000|  0%| F|  |TAMS 0x00000000ae500000, 0x00000000ae500000| Untracked 
| 742|0x00000000ae600000, 0x00000000ae600000, 0x00000000ae700000|  0%| F|  |TAMS 0x00000000ae600000, 0x00000000ae600000| Untracked 
| 743|0x00000000ae700000, 0x00000000ae700000, 0x00000000ae800000|  0%| F|  |TAMS 0x00000000ae700000, 0x00000000ae700000| Untracked 
| 744|0x00000000ae800000, 0x00000000ae800000, 0x00000000ae900000|  0%| F|  |TAMS 0x00000000ae800000, 0x00000000ae800000| Untracked 
| 745|0x00000000ae900000, 0x00000000ae900000, 0x00000000aea00000|  0%| F|  |TAMS 0x00000000ae900000, 0x00000000ae900000| Untracked 
| 746|0x00000000aea00000, 0x00000000aea00000, 0x00000000aeb00000|  0%| F|  |TAMS 0x00000000aea00000, 0x00000000aea00000| Untracked 
| 747|0x00000000aeb00000, 0x00000000aeb00000, 0x00000000aec00000|  0%| F|  |TAMS 0x00000000aeb00000, 0x00000000aeb00000| Untracked 
| 748|0x00000000aec00000, 0x00000000aec00000, 0x00000000aed00000|  0%| F|  |TAMS 0x00000000aec00000, 0x00000000aec00000| Untracked 
| 749|0x00000000aed00000, 0x00000000aed00000, 0x00000000aee00000|  0%| F|  |TAMS 0x00000000aed00000, 0x00000000aed00000| Untracked 
| 750|0x00000000aee00000, 0x00000000aee00000, 0x00000000aef00000|  0%| F|  |TAMS 0x00000000aee00000, 0x00000000aee00000| Untracked 
| 751|0x00000000aef00000, 0x00000000aef00000, 0x00000000af000000|  0%| F|  |TAMS 0x00000000aef00000, 0x00000000aef00000| Untracked 
| 752|0x00000000af000000, 0x00000000af000000, 0x00000000af100000|  0%| F|  |TAMS 0x00000000af000000, 0x00000000af000000| Untracked 
| 753|0x00000000af100000, 0x00000000af100000, 0x00000000af200000|  0%| F|  |TAMS 0x00000000af100000, 0x00000000af100000| Untracked 
| 754|0x00000000af200000, 0x00000000af200000, 0x00000000af300000|  0%| F|  |TAMS 0x00000000af200000, 0x00000000af200000| Untracked 
| 755|0x00000000af300000, 0x00000000af300000, 0x00000000af400000|  0%| F|  |TAMS 0x00000000af300000, 0x00000000af300000| Untracked 
| 756|0x00000000af400000, 0x00000000af400000, 0x00000000af500000|  0%| F|  |TAMS 0x00000000af400000, 0x00000000af400000| Untracked 
| 757|0x00000000af500000, 0x00000000af500000, 0x00000000af600000|  0%| F|  |TAMS 0x00000000af500000, 0x00000000af500000| Untracked 
| 758|0x00000000af600000, 0x00000000af600000, 0x00000000af700000|  0%| F|  |TAMS 0x00000000af600000, 0x00000000af600000| Untracked 
| 759|0x00000000af700000, 0x00000000af700000, 0x00000000af800000|  0%| F|  |TAMS 0x00000000af700000, 0x00000000af700000| Untracked 
| 760|0x00000000af800000, 0x00000000af800000, 0x00000000af900000|  0%| F|  |TAMS 0x00000000af800000, 0x00000000af800000| Untracked 
| 761|0x00000000af900000, 0x00000000af900000, 0x00000000afa00000|  0%| F|  |TAMS 0x00000000af900000, 0x00000000af900000| Untracked 
| 762|0x00000000afa00000, 0x00000000afa00000, 0x00000000afb00000|  0%| F|  |TAMS 0x00000000afa00000, 0x00000000afa00000| Untracked 
| 763|0x00000000afb00000, 0x00000000afb00000, 0x00000000afc00000|  0%| F|  |TAMS 0x00000000afb00000, 0x00000000afb00000| Untracked 
| 764|0x00000000afc00000, 0x00000000afc00000, 0x00000000afd00000|  0%| F|  |TAMS 0x00000000afc00000, 0x00000000afc00000| Untracked 
| 765|0x00000000afd00000, 0x00000000afd00000, 0x00000000afe00000|  0%| F|  |TAMS 0x00000000afd00000, 0x00000000afd00000| Untracked 

Card table byte_map: [0x0000014776940000,0x0000014776d40000] _byte_map_base: 0x0000014776540000

Marking Bits (Prev, Next): (CMBitMap*) 0x0000014763738bc0, (CMBitMap*) 0x0000014763738b88
 Prev Bits: [0x0000014779140000, 0x000001477b140000)
 Next Bits: [0x0000014777140000, 0x0000014779140000)

Polling page: 0x00000147616b0000

Metaspace:

Usage:
  Non-class:     92.17 MB capacity,    90.47 MB ( 98%) used,     1.34 MB (  1%) free+waste,   367.06 KB ( <1%) overhead. 
      Class:     14.92 MB capacity,    13.68 MB ( 92%) used,     1.08 MB (  7%) free+waste,   166.88 KB (  1%) overhead. 
       Both:    107.10 MB capacity,   104.16 MB ( 97%) used,     2.42 MB (  2%) free+waste,   533.94 KB ( <1%) overhead. 

Virtual space:
  Non-class space:       94.00 MB reserved,      92.25 MB ( 98%) committed 
      Class space:        1.00 GB reserved,      14.95 MB (  1%) committed 
             Both:        1.09 GB reserved,     107.20 MB ( 10%) committed 

Chunk freelists:
   Non-Class:  15.00 KB
       Class:  0 bytes
        Both:  15.00 KB

MaxMetaspaceSize: 17179869184.00 GB
CompressedClassSpaceSize: 1.00 GB
Initial GC threshold: 20.80 MB
Current GC threshold: 177.21 MB
CDS: off

CodeHeap 'non-profiled nmethods': size=120000Kb used=11924Kb max_used=11924Kb free=108075Kb
 bounds [0x000001476ece0000, 0x000001476f890000, 0x0000014776210000]
CodeHeap 'profiled nmethods': size=120000Kb used=30875Kb max_used=31431Kb free=89125Kb
 bounds [0x00000147677b0000, 0x0000014769670000, 0x000001476ece0000]
CodeHeap 'non-nmethods': size=5760Kb used=2422Kb max_used=2490Kb free=3337Kb
 bounds [0x0000014767210000, 0x0000014767490000, 0x00000147677b0000]
 total_blobs=15716 nmethods=14768 adapters=860
 compilation: enabled
              stopped_count=0, restarted_count=0
 full_count=0

Compilation events (20 events):
Event: 26.091 Thread 0x000001477e49e800 15711       3       com.android.tools.r8.graph.p0$a::<init> (279 bytes)
Event: 26.092 Thread 0x000001477e499000 nmethod 15708 0x000001476f884490 code [0x000001476f884620, 0x000001476f884818]
Event: 26.092 Thread 0x000001477e499000 15709       4       com.android.tools.r8.graph.A3$$Lambda$1714/0x0000000100eeb840::apply (16 bytes)
Event: 26.094 Thread 0x000001477e49e800 nmethod 15711 0x0000014767809090 code [0x0000014767809480, 0x000001476780b618]
Event: 26.094 Thread 0x000001477e499000 nmethod 15709 0x000001476f884910 code [0x000001476f884ac0, 0x000001476f884ba8]
Event: 26.094 Thread 0x000001477e499000 15710       4       com.android.tools.r8.graph.A3::a (88 bytes)
Event: 26.096 Thread 0x000001477e499000 nmethod 15710 0x000001476f884d10 code [0x000001476f884ec0, 0x000001476f884fd8]
Event: 26.098 Thread 0x000001477e49e800 15712       3       com.android.tools.r8.graph.p0::a (11 bytes)
Event: 26.098 Thread 0x000001477e49e800 nmethod 15712 0x0000014767cdaa10 code [0x0000014767cdabe0, 0x0000014767cdad88]
Event: 26.099 Thread 0x000001477e49e800 15713       3       com.android.tools.r8.graph.A3::a (20 bytes)
Event: 26.099 Thread 0x000001477e49e800 nmethod 15713 0x0000014767cda210 code [0x0000014767cda3e0, 0x0000014767cda8a8]
Event: 26.108 Thread 0x000001477e499000 15714       4       com.android.tools.r8.graph.A3::a (292 bytes)
Event: 26.117 Thread 0x000001477e49e800 15719       3       com.android.tools.r8.graph.R2::a (6 bytes)
Event: 26.117 Thread 0x000001477e49e800 nmethod 15719 0x0000014767cd9d10 code [0x0000014767cd9ec0, 0x0000014767cd9fe8]
Event: 26.117 Thread 0x000001477e49e800 15720       3       com.android.tools.r8.graph.R2::h (79 bytes)
Event: 26.118 Thread 0x000001477e49e800 nmethod 15720 0x0000014767807f90 code [0x0000014767808200, 0x0000014767808c98]
Event: 26.118 Thread 0x000001477e49e800 15721       3       com.android.tools.r8.graph.R2$$Lambda$1718/0x0000000100eec840::get$Lambda (10 bytes)
Event: 26.119 Thread 0x000001477e49e800 nmethod 15721 0x0000014767807a10 code [0x0000014767807be0, 0x0000014767807e98]
Event: 26.119 Thread 0x000001477e49e800 15722       3       com.android.tools.r8.graph.R2$$Lambda$1718/0x0000000100eec840::<init> (15 bytes)
Event: 26.119 Thread 0x000001477e49e800 nmethod 15722 0x0000014767807590 code [0x0000014767807740, 0x0000014767807958]

GC Heap History (20 events):
Event: 21.856 GC heap after
{Heap after GC invocations=37 (full 0):
 garbage-first heap   total 326656K, used 249910K [0x0000000080000000, 0x0000000100000000)
  region size 1024K, 4 young (4096K), 4 survivors (4096K)
 Metaspace       used 101002K, capacity 103726K, committed 104268K, reserved 1138688K
  class space    used 13107K, capacity 14230K, committed 14412K, reserved 1048576K
}
Event: 22.006 GC heap before
{Heap before GC invocations=37 (full 0):
 garbage-first heap   total 326656K, used 270390K [0x0000000080000000, 0x0000000100000000)
  region size 1024K, 25 young (25600K), 4 survivors (4096K)
 Metaspace       used 101019K, capacity 103726K, committed 104268K, reserved 1138688K
  class space    used 13108K, capacity 14230K, committed 14412K, reserved 1048576K
}
Event: 22.028 GC heap after
{Heap after GC invocations=38 (full 0):
 garbage-first heap   total 326656K, used 258527K [0x0000000080000000, 0x0000000100000000)
  region size 1024K, 4 young (4096K), 4 survivors (4096K)
 Metaspace       used 101019K, capacity 103726K, committed 104268K, reserved 1138688K
  class space    used 13108K, capacity 14230K, committed 14412K, reserved 1048576K
}
Event: 22.125 GC heap before
{Heap before GC invocations=39 (full 0):
 garbage-first heap   total 326656K, used 277983K [0x0000000080000000, 0x0000000100000000)
  region size 1024K, 21 young (21504K), 4 survivors (4096K)
 Metaspace       used 101019K, capacity 103726K, committed 104268K, reserved 1138688K
  class space    used 13108K, capacity 14230K, committed 14412K, reserved 1048576K
}
Event: 22.146 GC heap after
{Heap after GC invocations=40 (full 0):
 garbage-first heap   total 467968K, used 267449K [0x0000000080000000, 0x0000000100000000)
  region size 1024K, 3 young (3072K), 3 survivors (3072K)
 Metaspace       used 101019K, capacity 103726K, committed 104268K, reserved 1138688K
  class space    used 13108K, capacity 14230K, committed 14412K, reserved 1048576K
}
Event: 22.174 GC heap before
{Heap before GC invocations=40 (full 0):
 garbage-first heap   total 467968K, used 273593K [0x0000000080000000, 0x0000000100000000)
  region size 1024K, 10 young (10240K), 3 survivors (3072K)
 Metaspace       used 101019K, capacity 103726K, committed 104268K, reserved 1138688K
  class space    used 13108K, capacity 14230K, committed 14412K, reserved 1048576K
}
Event: 22.186 GC heap after
{Heap after GC invocations=41 (full 0):
 garbage-first heap   total 467968K, used 270317K [0x0000000080000000, 0x0000000100000000)
  region size 1024K, 6 young (6144K), 6 survivors (6144K)
 Metaspace       used 101019K, capacity 103726K, committed 104268K, reserved 1138688K
  class space    used 13108K, capacity 14230K, committed 14412K, reserved 1048576K
}
Event: 22.687 GC heap before
{Heap before GC invocations=42 (full 0):
 garbage-first heap   total 467968K, used 325613K [0x0000000080000000, 0x0000000100000000)
  region size 1024K, 58 young (59392K), 6 survivors (6144K)
 Metaspace       used 103390K, capacity 106266K, committed 106444K, reserved 1140736K
  class space    used 13611K, capacity 14795K, committed 14796K, reserved 1048576K
}
Event: 22.721 GC heap after
{Heap after GC invocations=43 (full 0):
 garbage-first heap   total 467968K, used 285629K [0x0000000080000000, 0x0000000100000000)
  region size 1024K, 8 young (8192K), 8 survivors (8192K)
 Metaspace       used 103390K, capacity 106266K, committed 106444K, reserved 1140736K
  class space    used 13611K, capacity 14795K, committed 14796K, reserved 1048576K
}
Event: 22.914 GC heap before
{Heap before GC invocations=43 (full 0):
 garbage-first heap   total 467968K, used 336829K [0x0000000080000000, 0x0000000100000000)
  region size 1024K, 59 young (60416K), 8 survivors (8192K)
 Metaspace       used 103491K, capacity 106340K, committed 106444K, reserved 1140736K
  class space    used 13611K, capacity 14795K, committed 14796K, reserved 1048576K
}
Event: 22.957 GC heap after
{Heap after GC invocations=44 (full 0):
 garbage-first heap   total 467968K, used 313554K [0x0000000080000000, 0x0000000100000000)
  region size 1024K, 8 young (8192K), 8 survivors (8192K)
 Metaspace       used 103491K, capacity 106340K, committed 106444K, reserved 1140736K
  class space    used 13611K, capacity 14795K, committed 14796K, reserved 1048576K
}
Event: 23.134 GC heap before
{Heap before GC invocations=44 (full 0):
 garbage-first heap   total 467968K, used 355538K [0x0000000080000000, 0x0000000100000000)
  region size 1024K, 50 young (51200K), 8 survivors (8192K)
 Metaspace       used 103504K, capacity 106341K, committed 106444K, reserved 1140736K
  class space    used 13611K, capacity 14795K, committed 14796K, reserved 1048576K
}
Event: 23.171 GC heap after
{Heap after GC invocations=45 (full 0):
 garbage-first heap   total 784384K, used 338431K [0x0000000080000000, 0x0000000100000000)
  region size 1024K, 7 young (7168K), 7 survivors (7168K)
 Metaspace       used 103504K, capacity 106341K, committed 106444K, reserved 1140736K
  class space    used 13611K, capacity 14795K, committed 14796K, reserved 1048576K
}
Event: 23.869 GC heap before
{Heap before GC invocations=46 (full 0):
 garbage-first heap   total 784384K, used 466431K [0x0000000080000000, 0x0000000100000000)
  region size 1024K, 135 young (138240K), 7 survivors (7168K)
 Metaspace       used 103545K, capacity 106405K, committed 106444K, reserved 1140736K
  class space    used 13611K, capacity 14795K, committed 14796K, reserved 1048576K
}
Event: 23.942 GC heap after
{Heap after GC invocations=47 (full 0):
 garbage-first heap   total 784384K, used 407039K [0x0000000080000000, 0x0000000100000000)
  region size 1024K, 17 young (17408K), 17 survivors (17408K)
 Metaspace       used 103545K, capacity 106405K, committed 106444K, reserved 1140736K
  class space    used 13611K, capacity 14795K, committed 14796K, reserved 1048576K
}
Event: 24.207 GC heap before
{Heap before GC invocations=47 (full 0):
 garbage-first heap   total 784384K, used 488959K [0x0000000080000000, 0x0000000100000000)
  region size 1024K, 99 young (101376K), 17 survivors (17408K)
 Metaspace       used 103546K, capacity 106405K, committed 106444K, reserved 1140736K
  class space    used 13611K, capacity 14795K, committed 14796K, reserved 1048576K
}
Event: 24.269 GC heap after
{Heap after GC invocations=48 (full 0):
 garbage-first heap   total 784384K, used 454143K [0x0000000080000000, 0x0000000100000000)
  region size 1024K, 16 young (16384K), 16 survivors (16384K)
 Metaspace       used 103546K, capacity 106405K, committed 106444K, reserved 1140736K
  class space    used 13611K, capacity 14795K, committed 14796K, reserved 1048576K
}
Event: 25.303 GC heap before
{Heap before GC invocations=48 (full 0):
 garbage-first heap   total 784384K, used 552447K [0x0000000080000000, 0x0000000100000000)
  region size 1024K, 111 young (113664K), 16 survivors (16384K)
 Metaspace       used 105931K, capacity 108808K, committed 109132K, reserved 1142784K
  class space    used 13899K, capacity 15081K, committed 15180K, reserved 1048576K
}
Event: 25.336 GC heap after
{Heap after GC invocations=49 (full 0):
 garbage-first heap   total 784384K, used 468479K [0x0000000080000000, 0x0000000100000000)
  region size 1024K, 10 young (10240K), 10 survivors (10240K)
 Metaspace       used 105931K, capacity 108808K, committed 109132K, reserved 1142784K
  class space    used 13899K, capacity 15081K, committed 15180K, reserved 1048576K
}
Event: 26.127 GC heap before
{Heap before GC invocations=50 (full 0):
 garbage-first heap   total 784384K, used 522751K [0x0000000080000000, 0x0000000100000000)
  region size 1024K, 64 young (65536K), 10 survivors (10240K)
 Metaspace       used 106657K, capacity 109668K, committed 109772K, reserved 1144832K
  class space    used 14011K, capacity 15283K, committed 15308K, reserved 1048576K
}

Deoptimization events (20 events):
Event: 25.618 Thread 0x000001470093a800 Uncommon trap: trap_request=0xffffffde fr.pc=0x000001476ee32f3c relative=0x00000000000006bc
Event: 25.618 Thread 0x000001470093a800 Uncommon trap: reason=class_check action=maybe_recompile pc=0x000001476ee32f3c method=com.android.tools.r8.graph.P2.b(Ljava/util/function/Predicate;Ljava/util/function/Consumer;Lcom/android/tools/r8/graph/p0;)V @ 12 c2
Event: 25.618 Thread 0x000001470093a800 DEOPT PACKING pc=0x000001476ee32f3c sp=0x0000000f70efc690
Event: 25.618 Thread 0x000001470093a800 DEOPT UNPACKING pc=0x000001476725a1af sp=0x0000000f70efc5f8 mode 2
Event: 25.619 Thread 0x000001470093a800 Uncommon trap: trap_request=0xffffffde fr.pc=0x000001476ee459dc relative=0x000000000000067c
Event: 25.619 Thread 0x000001470093a800 Uncommon trap: reason=class_check action=maybe_recompile pc=0x000001476ee459dc method=com.android.tools.r8.graph.P2.b(Ljava/util/function/Predicate;Ljava/util/function/Consumer;Lcom/android/tools/r8/graph/p0;)V @ 12 c2
Event: 25.619 Thread 0x000001470093a800 DEOPT PACKING pc=0x000001476ee459dc sp=0x0000000f70efc600
Event: 25.619 Thread 0x000001470093a800 DEOPT UNPACKING pc=0x000001476725a1af sp=0x0000000f70efc5e8 mode 2
Event: 25.725 Thread 0x000001470093a800 DEOPT PACKING pc=0x00000147678a2e2f sp=0x0000000f70efce00
Event: 25.725 Thread 0x000001470093a800 DEOPT UNPACKING pc=0x000001476725a95e sp=0x0000000f70efc378 mode 0
Event: 25.738 Thread 0x000001470093a800 DEOPT PACKING pc=0x00000147678a2e2f sp=0x0000000f70efcc40
Event: 25.738 Thread 0x000001470093a800 DEOPT UNPACKING pc=0x000001476725a95e sp=0x0000000f70efc1b8 mode 0
Event: 25.756 Thread 0x000001470093a800 DEOPT PACKING pc=0x00000147678a2e2f sp=0x0000000f70efcc40
Event: 25.756 Thread 0x000001470093a800 DEOPT UNPACKING pc=0x000001476725a95e sp=0x0000000f70efc1b8 mode 0
Event: 25.761 Thread 0x000001470093a800 Uncommon trap: trap_request=0xffffff4d fr.pc=0x000001476f854c94 relative=0x0000000000000154
Event: 25.761 Thread 0x000001470093a800 Uncommon trap: reason=unstable_if action=reinterpret pc=0x000001476f854c94 method=java.util.IdentityHashMap.maskNull(Ljava/lang/Object;)Ljava/lang/Object; @ 1 c2
Event: 25.761 Thread 0x000001470093a800 DEOPT PACKING pc=0x000001476f854c94 sp=0x0000000f70efc240
Event: 25.761 Thread 0x000001470093a800 DEOPT UNPACKING pc=0x000001476725a1af sp=0x0000000f70efc168 mode 2
Event: 25.766 Thread 0x000001470093a800 DEOPT PACKING pc=0x00000147678a2e2f sp=0x0000000f70efcde0
Event: 25.766 Thread 0x000001470093a800 DEOPT UNPACKING pc=0x000001476725a95e sp=0x0000000f70efc358 mode 0

Classes redefined (0 events):
No events

Internal exceptions (20 events):
Event: 22.317 Thread 0x0000014703122000 Exception <a 'java/lang/IncompatibleClassChangeError'{0x000000009b1cfe70}: Found class java.lang.Object, but interface was expected> (0x000000009b1cfe70) thrown at [src/hotspot/share/interpreter/linkResolver.cpp, line 839]
Event: 22.324 Thread 0x0000014703123800 Exception <a 'java/lang/IncompatibleClassChangeError'{0x000000009ac564a0}: Found class java.lang.Object, but interface was expected> (0x000000009ac564a0) thrown at [src/hotspot/share/interpreter/linkResolver.cpp, line 839]
Event: 22.324 Thread 0x0000014703122000 Exception <a 'java/lang/IncompatibleClassChangeError'{0x000000009ab14158}: Found class java.lang.Object, but interface was expected> (0x000000009ab14158) thrown at [src/hotspot/share/interpreter/linkResolver.cpp, line 839]
Event: 22.325 Thread 0x0000014703123800 Exception <a 'java/lang/IncompatibleClassChangeError'{0x000000009ac6ed80}: Found class java.lang.Object, but interface was expected> (0x000000009ac6ed80) thrown at [src/hotspot/share/interpreter/linkResolver.cpp, line 839]
Event: 22.485 Thread 0x0000014703121000 Exception <a 'java/lang/NoSuchMethodError'{0x0000000099f70138}: 'long java.lang.invoke.DirectMethodHandle$Holder.invokeStatic(java.lang.Object, java.lang.Object, java.lang.Object)'> (0x0000000099f70138) thrown at [src/hotspot/share/interpreter/linkResolver.cpp, line 773]
Event: 22.485 Thread 0x0000014703124800 Exception <a 'java/lang/NoSuchMethodError'{0x0000000099f7f3b8}: 'long java.lang.invoke.DirectMethodHandle$Holder.invokeStatic(java.lang.Object, java.lang.Object, java.lang.Object)'> (0x0000000099f7f3b8) thrown at [src/hotspot/share/interpreter/linkResolver.cpp, line 773]
Event: 22.486 Thread 0x0000014703125800 Exception <a 'java/lang/NoSuchMethodError'{0x000000009ad8e090}: 'long java.lang.invoke.DirectMethodHandle$Holder.invokeStatic(java.lang.Object, java.lang.Object, java.lang.Object)'> (0x000000009ad8e090) thrown at [src/hotspot/share/interpreter/linkResolver.cpp, line 773]
Event: 22.486 Thread 0x0000014703128000 Exception <a 'java/lang/NoSuchMethodError'{0x000000009b2c4160}: 'long java.lang.invoke.DirectMethodHandle$Holder.invokeStatic(java.lang.Object, java.lang.Object, java.lang.Object)'> (0x000000009b2c4160) thrown at [src/hotspot/share/interpreter/linkResolver.cpp, line 773]
Event: 22.486 Thread 0x0000014703127000 Exception <a 'java/lang/NoSuchMethodError'{0x0000000099d96428}: 'long java.lang.invoke.DirectMethodHandle$Holder.invokeStatic(java.lang.Object, java.lang.Object, java.lang.Object)'> (0x0000000099d96428) thrown at [src/hotspot/share/interpreter/linkResolver.cpp, line 773]
Event: 24.617 Thread 0x000001470093a800 Exception <a 'java/lang/NoSuchMethodError'{0x00000000adf5e1b0}: 'void java.lang.invoke.DirectMethodHandle$Holder.invokeStatic(java.lang.Object, java.lang.Object, java.lang.Object, int)'> (0x00000000adf5e1b0) thrown at [src/hotspot/share/interpreter/linkResolver.cpp, line 773]
Event: 24.619 Thread 0x000001470093a800 Exception <a 'java/lang/IncompatibleClassChangeError'{0x00000000adf67658}: Found class java.lang.Object, but interface was expected> (0x00000000adf67658) thrown at [src/hotspot/share/interpreter/linkResolver.cpp, line 839]
Event: 25.449 Thread 0x000001470093a800 Implicit null exception at 0x000001476ed0c8b6 to 0x000001476ed0d804
Event: 25.478 Thread 0x000001470093a800 Implicit null exception at 0x000001476f7958a2 to 0x000001476f7961f0
Event: 25.553 Thread 0x000001470093a800 Exception <a 'java/lang/IncompatibleClassChangeError'{0x00000000af151970}: Found class java.lang.Object, but interface was expected> (0x00000000af151970) thrown at [src/hotspot/share/interpreter/linkResolver.cpp, line 839]
Event: 25.572 Thread 0x000001470093a800 Exception <a 'java/lang/NoSuchMethodError'{0x00000000af035738}: 'long java.lang.invoke.DirectMethodHandle$Holder.invokeStatic(java.lang.Object, java.lang.Object)'> (0x00000000af035738) thrown at [src/hotspot/share/interpreter/linkResolver.cpp, line 773]
Event: 25.586 Thread 0x000001470093a800 Exception <a 'java/lang/NoSuchMethodError'{0x00000000af0901c0}: 'java.lang.Object java.lang.invoke.Invokers$Holder.linkToTargetMethod(java.lang.Object, int, java.lang.Object, java.lang.Object, java.lang.Object, java.lang.Object)'> (0x00000000af0901c0) thrown at [src/hotspot/share/interpreter/linkResolver.cpp, line 773]
Event: 25.587 Thread 0x000001470093a800 Exception <a 'java/lang/NoSuchMethodError'{0x00000000af09a9f8}: 'java.lang.Object java.lang.invoke.DirectMethodHandle$Holder.invokeStatic(java.lang.Object, int, java.lang.Object, java.lang.Object)'> (0x00000000af09a9f8) thrown at [src/hotspot/share/interpreter/linkResolver.cpp, line 773]
Event: 25.587 Thread 0x000001470093a800 Exception <a 'java/lang/NoSuchMethodError'{0x00000000af09e538}: 'java.lang.Object java.lang.invoke.DirectMethodHandle$Holder.invokeSpecial(java.lang.Object, java.lang.Object, int, java.lang.Object, java.lang.Object)'> (0x00000000af09e538) thrown at [src/hotspot/share/interpreter/linkResolver.cpp, line 773]
Event: 25.715 Thread 0x000001470093a800 Exception <a 'java/lang/NoSuchMethodError'{0x00000000ae9804f8}: 'void java.lang.invoke.DirectMethodHandle$Holder.invokeStatic(java.lang.Object, java.lang.Object, java.lang.Object, java.lang.Object, java.lang.Object, java.lang.Object, java.lang.Object, java.lang.Object)'> (0x00000000ae9804f8) thrown at [src/hotspot/share/interpreter/linkResolver.cpp, line 773]
Event: 25.761 Thread 0x000001470093a800 Implicit null exception at 0x000001476f854b72 to 0x000001476f854c80

Events (20 events):
Event: 25.758 loading class com/android/tools/r8/graph/A3 done
Event: 25.758 loading class com/android/tools/r8/graph/K
Event: 25.758 loading class com/android/tools/r8/graph/K done
Event: 25.758 loading class com/android/tools/r8/graph/a1
Event: 25.758 loading class com/android/tools/r8/graph/a1 done
Event: 25.758 loading class com/android/tools/r8/graph/A3
Event: 25.758 loading class com/android/tools/r8/graph/A3 done
Event: 25.759 loading class com/android/tools/r8/graph/p0
Event: 25.759 loading class com/android/tools/r8/graph/p0 done
Event: 25.759 loading class com/android/tools/r8/graph/p0
Event: 25.759 loading class com/android/tools/r8/graph/p0 done
Event: 25.759 loading class com/android/tools/r8/graph/A3
Event: 25.759 loading class com/android/tools/r8/graph/A3 done
Event: 25.769 loading class com/android/tools/r8/graph/R2
Event: 25.769 loading class com/android/tools/r8/graph/R2 done
Event: 25.769 loading class com/android/tools/r8/graph/Y0
Event: 25.769 loading class com/android/tools/r8/graph/Y0 done
Event: 25.769 loading class com/android/tools/r8/graph/R2
Event: 25.769 loading class com/android/tools/r8/graph/R2 done
Event: 26.127 Executing VM operation: G1CollectForAllocation


Dynamic libraries:
0x00007ff7a6a30000 - 0x00007ff7a6a3a000 	C:\Program Files\Android\Android Studio\jbr\bin\java.exe
0x00007ffdb1410000 - 0x00007ffdb1627000 	C:\WINDOWS\SYSTEM32\ntdll.dll
0x00007ffdaff20000 - 0x00007ffdaffe4000 	C:\WINDOWS\System32\KERNEL32.DLL
0x00007ffdae830000 - 0x00007ffdaebe9000 	C:\WINDOWS\System32\KERNELBASE.dll
0x00007ffdaeeb0000 - 0x00007ffdaefc1000 	C:\WINDOWS\System32\ucrtbase.dll
0x00007ffd9ccf0000 - 0x00007ffd9cd0b000 	C:\Program Files\Android\Android Studio\jbr\bin\VCRUNTIME140.dll
0x00007ffd8e4a0000 - 0x00007ffd8e4b7000 	C:\Program Files\Android\Android Studio\jbr\bin\jli.dll
0x00007ffdaf660000 - 0x00007ffdaf80e000 	C:\WINDOWS\System32\USER32.dll
0x00007ffdaec20000 - 0x00007ffdaec46000 	C:\WINDOWS\System32\win32u.dll
0x00007ffd8e770000 - 0x00007ffd8ea02000 	C:\WINDOWS\WinSxS\amd64_microsoft.windows.common-controls_6595b64144ccf1df_6.0.22621.4391_none_2715d37f73803e96\COMCTL32.dll
0x00007ffdb09c0000 - 0x00007ffdb09e9000 	C:\WINDOWS\System32\GDI32.dll
0x00007ffdaf930000 - 0x00007ffdaf9d7000 	C:\WINDOWS\System32\msvcrt.dll
0x00007ffdae710000 - 0x00007ffdae82b000 	C:\WINDOWS\System32\gdi32full.dll
0x00007ffdaefd0000 - 0x00007ffdaf06a000 	C:\WINDOWS\System32\msvcp_win.dll
0x00007ffdb1290000 - 0x00007ffdb12c1000 	C:\WINDOWS\System32\IMM32.DLL
0x00007ffda6870000 - 0x00007ffda687c000 	C:\Program Files\Android\Android Studio\jbr\bin\vcruntime140_1.dll
0x00007ffd87070000 - 0x00007ffd870fd000 	C:\Program Files\Android\Android Studio\jbr\bin\msvcp140.dll
0x00007ffd26760000 - 0x00007ffd2731c000 	C:\Program Files\Android\Android Studio\jbr\bin\server\jvm.dll
0x00007ffdaf2f0000 - 0x00007ffdaf3a2000 	C:\WINDOWS\System32\ADVAPI32.dll
0x00007ffdaf9e0000 - 0x00007ffdafa87000 	C:\WINDOWS\System32\sechost.dll
0x00007ffdaebf0000 - 0x00007ffdaec18000 	C:\WINDOWS\System32\bcrypt.dll
0x00007ffdaf810000 - 0x00007ffdaf924000 	C:\WINDOWS\System32\RPCRT4.dll
0x00007ffdaff10000 - 0x00007ffdaff18000 	C:\WINDOWS\System32\PSAPI.DLL
0x00007ffd9ed10000 - 0x00007ffd9ed19000 	C:\WINDOWS\SYSTEM32\WSOCK32.dll
0x00007ffdafff0000 - 0x00007ffdb0061000 	C:\WINDOWS\System32\WS2_32.dll
0x00007ffda4030000 - 0x00007ffda4064000 	C:\WINDOWS\SYSTEM32\WINMM.dll
0x00007ffda2b80000 - 0x00007ffda2b8a000 	C:\WINDOWS\SYSTEM32\VERSION.dll
0x00007ffdad750000 - 0x00007ffdad768000 	C:\WINDOWS\SYSTEM32\kernel.appcore.dll
0x00007ffd8e510000 - 0x00007ffd8e520000 	C:\Program Files\Android\Android Studio\jbr\bin\verify.dll
0x00007ffdac020000 - 0x00007ffdac252000 	C:\WINDOWS\SYSTEM32\DBGHELP.DLL
0x00007ffdb0180000 - 0x00007ffdb050f000 	C:\WINDOWS\System32\combase.dll
0x00007ffdb07c0000 - 0x00007ffdb0897000 	C:\WINDOWS\System32\OLEAUT32.dll
0x00007ffda3010000 - 0x00007ffda3042000 	C:\WINDOWS\SYSTEM32\dbgcore.DLL
0x00007ffdaee30000 - 0x00007ffdaeeab000 	C:\WINDOWS\System32\bcryptPrimitives.dll
0x00007ffd8e4e0000 - 0x00007ffd8e508000 	C:\Program Files\Android\Android Studio\jbr\bin\java.dll
0x00007ffd8e4d0000 - 0x00007ffd8e4da000 	C:\Program Files\Android\Android Studio\jbr\bin\jimage.dll
0x00007ffd8e4c0000 - 0x00007ffd8e4ce000 	C:\Program Files\Android\Android Studio\jbr\bin\instrument.dll
0x00007ffd8e480000 - 0x00007ffd8e498000 	C:\Program Files\Android\Android Studio\jbr\bin\zip.dll
0x00007ffdb09f0000 - 0x00007ffdb1266000 	C:\WINDOWS\System32\SHELL32.dll
0x00007ffdac650000 - 0x00007ffdacf53000 	C:\WINDOWS\SYSTEM32\windows.storage.dll
0x00007ffdac3a0000 - 0x00007ffdac4df000 	C:\WINDOWS\SYSTEM32\wintypes.dll
0x00007ffdb08c0000 - 0x00007ffdb09b9000 	C:\WINDOWS\System32\SHCORE.dll
0x00007ffdaf600000 - 0x00007ffdaf65e000 	C:\WINDOWS\System32\shlwapi.dll
0x00007ffdae640000 - 0x00007ffdae66b000 	C:\WINDOWS\SYSTEM32\profapi.dll
0x00007ffd8e430000 - 0x00007ffd8e43a000 	C:\Program Files\Android\Android Studio\jbr\bin\management.dll
0x00007ffd8e420000 - 0x00007ffd8e42b000 	C:\Program Files\Android\Android Studio\jbr\bin\management_ext.dll
0x00007ffd8e460000 - 0x00007ffd8e479000 	C:\Program Files\Android\Android Studio\jbr\bin\net.dll
0x00007ffda3c10000 - 0x00007ffda3d46000 	C:\WINDOWS\SYSTEM32\WINHTTP.dll
0x00007ffdadbd0000 - 0x00007ffdadc39000 	C:\WINDOWS\system32\mswsock.dll
0x00007ffd8e440000 - 0x00007ffd8e453000 	C:\Program Files\Android\Android Studio\jbr\bin\nio.dll
0x00007ffd693e0000 - 0x00007ffd693f7000 	C:\WINDOWS\system32\napinsp.dll
0x00007ffd693c0000 - 0x00007ffd693db000 	C:\WINDOWS\system32\pnrpnsp.dll
0x00007ffdad230000 - 0x00007ffdad332000 	C:\WINDOWS\SYSTEM32\DNSAPI.dll
0x00007ffdad1c0000 - 0x00007ffdad1ed000 	C:\WINDOWS\SYSTEM32\IPHLPAPI.DLL
0x00007ffdb0510000 - 0x00007ffdb0519000 	C:\WINDOWS\System32\NSI.dll
0x00007ffd69400000 - 0x00007ffd69411000 	C:\WINDOWS\System32\winrnr.dll
0x00007ffda3fc0000 - 0x00007ffda3fd5000 	C:\WINDOWS\system32\wshbth.dll
0x00007ffd73e70000 - 0x00007ffd73e97000 	C:\WINDOWS\system32\nlansp_c.dll
0x00007ffda07a0000 - 0x00007ffda07aa000 	C:\Windows\System32\rasadhlp.dll
0x00007ffda2af0000 - 0x00007ffda2b73000 	C:\WINDOWS\System32\fwpuclnt.dll
0x00007ffd8fb70000 - 0x00007ffd8fb97000 	C:\Users\Lenovo\.gradle\native\e1d6ef7f7dcc3fd88c89a11ec53ec762bb8ba0a96d01ffa2cd45eb1d1d8dd5c5\windows-amd64\native-platform.dll
0x00007ffd77bf0000 - 0x00007ffd77d34000 	C:\Users\Lenovo\.gradle\native\0d407fdbe67a94daf76414ababcb853783967236a71b16ec16e742cd7a986fd3\windows-amd64\native-platform-file-events.dll
0x00007ffdade20000 - 0x00007ffdade3b000 	C:\WINDOWS\SYSTEM32\CRYPTSP.dll
0x00007ffdad6b0000 - 0x00007ffdad6e5000 	C:\WINDOWS\system32\rsaenh.dll
0x00007ffdadcc0000 - 0x00007ffdadce8000 	C:\WINDOWS\SYSTEM32\USERENV.dll
0x00007ffdade40000 - 0x00007ffdade4c000 	C:\WINDOWS\SYSTEM32\CRYPTBASE.dll
0x00007ffda38f0000 - 0x00007ffda3909000 	C:\WINDOWS\SYSTEM32\dhcpcsvc6.DLL
0x00007ffda38d0000 - 0x00007ffda38ef000 	C:\WINDOWS\SYSTEM32\dhcpcsvc.DLL

dbghelp: loaded successfully - version: 4.0.5 - missing functions: none
symbol engine: initialized successfully - sym options: 0x614 - pdb path: .;C:\Program Files\Android\Android Studio\jbr\bin;C:\WINDOWS\SYSTEM32;C:\WINDOWS\WinSxS\amd64_microsoft.windows.common-controls_6595b64144ccf1df_6.0.22621.4391_none_2715d37f73803e96;C:\Program Files\Android\Android Studio\jbr\bin\server;C:\Users\Lenovo\.gradle\native\e1d6ef7f7dcc3fd88c89a11ec53ec762bb8ba0a96d01ffa2cd45eb1d1d8dd5c5\windows-amd64;C:\Users\Lenovo\.gradle\native\0d407fdbe67a94daf76414ababcb853783967236a71b16ec16e742cd7a986fd3\windows-amd64

VM Arguments:
jvm_args: -javaagent:C:\Program Files\Android\Android Studio\plugins\android\resources\trace_agent.jar=C:\Users\Lenovo\AppData\Local\Temp\sync.trace.profile --add-opens=java.base/java.util=ALL-UNNAMED --add-opens=java.base/java.lang=ALL-UNNAMED --add-opens=java.base/java.lang.invoke=ALL-UNNAMED --add-opens=java.base/java.util=ALL-UNNAMED --add-opens=java.prefs/java.util.prefs=ALL-UNNAMED --add-opens=java.prefs/java.util.prefs=ALL-UNNAMED --add-opens=java.base/java.nio.charset=ALL-UNNAMED --add-opens=java.base/java.net=ALL-UNNAMED --add-opens=java.base/java.util.concurrent.atomic=ALL-UNNAMED -Xmx2048m -Dfile.encoding=UTF-8 -Duser.country=IN -Duser.language=en -Duser.variant 
java_command: org.gradle.launcher.daemon.bootstrap.GradleDaemon 7.5
java_class_path (initial): C:\Users\Lenovo\.gradle\wrapper\dists\gradle-7.5-bin\f1w0cc9nuo0eivz97x2xlu9sv\gradle-7.5\lib\gradle-launcher-7.5.jar
Launcher Type: SUN_STANDARD

[Global flags]
     intx CICompilerCount                          = 4                                         {product} {ergonomic}
     uint ConcGCThreads                            = 2                                         {product} {ergonomic}
     uint G1ConcRefinementThreads                  = 8                                         {product} {ergonomic}
   size_t G1HeapRegionSize                         = 1048576                                   {product} {ergonomic}
    uintx GCDrainStackTargetSize                   = 64                                        {product} {ergonomic}
   size_t InitialHeapSize                          = 264241152                                 {product} {ergonomic}
   size_t MarkStackSize                            = 4194304                                   {product} {ergonomic}
   size_t MaxHeapSize                              = 2147483648                                {product} {command line}
   size_t MaxNewSize                               = 1287651328                                {product} {ergonomic}
   size_t MinHeapDeltaBytes                        = 1048576                                   {product} {ergonomic}
    uintx NonNMethodCodeHeapSize                   = 5836300                                {pd product} {ergonomic}
    uintx NonProfiledCodeHeapSize                  = 122910970                              {pd product} {ergonomic}
    uintx ProfiledCodeHeapSize                     = 122910970                              {pd product} {ergonomic}
    uintx ReservedCodeCacheSize                    = 251658240                              {pd product} {ergonomic}
     bool SegmentedCodeCache                       = true                                      {product} {ergonomic}
     bool UseCompressedClassPointers               = true                                 {lp64_product} {ergonomic}
     bool UseCompressedOops                        = true                                 {lp64_product} {ergonomic}
     bool UseG1GC                                  = true                                      {product} {ergonomic}
     bool UseLargePagesIndividualAllocation        = false                                  {pd product} {ergonomic}

Logging:
Log output configuration:
 #0: stdout all=warning uptime,level,tags
 #1: stderr all=off uptime,level,tags

Environment Variables:
PATH=C:\Program Files\Eclipse Adoptium\jdk-11.0.22.7-hotspot\bin;C:\Python312\Scripts\;C:\Python312\;C:\WINDOWS\system32;C:\WINDOWS;C:\WINDOWS\System32\Wbem;C:\WINDOWS\System32\WindowsPowerShell\v1.0\;C:\WINDOWS\System32\OpenSSH\;C:\Program Files\nodejs\;C:\ProgramData\chocolatey\bin;C:\Program Files\dotnet\;C:\Program Files\Git\cmd;C:\Users\Lenovo\AppData\Local\Microsoft\WindowsApps;C:\Users\Lenovo\AppData\Roaming\npm
USERNAME=Lenovo
OS=Windows_NT
PROCESSOR_IDENTIFIER=Intel64 Family 6 Model 142 Stepping 12, GenuineIntel



---------------  S Y S T E M  ---------------

OS: Windows 11 , 64 bit Build 22621 (10.0.22621.4391)
OS uptime: 11 days 0:49 hours

CPU:total 8 (initial active 8) (4 cores per cpu, 2 threads per core) family 6 model 142 stepping 12 microcode 0xf0, cmov, cx8, fxsr, mmx, sse, sse2, sse3, ssse3, sse4.1, sse4.2, popcnt, avx, avx2, aes, clmul, erms, 3dnowpref, lzcnt, ht, tsc, tscinvbit, bmi1, bmi2, adx, fma

Memory: 4k page, system-wide physical 16120M (520M free)
TotalPageFile size 33876M (AvailPageFile size 58M)
current process WorkingSet (physical memory assigned to process): 944M, peak: 973M
current process commit charge ("private bytes"): 1153M, peak: 1446M

vm_info: OpenJDK 64-Bit Server VM (11.0.15+0-b2043.56-9505619) for windows-amd64 JRE (11.0.15+0-b2043.56-9505619), built on Jan 19 2023 02:48:00 by "builduser" with unknown MS VC++:1929

END.
