#
# There is insufficient memory for the Java Runtime Environment to continue.
# Native memory allocation (mmap) failed to map 365953024 bytes for Failed to commit area from 0x00000000a1800000 to 0x00000000b7500000 of length 365953024.
# Possible reasons:
#   The system is out of physical RAM or swap space
#   The process is running with CompressedOops enabled, and the Java Heap may be blocking the growth of the native heap
# Possible solutions:
#   Reduce memory load on the system
#   Increase physical memory or swap space
#   Check if swap backing store is full
#   Decrease Java heap size (-Xmx/-Xms)
#   Decrease number of Java threads
#   Decrease Java thread stack sizes (-Xss)
#   Set larger code cache with -XX:ReservedCodeCacheSize=
#   JVM is running with Unscaled Compressed Oops mode in which the Java heap is
#     placed in the first 4GB address space. The Java Heap base address is the
#     maximum limit for the native heap growth. Please use -XX:HeapBaseMinAddress
#     to set the Java Heap base and to place the Java Heap above 4GB virtual address.
# This output file may be truncated or incomplete.
#
#  Out of Memory Error (src/hotspot/os/windows/os_windows.cpp:3627), pid=23500, tid=22240
#
# JRE version: OpenJDK Runtime Environment (11.0.15) (build 11.0.15+0-b2043.56-9505619)
# Java VM: OpenJDK 64-Bit Server VM (11.0.15+0-b2043.56-9505619, mixed mode, tiered, compressed oops, g1 gc, windows-amd64)
# No core dump will be written. Minidumps are not enabled by default on client versions of Windows
#

---------------  S U M M A R Y ------------

Command Line: -javaagent:C:\Program Files\Android\Android Studio\plugins\android\resources\trace_agent.jar=C:\Users\Lenovo\AppData\Local\Temp\sync.trace.profile --add-opens=java.base/java.util=ALL-UNNAMED --add-opens=java.base/java.lang=ALL-UNNAMED --add-opens=java.base/java.lang.invoke=ALL-UNNAMED --add-opens=java.base/java.util=ALL-UNNAMED --add-opens=java.prefs/java.util.prefs=ALL-UNNAMED --add-opens=java.prefs/java.util.prefs=ALL-UNNAMED --add-opens=java.base/java.nio.charset=ALL-UNNAMED --add-opens=java.base/java.net=ALL-UNNAMED --add-opens=java.base/java.util.concurrent.atomic=ALL-UNNAMED -Xmx2048m -Dfile.encoding=UTF-8 -Duser.country=IN -Duser.language=en -Duser.variant org.gradle.launcher.daemon.bootstrap.GradleDaemon 7.5

Host: Intel(R) Core(TM) i5-8365U CPU @ 1.60GHz, 8 cores, 15G,  Windows 11 , 64 bit Build 22621 (10.0.22621.4391)
Time: Fri Nov 29 11:16:48 2024 India Standard Time elapsed time: 28.170409 seconds (0d 0h 0m 28s)

---------------  T H R E A D  ---------------

Current thread (0x000001c945787000):  VMThread "VM Thread" [stack: 0x0000001d50800000,0x0000001d50900000] [id=22240]

Stack: [0x0000001d50800000,0x0000001d50900000]
[error occurred during error reporting (printing stack bounds), id 0xc0000005, EXCEPTION_ACCESS_VIOLATION (0xc0000005) at pc=0x000001c92e59112d]

Native frames: (J=compiled Java code, j=interpreted, Vv=VM code, C=native code)
V  [jvm.dll+0x64135a]
V  [jvm.dll+0x7d39f9]
V  [jvm.dll+0x7d51b9]
V  [jvm.dll+0x7d5805]
V  [jvm.dll+0x7d57bb]
V  [jvm.dll+0x640655]
V  [jvm.dll+0x640d68]
C  [ntdll.dll+0xa527f]
C  [ntdll.dll+0x1e886]
C  [ntdll.dll+0xa426e]
C  0x000001c92e59112d

VM_Operation (0x0000001d5a0fe180): G1CollectForAllocation, mode: safepoint, requested by thread 0x000001c94950f000


---------------  P R O C E S S  ---------------

Threads class SMR info:
_java_thread_list=0x000001c94e86fd70, length=148, elements={
0x000001c92aa74800, 0x000001c94578c000, 0x000001c94578f000, 0x000001c9457e9800,
0x000001c9457ea800, 0x000001c9457eb800, 0x000001c9457f5000, 0x000001c945800800,
0x000001c945805800, 0x000001c944f27800, 0x000001c94635d000, 0x000001c94b99d000,
0x000001c948d9b000, 0x000001c94baf5800, 0x000001c94b556000, 0x000001c947060000,
0x000001c94705c800, 0x000001c94705d800, 0x000001c94705e000, 0x000001c94705f000,
0x000001c947061800, 0x000001c947060800, 0x000001c94705c000, 0x000001c947062800,
0x000001c94673e000, 0x000001c94673c800, 0x000001c94673b800, 0x000001c946740800,
0x000001c94673b000, 0x000001c946740000, 0x000001c946743000, 0x000001c946741800,
0x000001c946742000, 0x000001c94673f000, 0x000001c946749800, 0x000001c949a68800,
0x000001c949a65000, 0x000001c949a69000, 0x000001c949a6b800, 0x000001c949a67000,
0x000001c949a6b000, 0x000001c949a67800, 0x000001c949a66000, 0x000001c949a6e000,
0x000001c949a70000, 0x000001c949a72000, 0x000001c949a6d800, 0x000001c949a71800,
0x000001c949a6c800, 0x000001c949a73000, 0x000001c949a70800, 0x000001c949a74000,
0x000001c949a6f000, 0x000001c94c2b2800, 0x000001c94c2b7000, 0x000001c94c2b8800,
0x000001c94c2b5000, 0x000001c94c2b4800, 0x000001c94c2b7800, 0x000001c94c2b9000,
0x000001c94c2b6000, 0x000001c94c2b3800, 0x000001c94c2bb800, 0x000001c94c2bd800,
0x000001c94c2c0000, 0x000001c94c2bc800, 0x000001c94c2be000, 0x000001c94c2bf000,
0x000001c94c2ba000, 0x000001c94c2bb000, 0x000001c94c2c0800, 0x000001c94c2c1800,
0x000001c947b61800, 0x000001c947b67800, 0x000001c947b66000, 0x000001c947b68800,
0x000001c947b66800, 0x000001c947b62800, 0x000001c947b64000, 0x000001c947b69000,
0x000001c947b63800, 0x000001c947b6a000, 0x000001c947b6a800, 0x000001c947b65000,
0x000001c947b70800, 0x000001c947b6f000, 0x000001c947b6c800, 0x000001c947b6d000,
0x000001c947b6f800, 0x000001c947b6b800, 0x000001c947b6e000, 0x000001c94be7e000,
0x000001c94be7f000, 0x000001c94be84800, 0x000001c94be82000, 0x000001c94be7f800,
0x000001c94be86000, 0x000001c94be85800, 0x000001c94be83000, 0x000001c94be80800,
0x000001c94be81800, 0x000001c94be87000, 0x000001c94be88000, 0x000001c94be88800,
0x000001c94be89800, 0x000001c94be84000, 0x000001c94be8a800, 0x000001c94be8d000,
0x000001c94be8b000, 0x000001c94be8c000, 0x000001c94ab23800, 0x000001c94ab22800,
0x000001c94ab1e800, 0x000001c94ab24800, 0x000001c94ab25000, 0x000001c94ab1f800,
0x000001c94ab20000, 0x000001c94ab26800, 0x000001c94ab22000, 0x000001c94ab26000,
0x000001c94ab21000, 0x000001c94ab27800, 0x000001c94ab28800, 0x000001c94ab29000,
0x000001c94ab2c800, 0x000001c9513cc800, 0x000001c9513ce000, 0x000001c9513c9000,
0x000001c9513ca000, 0x000001c9513cd000, 0x000001c9513cb800, 0x000001c9513ca800,
0x000001c9513d1000, 0x000001c9513d0800, 0x000001c9513d3800, 0x000001c9513cf800,
0x000001c9513cf000, 0x000001c9513d5800, 0x000001c9513d6000, 0x000001c9513d7000,
0x000001c9513d8000, 0x000001c949a6a000, 0x000001c94950f000, 0x000001c94950c800,
0x000001c94950f800, 0x000001c949510800, 0x000001c949511800, 0x000001c94950b800
}

Java Threads: ( => current thread )
  0x000001c92aa74800 JavaThread "main" [_thread_blocked, id=18344, stack(0x0000001d50200000,0x0000001d50300000)]
  0x000001c94578c000 JavaThread "Reference Handler" daemon [_thread_blocked, id=17960, stack(0x0000001d50900000,0x0000001d50a00000)]
  0x000001c94578f000 JavaThread "Finalizer" daemon [_thread_blocked, id=1552, stack(0x0000001d50a00000,0x0000001d50b00000)]
  0x000001c9457e9800 JavaThread "Signal Dispatcher" daemon [_thread_blocked, id=22516, stack(0x0000001d50b00000,0x0000001d50c00000)]
  0x000001c9457ea800 JavaThread "Attach Listener" daemon [_thread_blocked, id=24832, stack(0x0000001d50c00000,0x0000001d50d00000)]
  0x000001c9457eb800 JavaThread "Service Thread" daemon [_thread_blocked, id=3068, stack(0x0000001d50d00000,0x0000001d50e00000)]
  0x000001c9457f5000 JavaThread "C2 CompilerThread0" daemon [_thread_blocked, id=23656, stack(0x0000001d50e00000,0x0000001d50f00000)]
  0x000001c945800800 JavaThread "C1 CompilerThread0" daemon [_thread_blocked, id=25068, stack(0x0000001d50f00000,0x0000001d51000000)]
  0x000001c945805800 JavaThread "Sweeper thread" daemon [_thread_blocked, id=28172, stack(0x0000001d51000000,0x0000001d51100000)]
  0x000001c944f27800 JavaThread "Common-Cleaner" daemon [_thread_blocked, id=13344, stack(0x0000001d51100000,0x0000001d51200000)]
  0x000001c94635d000 JavaThread "C2 CompilerThread1" daemon [_thread_blocked, id=11064, stack(0x0000001d51200000,0x0000001d51300000)]
  0x000001c94b99d000 JavaThread "Daemon health stats" [_thread_blocked, id=18124, stack(0x0000001d51a00000,0x0000001d51b00000)]
  0x000001c948d9b000 JavaThread "Incoming local TCP Connector on port 64344" [_thread_in_native, id=17780, stack(0x0000001d51b00000,0x0000001d51c00000)]
  0x000001c94baf5800 JavaThread "Daemon periodic checks" [_thread_blocked, id=7392, stack(0x0000001d51c00000,0x0000001d51d00000)]
  0x000001c94b556000 JavaThread "Daemon" [_thread_blocked, id=25960, stack(0x0000001d51d00000,0x0000001d51e00000)]
  0x000001c947060000 JavaThread "Handler for socket connection from /127.0.0.1:64344 to /127.0.0.1:64346" [_thread_in_native, id=12188, stack(0x0000001d51e00000,0x0000001d51f00000)]
  0x000001c94705c800 JavaThread "Cancel handler" [_thread_blocked, id=22272, stack(0x0000001d51f00000,0x0000001d52000000)]
  0x000001c94705d800 JavaThread "Daemon worker" [_thread_blocked, id=8740, stack(0x0000001d52000000,0x0000001d52100000)]
  0x000001c94705e000 JavaThread "Asynchronous log dispatcher for DefaultDaemonConnection: socket connection from /127.0.0.1:64344 to /127.0.0.1:64346" [_thread_blocked, id=22512, stack(0x0000001d52100000,0x0000001d52200000)]
  0x000001c94705f000 JavaThread "Stdin handler" [_thread_blocked, id=12664, stack(0x0000001d52200000,0x0000001d52300000)]
  0x000001c947061800 JavaThread "Daemon client event forwarder" [_thread_blocked, id=10452, stack(0x0000001d52300000,0x0000001d52400000)]
  0x000001c947060800 JavaThread "Cache worker for journal cache (C:\Users\Lenovo\.gradle\caches\journal-1)" [_thread_blocked, id=15288, stack(0x0000001d52400000,0x0000001d52500000)]
  0x000001c94705c000 JavaThread "File lock request listener" [_thread_in_native, id=17800, stack(0x0000001d52500000,0x0000001d52600000)]
  0x000001c947062800 JavaThread "Cache worker for file hash cache (C:\Users\Lenovo\.gradle\caches\7.5\fileHashes)" [_thread_blocked, id=7264, stack(0x0000001d52900000,0x0000001d52a00000)]
  0x000001c94673e000 JavaThread "File watcher server" daemon [_thread_blocked, id=19744, stack(0x0000001d52a00000,0x0000001d52b00000)]
  0x000001c94673c800 JavaThread "File watcher consumer" daemon [_thread_blocked, id=25424, stack(0x0000001d52b00000,0x0000001d52c00000)]
  0x000001c94673b800 JavaThread "Cache worker for checksums cache (D:\product GALAXY\product_galaxy\.gradle\7.5\checksums)" [_thread_blocked, id=19372, stack(0x0000001d52c00000,0x0000001d52d00000)]
  0x000001c946740800 JavaThread "Cache worker for cache directory md-rule (C:\Users\Lenovo\.gradle\caches\7.5\md-rule)" [_thread_blocked, id=21040, stack(0x0000001d52d00000,0x0000001d52e00000)]
  0x000001c94673b000 JavaThread "Cache worker for file content cache (C:\Users\Lenovo\.gradle\caches\7.5\fileContent)" [_thread_blocked, id=13640, stack(0x0000001d52e00000,0x0000001d52f00000)]
  0x000001c946740000 JavaThread "Cache worker for file hash cache (D:\product GALAXY\product_galaxy\.gradle\7.5\fileHashes)" [_thread_blocked, id=17616, stack(0x0000001d52f00000,0x0000001d53000000)]
  0x000001c946743000 JavaThread "Cache worker for cache directory md-supplier (C:\Users\Lenovo\.gradle\caches\7.5\md-supplier)" [_thread_blocked, id=5184, stack(0x0000001d53000000,0x0000001d53100000)]
  0x000001c946741800 JavaThread "Cache worker for execution history cache (C:\Users\Lenovo\.gradle\caches\7.5\executionHistory)" [_thread_blocked, id=20668, stack(0x0000001d53100000,0x0000001d53200000)]
  0x000001c946742000 JavaThread "jar transforms" [_thread_blocked, id=12444, stack(0x0000001d51400000,0x0000001d51500000)]
  0x000001c94673f000 JavaThread "jar transforms Thread 2" [_thread_blocked, id=6400, stack(0x0000001d53200000,0x0000001d53300000)]
  0x000001c946749800 JavaThread "jar transforms Thread 3" [_thread_blocked, id=21048, stack(0x0000001d53400000,0x0000001d53500000)]
  0x000001c949a68800 JavaThread "jar transforms Thread 4" [_thread_blocked, id=4412, stack(0x0000001d53500000,0x0000001d53600000)]
  0x000001c949a65000 JavaThread "Cache worker for dependencies-accessors (D:\product GALAXY\product_galaxy\.gradle\7.5\dependencies-accessors)" [_thread_blocked, id=6720, stack(0x0000001d53600000,0x0000001d53700000)]
  0x000001c949a69000 JavaThread "jar transforms Thread 5" [_thread_blocked, id=5668, stack(0x0000001d53700000,0x0000001d53800000)]
  0x000001c949a6b800 JavaThread "Cache worker for Build Output Cleanup Cache (D:\product GALAXY\product_galaxy\.gradle\buildOutputCleanup)" [_thread_blocked, id=2952, stack(0x0000001d53800000,0x0000001d53900000)]
  0x000001c949a67000 JavaThread "Unconstrained build operations" [_thread_blocked, id=5100, stack(0x0000001d53900000,0x0000001d53a00000)]
  0x000001c949a6b000 JavaThread "Unconstrained build operations Thread 2" [_thread_blocked, id=10836, stack(0x0000001d53a00000,0x0000001d53b00000)]
  0x000001c949a67800 JavaThread "Unconstrained build operations Thread 3" [_thread_blocked, id=14620, stack(0x0000001d53b00000,0x0000001d53c00000)]
  0x000001c949a66000 JavaThread "Unconstrained build operations Thread 4" [_thread_blocked, id=23384, stack(0x0000001d53c00000,0x0000001d53d00000)]
  0x000001c949a6e000 JavaThread "Unconstrained build operations Thread 5" [_thread_blocked, id=24704, stack(0x0000001d53d00000,0x0000001d53e00000)]
  0x000001c949a70000 JavaThread "Unconstrained build operations Thread 6" [_thread_blocked, id=3064, stack(0x0000001d53e00000,0x0000001d53f00000)]
  0x000001c949a72000 JavaThread "Unconstrained build operations Thread 7" [_thread_blocked, id=13568, stack(0x0000001d53f00000,0x0000001d54000000)]
  0x000001c949a6d800 JavaThread "Unconstrained build operations Thread 8" [_thread_blocked, id=27084, stack(0x0000001d54000000,0x0000001d54100000)]
  0x000001c949a71800 JavaThread "Unconstrained build operations Thread 9" [_thread_blocked, id=21448, stack(0x0000001d54100000,0x0000001d54200000)]
  0x000001c949a6c800 JavaThread "Unconstrained build operations Thread 10" [_thread_blocked, id=20056, stack(0x0000001d54200000,0x0000001d54300000)]
  0x000001c949a73000 JavaThread "Unconstrained build operations Thread 11" [_thread_blocked, id=15612, stack(0x0000001d54300000,0x0000001d54400000)]
  0x000001c949a70800 JavaThread "Unconstrained build operations Thread 12" [_thread_blocked, id=8664, stack(0x0000001d54400000,0x0000001d54500000)]
  0x000001c949a74000 JavaThread "Unconstrained build operations Thread 13" [_thread_blocked, id=26048, stack(0x0000001d54500000,0x0000001d54600000)]
  0x000001c949a6f000 JavaThread "Unconstrained build operations Thread 14" [_thread_blocked, id=13556, stack(0x0000001d54600000,0x0000001d54700000)]
  0x000001c94c2b2800 JavaThread "Unconstrained build operations Thread 15" [_thread_blocked, id=740, stack(0x0000001d54700000,0x0000001d54800000)]
  0x000001c94c2b7000 JavaThread "Unconstrained build operations Thread 16" [_thread_blocked, id=5976, stack(0x0000001d54800000,0x0000001d54900000)]
  0x000001c94c2b8800 JavaThread "Unconstrained build operations Thread 17" [_thread_blocked, id=6444, stack(0x0000001d54900000,0x0000001d54a00000)]
  0x000001c94c2b5000 JavaThread "Unconstrained build operations Thread 18" [_thread_blocked, id=27068, stack(0x0000001d54a00000,0x0000001d54b00000)]
  0x000001c94c2b4800 JavaThread "Unconstrained build operations Thread 19" [_thread_blocked, id=25656, stack(0x0000001d54b00000,0x0000001d54c00000)]
  0x000001c94c2b7800 JavaThread "Unconstrained build operations Thread 20" [_thread_blocked, id=19272, stack(0x0000001d54c00000,0x0000001d54d00000)]
  0x000001c94c2b9000 JavaThread "Unconstrained build operations Thread 21" [_thread_blocked, id=16944, stack(0x0000001d54d00000,0x0000001d54e00000)]
  0x000001c94c2b6000 JavaThread "Unconstrained build operations Thread 22" [_thread_blocked, id=14656, stack(0x0000001d54e00000,0x0000001d54f00000)]
  0x000001c94c2b3800 JavaThread "Unconstrained build operations Thread 23" [_thread_blocked, id=24140, stack(0x0000001d54f00000,0x0000001d55000000)]
  0x000001c94c2bb800 JavaThread "Unconstrained build operations Thread 24" [_thread_blocked, id=28212, stack(0x0000001d55000000,0x0000001d55100000)]
  0x000001c94c2bd800 JavaThread "Unconstrained build operations Thread 25" [_thread_blocked, id=21180, stack(0x0000001d55100000,0x0000001d55200000)]
  0x000001c94c2c0000 JavaThread "Unconstrained build operations Thread 26" [_thread_blocked, id=14544, stack(0x0000001d55200000,0x0000001d55300000)]
  0x000001c94c2bc800 JavaThread "Unconstrained build operations Thread 27" [_thread_blocked, id=8788, stack(0x0000001d55300000,0x0000001d55400000)]
  0x000001c94c2be000 JavaThread "Unconstrained build operations Thread 28" [_thread_blocked, id=17448, stack(0x0000001d55400000,0x0000001d55500000)]
  0x000001c94c2bf000 JavaThread "Unconstrained build operations Thread 29" [_thread_blocked, id=15400, stack(0x0000001d55500000,0x0000001d55600000)]
  0x000001c94c2ba000 JavaThread "Unconstrained build operations Thread 30" [_thread_blocked, id=18284, stack(0x0000001d55600000,0x0000001d55700000)]
  0x000001c94c2bb000 JavaThread "Unconstrained build operations Thread 31" [_thread_blocked, id=27196, stack(0x0000001d55700000,0x0000001d55800000)]
  0x000001c94c2c0800 JavaThread "Unconstrained build operations Thread 32" [_thread_blocked, id=7192, stack(0x0000001d55800000,0x0000001d55900000)]
  0x000001c94c2c1800 JavaThread "Unconstrained build operations Thread 33" [_thread_blocked, id=3684, stack(0x0000001d55900000,0x0000001d55a00000)]
  0x000001c947b61800 JavaThread "Unconstrained build operations Thread 34" [_thread_blocked, id=14268, stack(0x0000001d55a00000,0x0000001d55b00000)]
  0x000001c947b67800 JavaThread "Unconstrained build operations Thread 35" [_thread_blocked, id=23072, stack(0x0000001d55b00000,0x0000001d55c00000)]
  0x000001c947b66000 JavaThread "Unconstrained build operations Thread 36" [_thread_blocked, id=23756, stack(0x0000001d55c00000,0x0000001d55d00000)]
  0x000001c947b68800 JavaThread "Unconstrained build operations Thread 37" [_thread_blocked, id=10408, stack(0x0000001d55d00000,0x0000001d55e00000)]
  0x000001c947b66800 JavaThread "Unconstrained build operations Thread 38" [_thread_blocked, id=13864, stack(0x0000001d55e00000,0x0000001d55f00000)]
  0x000001c947b62800 JavaThread "Unconstrained build operations Thread 39" [_thread_blocked, id=540, stack(0x0000001d55f00000,0x0000001d56000000)]
  0x000001c947b64000 JavaThread "Unconstrained build operations Thread 40" [_thread_blocked, id=21896, stack(0x0000001d56000000,0x0000001d56100000)]
  0x000001c947b69000 JavaThread "Unconstrained build operations Thread 41" [_thread_blocked, id=11452, stack(0x0000001d56100000,0x0000001d56200000)]
  0x000001c947b63800 JavaThread "Unconstrained build operations Thread 42" [_thread_blocked, id=25752, stack(0x0000001d56200000,0x0000001d56300000)]
  0x000001c947b6a000 JavaThread "Unconstrained build operations Thread 43" [_thread_blocked, id=19784, stack(0x0000001d56300000,0x0000001d56400000)]
  0x000001c947b6a800 JavaThread "Unconstrained build operations Thread 44" [_thread_blocked, id=4284, stack(0x0000001d56400000,0x0000001d56500000)]
  0x000001c947b65000 JavaThread "Unconstrained build operations Thread 45" [_thread_blocked, id=4836, stack(0x0000001d56500000,0x0000001d56600000)]
  0x000001c947b70800 JavaThread "Unconstrained build operations Thread 46" [_thread_blocked, id=11608, stack(0x0000001d56600000,0x0000001d56700000)]
  0x000001c947b6f000 JavaThread "Unconstrained build operations Thread 47" [_thread_blocked, id=27836, stack(0x0000001d56700000,0x0000001d56800000)]
  0x000001c947b6c800 JavaThread "Unconstrained build operations Thread 48" [_thread_blocked, id=5736, stack(0x0000001d56800000,0x0000001d56900000)]
  0x000001c947b6d000 JavaThread "Unconstrained build operations Thread 49" [_thread_blocked, id=6860, stack(0x0000001d56900000,0x0000001d56a00000)]
  0x000001c947b6f800 JavaThread "Unconstrained build operations Thread 50" [_thread_blocked, id=13856, stack(0x0000001d56a00000,0x0000001d56b00000)]
  0x000001c947b6b800 JavaThread "Unconstrained build operations Thread 51" [_thread_blocked, id=23492, stack(0x0000001d56b00000,0x0000001d56c00000)]
  0x000001c947b6e000 JavaThread "Unconstrained build operations Thread 52" [_thread_blocked, id=4736, stack(0x0000001d56c00000,0x0000001d56d00000)]
  0x000001c94be7e000 JavaThread "Unconstrained build operations Thread 53" [_thread_blocked, id=18320, stack(0x0000001d56d00000,0x0000001d56e00000)]
  0x000001c94be7f000 JavaThread "Unconstrained build operations Thread 54" [_thread_blocked, id=23792, stack(0x0000001d56e00000,0x0000001d56f00000)]
  0x000001c94be84800 JavaThread "Unconstrained build operations Thread 55" [_thread_blocked, id=21112, stack(0x0000001d56f00000,0x0000001d57000000)]
  0x000001c94be82000 JavaThread "Unconstrained build operations Thread 56" [_thread_blocked, id=13920, stack(0x0000001d57000000,0x0000001d57100000)]
  0x000001c94be7f800 JavaThread "Unconstrained build operations Thread 57" [_thread_blocked, id=16112, stack(0x0000001d57100000,0x0000001d57200000)]
  0x000001c94be86000 JavaThread "Unconstrained build operations Thread 58" [_thread_blocked, id=168, stack(0x0000001d57200000,0x0000001d57300000)]
  0x000001c94be85800 JavaThread "Unconstrained build operations Thread 59" [_thread_blocked, id=5660, stack(0x0000001d57300000,0x0000001d57400000)]
  0x000001c94be83000 JavaThread "Unconstrained build operations Thread 60" [_thread_blocked, id=9704, stack(0x0000001d57400000,0x0000001d57500000)]
  0x000001c94be80800 JavaThread "Unconstrained build operations Thread 61" [_thread_blocked, id=24880, stack(0x0000001d57500000,0x0000001d57600000)]
  0x000001c94be81800 JavaThread "Unconstrained build operations Thread 62" [_thread_blocked, id=18912, stack(0x0000001d57600000,0x0000001d57700000)]
  0x000001c94be87000 JavaThread "Unconstrained build operations Thread 63" [_thread_blocked, id=7780, stack(0x0000001d57700000,0x0000001d57800000)]
  0x000001c94be88000 JavaThread "Unconstrained build operations Thread 64" [_thread_blocked, id=27832, stack(0x0000001d57800000,0x0000001d57900000)]
  0x000001c94be88800 JavaThread "Unconstrained build operations Thread 65" [_thread_blocked, id=21440, stack(0x0000001d57900000,0x0000001d57a00000)]
  0x000001c94be89800 JavaThread "Unconstrained build operations Thread 66" [_thread_blocked, id=27008, stack(0x0000001d57a00000,0x0000001d57b00000)]
  0x000001c94be84000 JavaThread "Unconstrained build operations Thread 67" [_thread_blocked, id=4684, stack(0x0000001d57b00000,0x0000001d57c00000)]
  0x000001c94be8a800 JavaThread "Unconstrained build operations Thread 68" [_thread_blocked, id=10464, stack(0x0000001d57c00000,0x0000001d57d00000)]
  0x000001c94be8d000 JavaThread "Unconstrained build operations Thread 69" [_thread_blocked, id=23800, stack(0x0000001d57d00000,0x0000001d57e00000)]
  0x000001c94be8b000 JavaThread "Unconstrained build operations Thread 70" [_thread_blocked, id=21860, stack(0x0000001d57e00000,0x0000001d57f00000)]
  0x000001c94be8c000 JavaThread "Unconstrained build operations Thread 71" [_thread_blocked, id=8288, stack(0x0000001d57f00000,0x0000001d58000000)]
  0x000001c94ab23800 JavaThread "Unconstrained build operations Thread 72" [_thread_blocked, id=11124, stack(0x0000001d58000000,0x0000001d58100000)]
  0x000001c94ab22800 JavaThread "Unconstrained build operations Thread 73" [_thread_blocked, id=18084, stack(0x0000001d58100000,0x0000001d58200000)]
  0x000001c94ab1e800 JavaThread "Unconstrained build operations Thread 74" [_thread_blocked, id=10640, stack(0x0000001d58200000,0x0000001d58300000)]
  0x000001c94ab24800 JavaThread "Unconstrained build operations Thread 75" [_thread_blocked, id=22388, stack(0x0000001d58300000,0x0000001d58400000)]
  0x000001c94ab25000 JavaThread "Unconstrained build operations Thread 76" [_thread_blocked, id=23960, stack(0x0000001d58400000,0x0000001d58500000)]
  0x000001c94ab1f800 JavaThread "Unconstrained build operations Thread 77" [_thread_blocked, id=9312, stack(0x0000001d58500000,0x0000001d58600000)]
  0x000001c94ab20000 JavaThread "Unconstrained build operations Thread 78" [_thread_blocked, id=28516, stack(0x0000001d58600000,0x0000001d58700000)]
  0x000001c94ab26800 JavaThread "Unconstrained build operations Thread 79" [_thread_blocked, id=22640, stack(0x0000001d58700000,0x0000001d58800000)]
  0x000001c94ab22000 JavaThread "Unconstrained build operations Thread 80" [_thread_blocked, id=1108, stack(0x0000001d58800000,0x0000001d58900000)]
  0x000001c94ab26000 JavaThread "jar transforms Thread 6" [_thread_blocked, id=27736, stack(0x0000001d58900000,0x0000001d58a00000)]
  0x000001c94ab21000 JavaThread "jar transforms Thread 7" [_thread_blocked, id=17580, stack(0x0000001d58a00000,0x0000001d58b00000)]
  0x000001c94ab27800 JavaThread "jar transforms Thread 8" [_thread_blocked, id=20088, stack(0x0000001d58b00000,0x0000001d58c00000)]
  0x000001c94ab28800 JavaThread "build event listener" [_thread_blocked, id=28000, stack(0x0000001d58c00000,0x0000001d58d00000)]
  0x000001c94ab29000 JavaThread "Memory manager" [_thread_blocked, id=2692, stack(0x0000001d58d00000,0x0000001d58e00000)]
  0x000001c94ab2c800 JavaThread "included builds" [_thread_blocked, id=7900, stack(0x0000001d58e00000,0x0000001d58f00000)]
  0x000001c9513cc800 JavaThread "Execution worker" [_thread_blocked, id=12136, stack(0x0000001d58f00000,0x0000001d59000000)]
  0x000001c9513ce000 JavaThread "Execution worker Thread 2" [_thread_blocked, id=6452, stack(0x0000001d59000000,0x0000001d59100000)]
  0x000001c9513c9000 JavaThread "Execution worker Thread 3" [_thread_blocked, id=16068, stack(0x0000001d59100000,0x0000001d59200000)]
  0x000001c9513ca000 JavaThread "Execution worker Thread 4" [_thread_blocked, id=25748, stack(0x0000001d59200000,0x0000001d59300000)]
  0x000001c9513cd000 JavaThread "Execution worker Thread 5" [_thread_blocked, id=22468, stack(0x0000001d59300000,0x0000001d59400000)]
  0x000001c9513cb800 JavaThread "Execution worker Thread 6" [_thread_blocked, id=21364, stack(0x0000001d59400000,0x0000001d59500000)]
  0x000001c9513ca800 JavaThread "Execution worker Thread 7" [_thread_blocked, id=8556, stack(0x0000001d59500000,0x0000001d59600000)]
  0x000001c9513d1000 JavaThread "Cache worker for execution history cache (D:\product GALAXY\product_galaxy\.gradle\7.5\executionHistory)" [_thread_blocked, id=16620, stack(0x0000001d59600000,0x0000001d59700000)]
  0x000001c9513d0800 JavaThread "WorkerExecutor Queue" [_thread_blocked, id=28532, stack(0x0000001d59700000,0x0000001d59800000)]
  0x000001c9513d3800 JavaThread "WorkerExecutor Queue Thread 2" [_thread_blocked, id=26684, stack(0x0000001d59800000,0x0000001d59900000)]
  0x000001c9513cf800 JavaThread "WorkerExecutor Queue Thread 3" [_thread_blocked, id=8012, stack(0x0000001d59900000,0x0000001d59a00000)]
  0x000001c9513cf000 JavaThread "WorkerExecutor Queue Thread 4" [_thread_blocked, id=23224, stack(0x0000001d59a00000,0x0000001d59b00000)]
  0x000001c9513d5800 JavaThread "pool-3-thread-1" [_thread_blocked, id=24452, stack(0x0000001d59b00000,0x0000001d59c00000)]
  0x000001c9513d6000 JavaThread "stderr" [_thread_in_native, id=14808, stack(0x0000001d59c00000,0x0000001d59d00000)]
  0x000001c9513d7000 JavaThread "stdout" [_thread_in_native, id=4988, stack(0x0000001d59d00000,0x0000001d59e00000)]
  0x000001c9513d8000 JavaThread "ForkJoinPool-1-worker-3" daemon [_thread_blocked, id=1580, stack(0x0000001d53300000,0x0000001d53400000)]
  0x000001c949a6a000 JavaThread "ForkJoinPool-1-worker-5" daemon [_thread_blocked, id=7620, stack(0x0000001d59f00000,0x0000001d5a000000)]
  0x000001c94950f000 JavaThread "ForkJoinPool-1-worker-7" daemon [_thread_blocked, id=21996, stack(0x0000001d5a000000,0x0000001d5a100000)]
  0x000001c94950c800 JavaThread "ForkJoinPool-1-worker-9" daemon [_thread_blocked, id=6004, stack(0x0000001d5a100000,0x0000001d5a200000)]
  0x000001c94950f800 JavaThread "ForkJoinPool-1-worker-11" daemon [_thread_blocked, id=15592, stack(0x0000001d5a200000,0x0000001d5a300000)]
  0x000001c949510800 JavaThread "ForkJoinPool-1-worker-13" daemon [_thread_blocked, id=27964, stack(0x0000001d5a300000,0x0000001d5a400000)]
  0x000001c949511800 JavaThread "ForkJoinPool-1-worker-15" daemon [_thread_blocked, id=26368, stack(0x0000001d5a400000,0x0000001d5a500000)]
  0x000001c94950b800 JavaThread "ForkJoinPool-1-worker-1" daemon [_thread_blocked, id=10680, stack(0x0000001d5a500000,0x0000001d5a600000)]

Other Threads:
=>0x000001c945787000 VMThread "VM Thread" [stack: 0x0000001d50800000,0x0000001d50900000] [id=22240]
  0x000001c945ea8000 WatcherThread [stack: 0x0000001d51300000,0x0000001d51400000] [id=14276]
  0x000001c92aa90000 GCTaskThread "GC Thread#0" [stack: 0x0000001d50300000,0x0000001d50400000] [id=26892]
  0x000001c947815800 GCTaskThread "GC Thread#1" [stack: 0x0000001d51500000,0x0000001d51600000] [id=16872]
  0x000001c947c1b000 GCTaskThread "GC Thread#2" [stack: 0x0000001d51600000,0x0000001d51700000] [id=12112]
  0x000001c94671f800 GCTaskThread "GC Thread#3" [stack: 0x0000001d51700000,0x0000001d51800000] [id=14956]
  0x000001c9465ce800 GCTaskThread "GC Thread#4" [stack: 0x0000001d51800000,0x0000001d51900000] [id=18368]
  0x000001c9478dc800 GCTaskThread "GC Thread#5" [stack: 0x0000001d51900000,0x0000001d51a00000] [id=21832]
  0x000001c947ca1000 GCTaskThread "GC Thread#6" [stack: 0x0000001d52600000,0x0000001d52700000] [id=24464]
  0x000001c94b156000 GCTaskThread "GC Thread#7" [stack: 0x0000001d52700000,0x0000001d52800000] [id=10896]
  0x000001c92aac1800 ConcurrentGCThread "G1 Main Marker" [stack: 0x0000001d50400000,0x0000001d50500000] [id=16672]
  0x000001c92aac2800 ConcurrentGCThread "G1 Conc#0" [stack: 0x0000001d50500000,0x0000001d50600000] [id=12280]
  0x000001c94716c000 ConcurrentGCThread "G1 Conc#1" [stack: 0x0000001d52800000,0x0000001d52900000] [id=18992]
  0x000001c944dd8800 ConcurrentGCThread "G1 Refine#0" [stack: 0x0000001d50600000,0x0000001d50700000] [id=23008]
  0x000001c9467ef000 ConcurrentGCThread "G1 Refine#1" [stack: 0x0000001d59e00000,0x0000001d59f00000] [id=16080]
  0x000001c9467f0000 ConcurrentGCThread "G1 Refine#2" [stack: 0x0000001d5a600000,0x0000001d5a700000] [id=14648]
  0x000001c9467f1800 ConcurrentGCThread "G1 Refine#3" [stack: 0x0000001d5a700000,0x0000001d5a800000] [id=1632]
  0x000001c944dd9000 ConcurrentGCThread "G1 Young RemSet Sampling" [stack: 0x0000001d50700000,0x0000001d50800000] [id=27720]

Threads with active compile tasks:
C2 CompilerThread0    28195 14741       4       com.android.tools.r8.dex.code.v1::a (4134 bytes)
C2 CompilerThread1    28195 14743       4       com.android.tools.r8.dex.i::d (507 bytes)

VM state:at safepoint (normal execution)

VM Mutex/Monitor currently owned by a thread:  ([mutex/lock_event])
[0x000001c92aa711c0] Threads_lock - owner thread: 0x000001c945787000
[0x000001c92aa715b0] Heap_lock - owner thread: 0x000001c94950f000

Heap address: 0x0000000080000000, size: 2048 MB, Compressed Oops mode: 32-bit
Narrow klass base: 0x0000000000000000, Narrow klass shift: 3
Compressed class space size: 1073741824 Address: 0x0000000100000000

Heap:
 garbage-first heap   total 906240K, used 411136K [0x0000000080000000, 0x0000000100000000)
  region size 1024K, 7 young (7168K), 7 survivors (7168K)
 Metaspace       used 103564K, capacity 106433K, committed 106700K, reserved 1140736K
  class space    used 13597K, capacity 14774K, committed 14796K, reserved 1048576K
Heap Regions: E=young(eden), S=young(survivor), O=old, HS=humongous(starts), HC=humongous(continues), CS=collection set, F=free, A=archive, TAMS=top-at-mark-start (previous, next)
|   0|0x0000000080000000, 0x0000000080100000, 0x0000000080100000|100%| O|  |TAMS 0x0000000080100000, 0x0000000080000000| Updating 
|   1|0x0000000080100000, 0x0000000080200000, 0x0000000080200000|100%| O|  |TAMS 0x0000000080200000, 0x0000000080100000| Updating 
|   2|0x0000000080200000, 0x0000000080300000, 0x0000000080300000|100%| O|  |TAMS 0x0000000080300000, 0x0000000080200000| Updating 
|   3|0x0000000080300000, 0x0000000080400000, 0x0000000080400000|100%|HS|  |TAMS 0x0000000080400000, 0x0000000080300000| Complete 
|   4|0x0000000080400000, 0x0000000080500000, 0x0000000080500000|100%|HC|  |TAMS 0x0000000080500000, 0x0000000080400000| Complete 
|   5|0x0000000080500000, 0x0000000080600000, 0x0000000080600000|100%|HC|  |TAMS 0x0000000080600000, 0x0000000080500000| Complete 
|   6|0x0000000080600000, 0x0000000080700000, 0x0000000080700000|100%| O|  |TAMS 0x0000000080700000, 0x0000000080600000| Updating 
|   7|0x0000000080700000, 0x0000000080800000, 0x0000000080800000|100%| O|  |TAMS 0x0000000080800000, 0x0000000080700000| Updating 
|   8|0x0000000080800000, 0x0000000080900000, 0x0000000080900000|100%| O|  |TAMS 0x0000000080900000, 0x0000000080800000| Updating 
|   9|0x0000000080900000, 0x0000000080a00000, 0x0000000080a00000|100%| O|  |TAMS 0x0000000080a00000, 0x0000000080900000| Updating 
|  10|0x0000000080a00000, 0x0000000080b00000, 0x0000000080b00000|100%| O|  |TAMS 0x0000000080b00000, 0x0000000080a00000| Updating 
|  11|0x0000000080b00000, 0x0000000080c00000, 0x0000000080c00000|100%| O|  |TAMS 0x0000000080c00000, 0x0000000080b00000| Updating 
|  12|0x0000000080c00000, 0x0000000080d00000, 0x0000000080d00000|100%| O|  |TAMS 0x0000000080d00000, 0x0000000080c00000| Updating 
|  13|0x0000000080d00000, 0x0000000080e00000, 0x0000000080e00000|100%| O|  |TAMS 0x0000000080e00000, 0x0000000080d00000| Updating 
|  14|0x0000000080e00000, 0x0000000080f00000, 0x0000000080f00000|100%| O|  |TAMS 0x0000000080f00000, 0x0000000080e00000| Updating 
|  15|0x0000000080f00000, 0x0000000081000000, 0x0000000081000000|100%|HS|  |TAMS 0x0000000081000000, 0x0000000080f00000| Complete 
|  16|0x0000000081000000, 0x0000000081100000, 0x0000000081100000|100%|HS|  |TAMS 0x0000000081100000, 0x0000000081000000| Complete 
|  17|0x0000000081100000, 0x0000000081200000, 0x0000000081200000|100%|HC|  |TAMS 0x0000000081200000, 0x0000000081100000| Complete 
|  18|0x0000000081200000, 0x0000000081300000, 0x0000000081300000|100%| O|  |TAMS 0x0000000081300000, 0x0000000081200000| Updating 
|  19|0x0000000081300000, 0x0000000081400000, 0x0000000081400000|100%| O|  |TAMS 0x0000000081400000, 0x0000000081300000| Updating 
|  20|0x0000000081400000, 0x0000000081500000, 0x0000000081500000|100%| O|  |TAMS 0x0000000081500000, 0x0000000081400000| Updating 
|  21|0x0000000081500000, 0x0000000081600000, 0x0000000081600000|100%|HS|  |TAMS 0x0000000081600000, 0x0000000081500000| Complete 
|  22|0x0000000081600000, 0x0000000081700000, 0x0000000081700000|100%| O|  |TAMS 0x0000000081700000, 0x0000000081600000| Updating 
|  23|0x0000000081700000, 0x0000000081800000, 0x0000000081800000|100%| O|  |TAMS 0x0000000081800000, 0x0000000081700000| Updating 
|  24|0x0000000081800000, 0x0000000081900000, 0x0000000081900000|100%| O|  |TAMS 0x0000000081900000, 0x0000000081800000| Updating 
|  25|0x0000000081900000, 0x0000000081a00000, 0x0000000081a00000|100%| O|  |TAMS 0x0000000081a00000, 0x0000000081900000| Updating 
|  26|0x0000000081a00000, 0x0000000081b00000, 0x0000000081b00000|100%| O|  |TAMS 0x0000000081b00000, 0x0000000081a00000| Updating 
|  27|0x0000000081b00000, 0x0000000081c00000, 0x0000000081c00000|100%| O|  |TAMS 0x0000000081c00000, 0x0000000081b00000| Updating 
|  28|0x0000000081c00000, 0x0000000081d00000, 0x0000000081d00000|100%|HS|  |TAMS 0x0000000081d00000, 0x0000000081c00000| Complete 
|  29|0x0000000081d00000, 0x0000000081e00000, 0x0000000081e00000|100%|HC|  |TAMS 0x0000000081e00000, 0x0000000081d00000| Complete 
|  30|0x0000000081e00000, 0x0000000081f00000, 0x0000000081f00000|100%|HC|  |TAMS 0x0000000081f00000, 0x0000000081e00000| Complete 
|  31|0x0000000081f00000, 0x0000000082000000, 0x0000000082000000|100%|HC|  |TAMS 0x0000000082000000, 0x0000000081f00000| Complete 
|  32|0x0000000082000000, 0x0000000082100000, 0x0000000082100000|100%| O|  |TAMS 0x0000000082100000, 0x0000000082000000| Updating 
|  33|0x0000000082100000, 0x0000000082200000, 0x0000000082200000|100%| O|  |TAMS 0x0000000082200000, 0x0000000082100000| Updating 
|  34|0x0000000082200000, 0x0000000082300000, 0x0000000082300000|100%| O|  |TAMS 0x0000000082300000, 0x0000000082200000| Updating 
|  35|0x0000000082300000, 0x0000000082400000, 0x0000000082400000|100%| O|  |TAMS 0x0000000082400000, 0x0000000082300000| Updating 
|  36|0x0000000082400000, 0x0000000082500000, 0x0000000082500000|100%| O|  |TAMS 0x0000000082500000, 0x0000000082400000| Updating 
|  37|0x0000000082500000, 0x0000000082600000, 0x0000000082600000|100%| O|  |TAMS 0x0000000082600000, 0x0000000082500000| Updating 
|  38|0x0000000082600000, 0x0000000082700000, 0x0000000082700000|100%| O|  |TAMS 0x0000000082700000, 0x0000000082600000| Updating 
|  39|0x0000000082700000, 0x0000000082800000, 0x0000000082800000|100%| O|  |TAMS 0x0000000082800000, 0x0000000082700000| Updating 
|  40|0x0000000082800000, 0x0000000082900000, 0x0000000082900000|100%| O|  |TAMS 0x0000000082900000, 0x0000000082800000| Updating 
|  41|0x0000000082900000, 0x0000000082a00000, 0x0000000082a00000|100%| O|  |TAMS 0x0000000082a00000, 0x0000000082900000| Updating 
|  42|0x0000000082a00000, 0x0000000082b00000, 0x0000000082b00000|100%| O|  |TAMS 0x0000000082b00000, 0x0000000082a00000| Updating 
|  43|0x0000000082b00000, 0x0000000082c00000, 0x0000000082c00000|100%| O|  |TAMS 0x0000000082c00000, 0x0000000082b00000| Updating 
|  44|0x0000000082c00000, 0x0000000082d00000, 0x0000000082d00000|100%| O|  |TAMS 0x0000000082d00000, 0x0000000082c00000| Updating 
|  45|0x0000000082d00000, 0x0000000082e00000, 0x0000000082e00000|100%| O|  |TAMS 0x0000000082e00000, 0x0000000082d00000| Updating 
|  46|0x0000000082e00000, 0x0000000082f00000, 0x0000000082f00000|100%| O|  |TAMS 0x0000000082f00000, 0x0000000082e00000| Updating 
|  47|0x0000000082f00000, 0x0000000083000000, 0x0000000083000000|100%| O|  |TAMS 0x0000000083000000, 0x0000000082f00000| Updating 
|  48|0x0000000083000000, 0x0000000083100000, 0x0000000083100000|100%| O|  |TAMS 0x0000000083100000, 0x0000000083000000| Updating 
|  49|0x0000000083100000, 0x0000000083200000, 0x0000000083200000|100%| O|  |TAMS 0x0000000083200000, 0x0000000083100000| Updating 
|  50|0x0000000083200000, 0x0000000083300000, 0x0000000083300000|100%| O|  |TAMS 0x0000000083300000, 0x0000000083200000| Updating 
|  51|0x0000000083300000, 0x0000000083400000, 0x0000000083400000|100%| O|  |TAMS 0x0000000083400000, 0x0000000083300000| Updating 
|  52|0x0000000083400000, 0x0000000083500000, 0x0000000083500000|100%| O|  |TAMS 0x0000000083500000, 0x0000000083400000| Updating 
|  53|0x0000000083500000, 0x0000000083600000, 0x0000000083600000|100%| O|  |TAMS 0x0000000083600000, 0x0000000083500000| Updating 
|  54|0x0000000083600000, 0x0000000083700000, 0x0000000083700000|100%| O|  |TAMS 0x0000000083700000, 0x0000000083600000| Updating 
|  55|0x0000000083700000, 0x0000000083800000, 0x0000000083800000|100%| O|  |TAMS 0x0000000083800000, 0x0000000083700000| Updating 
|  56|0x0000000083800000, 0x0000000083900000, 0x0000000083900000|100%| O|  |TAMS 0x0000000083900000, 0x0000000083800000| Updating 
|  57|0x0000000083900000, 0x0000000083a00000, 0x0000000083a00000|100%| O|  |TAMS 0x0000000083a00000, 0x0000000083900000| Updating 
|  58|0x0000000083a00000, 0x0000000083b00000, 0x0000000083b00000|100%| O|  |TAMS 0x0000000083b00000, 0x0000000083a00000| Updating 
|  59|0x0000000083b00000, 0x0000000083c00000, 0x0000000083c00000|100%| O|  |TAMS 0x0000000083c00000, 0x0000000083b00000| Updating 
|  60|0x0000000083c00000, 0x0000000083d00000, 0x0000000083d00000|100%| O|  |TAMS 0x0000000083d00000, 0x0000000083c00000| Updating 
|  61|0x0000000083d00000, 0x0000000083e00000, 0x0000000083e00000|100%| O|  |TAMS 0x0000000083e00000, 0x0000000083d00000| Updating 
|  62|0x0000000083e00000, 0x0000000083f00000, 0x0000000083f00000|100%| O|  |TAMS 0x0000000083f00000, 0x0000000083e00000| Updating 
|  63|0x0000000083f00000, 0x0000000084000000, 0x0000000084000000|100%| O|  |TAMS 0x0000000084000000, 0x0000000083f00000| Updating 
|  64|0x0000000084000000, 0x0000000084100000, 0x0000000084100000|100%| O|  |TAMS 0x0000000084100000, 0x0000000084000000| Updating 
|  65|0x0000000084100000, 0x0000000084200000, 0x0000000084200000|100%| O|  |TAMS 0x0000000084200000, 0x0000000084100000| Updating 
|  66|0x0000000084200000, 0x0000000084300000, 0x0000000084300000|100%| O|  |TAMS 0x0000000084300000, 0x0000000084200000| Updating 
|  67|0x0000000084300000, 0x0000000084400000, 0x0000000084400000|100%| O|  |TAMS 0x0000000084400000, 0x0000000084300000| Updating 
|  68|0x0000000084400000, 0x0000000084500000, 0x0000000084500000|100%| O|  |TAMS 0x0000000084500000, 0x0000000084400000| Updating 
|  69|0x0000000084500000, 0x0000000084600000, 0x0000000084600000|100%| O|  |TAMS 0x0000000084600000, 0x0000000084500000| Updating 
|  70|0x0000000084600000, 0x0000000084700000, 0x0000000084700000|100%| O|  |TAMS 0x0000000084700000, 0x0000000084600000| Updating 
|  71|0x0000000084700000, 0x0000000084800000, 0x0000000084800000|100%| O|  |TAMS 0x0000000084800000, 0x0000000084700000| Updating 
|  72|0x0000000084800000, 0x0000000084900000, 0x0000000084900000|100%| O|  |TAMS 0x0000000084900000, 0x0000000084800000| Updating 
|  73|0x0000000084900000, 0x0000000084a00000, 0x0000000084a00000|100%| O|  |TAMS 0x0000000084a00000, 0x0000000084900000| Updating 
|  74|0x0000000084a00000, 0x0000000084b00000, 0x0000000084b00000|100%| O|  |TAMS 0x0000000084b00000, 0x0000000084a00000| Updating 
|  75|0x0000000084b00000, 0x0000000084c00000, 0x0000000084c00000|100%| O|  |TAMS 0x0000000084c00000, 0x0000000084b00000| Updating 
|  76|0x0000000084c00000, 0x0000000084d00000, 0x0000000084d00000|100%| O|  |TAMS 0x0000000084d00000, 0x0000000084c00000| Updating 
|  77|0x0000000084d00000, 0x0000000084e00000, 0x0000000084e00000|100%| O|  |TAMS 0x0000000084e00000, 0x0000000084d00000| Updating 
|  78|0x0000000084e00000, 0x0000000084f00000, 0x0000000084f00000|100%| O|  |TAMS 0x0000000084f00000, 0x0000000084e00000| Updating 
|  79|0x0000000084f00000, 0x0000000085000000, 0x0000000085000000|100%| O|  |TAMS 0x0000000085000000, 0x0000000084f00000| Updating 
|  80|0x0000000085000000, 0x0000000085100000, 0x0000000085100000|100%| O|  |TAMS 0x0000000085100000, 0x0000000085000000| Updating 
|  81|0x0000000085100000, 0x0000000085200000, 0x0000000085200000|100%| O|  |TAMS 0x0000000085200000, 0x0000000085100000| Updating 
|  82|0x0000000085200000, 0x0000000085300000, 0x0000000085300000|100%| O|  |TAMS 0x0000000085300000, 0x0000000085200000| Updating 
|  83|0x0000000085300000, 0x0000000085400000, 0x0000000085400000|100%| O|  |TAMS 0x0000000085400000, 0x0000000085300000| Updating 
|  84|0x0000000085400000, 0x0000000085500000, 0x0000000085500000|100%| O|  |TAMS 0x0000000085500000, 0x0000000085400000| Updating 
|  85|0x0000000085500000, 0x0000000085600000, 0x0000000085600000|100%| O|  |TAMS 0x0000000085600000, 0x0000000085500000| Updating 
|  86|0x0000000085600000, 0x0000000085700000, 0x0000000085700000|100%| O|  |TAMS 0x0000000085700000, 0x0000000085600000| Updating 
|  87|0x0000000085700000, 0x0000000085800000, 0x0000000085800000|100%| O|  |TAMS 0x0000000085800000, 0x0000000085700000| Updating 
|  88|0x0000000085800000, 0x0000000085900000, 0x0000000085900000|100%| O|  |TAMS 0x0000000085900000, 0x0000000085800000| Updating 
|  89|0x0000000085900000, 0x0000000085a00000, 0x0000000085a00000|100%| O|  |TAMS 0x0000000085a00000, 0x0000000085900000| Updating 
|  90|0x0000000085a00000, 0x0000000085b00000, 0x0000000085b00000|100%| O|  |TAMS 0x0000000085b00000, 0x0000000085a00000| Updating 
|  91|0x0000000085b00000, 0x0000000085c00000, 0x0000000085c00000|100%| O|  |TAMS 0x0000000085c00000, 0x0000000085b00000| Updating 
|  92|0x0000000085c00000, 0x0000000085d00000, 0x0000000085d00000|100%| O|  |TAMS 0x0000000085d00000, 0x0000000085c00000| Updating 
|  93|0x0000000085d00000, 0x0000000085e00000, 0x0000000085e00000|100%| O|  |TAMS 0x0000000085e00000, 0x0000000085d00000| Updating 
|  94|0x0000000085e00000, 0x0000000085f00000, 0x0000000085f00000|100%| O|  |TAMS 0x0000000085f00000, 0x0000000085e00000| Updating 
|  95|0x0000000085f00000, 0x0000000086000000, 0x0000000086000000|100%| O|  |TAMS 0x0000000086000000, 0x0000000085f00000| Updating 
|  96|0x0000000086000000, 0x0000000086100000, 0x0000000086100000|100%| O|  |TAMS 0x0000000086100000, 0x0000000086000000| Updating 
|  97|0x0000000086100000, 0x0000000086200000, 0x0000000086200000|100%| O|  |TAMS 0x0000000086200000, 0x0000000086100000| Updating 
|  98|0x0000000086200000, 0x0000000086300000, 0x0000000086300000|100%| O|  |TAMS 0x0000000086300000, 0x0000000086200000| Updating 
|  99|0x0000000086300000, 0x0000000086400000, 0x0000000086400000|100%| O|  |TAMS 0x0000000086400000, 0x0000000086300000| Updating 
| 100|0x0000000086400000, 0x0000000086500000, 0x0000000086500000|100%| O|  |TAMS 0x0000000086500000, 0x0000000086400000| Updating 
| 101|0x0000000086500000, 0x0000000086600000, 0x0000000086600000|100%| O|  |TAMS 0x0000000086600000, 0x0000000086500000| Updating 
| 102|0x0000000086600000, 0x0000000086700000, 0x0000000086700000|100%| O|  |TAMS 0x0000000086700000, 0x0000000086600000| Updating 
| 103|0x0000000086700000, 0x0000000086800000, 0x0000000086800000|100%| O|  |TAMS 0x0000000086800000, 0x0000000086700000| Updating 
| 104|0x0000000086800000, 0x0000000086900000, 0x0000000086900000|100%| O|  |TAMS 0x0000000086900000, 0x0000000086800000| Updating 
| 105|0x0000000086900000, 0x0000000086a00000, 0x0000000086a00000|100%| O|  |TAMS 0x0000000086a00000, 0x0000000086900000| Updating 
| 106|0x0000000086a00000, 0x0000000086b00000, 0x0000000086b00000|100%| O|  |TAMS 0x0000000086b00000, 0x0000000086a00000| Updating 
| 107|0x0000000086b00000, 0x0000000086c00000, 0x0000000086c00000|100%| O|  |TAMS 0x0000000086c00000, 0x0000000086b00000| Updating 
| 108|0x0000000086c00000, 0x0000000086d00000, 0x0000000086d00000|100%| O|  |TAMS 0x0000000086d00000, 0x0000000086c00000| Updating 
| 109|0x0000000086d00000, 0x0000000086e00000, 0x0000000086e00000|100%| O|  |TAMS 0x0000000086e00000, 0x0000000086d00000| Updating 
| 110|0x0000000086e00000, 0x0000000086f00000, 0x0000000086f00000|100%| O|  |TAMS 0x0000000086f00000, 0x0000000086e00000| Updating 
| 111|0x0000000086f00000, 0x0000000087000000, 0x0000000087000000|100%| O|  |TAMS 0x0000000087000000, 0x0000000086f00000| Updating 
| 112|0x0000000087000000, 0x0000000087100000, 0x0000000087100000|100%| O|  |TAMS 0x0000000087100000, 0x0000000087000000| Updating 
| 113|0x0000000087100000, 0x0000000087200000, 0x0000000087200000|100%| O|  |TAMS 0x0000000087200000, 0x0000000087100000| Updating 
| 114|0x0000000087200000, 0x0000000087300000, 0x0000000087300000|100%| O|  |TAMS 0x0000000087300000, 0x0000000087200000| Updating 
| 115|0x0000000087300000, 0x0000000087400000, 0x0000000087400000|100%| O|  |TAMS 0x0000000087400000, 0x0000000087300000| Updating 
| 116|0x0000000087400000, 0x0000000087500000, 0x0000000087500000|100%| O|  |TAMS 0x0000000087500000, 0x0000000087400000| Updating 
| 117|0x0000000087500000, 0x0000000087600000, 0x0000000087600000|100%| O|  |TAMS 0x0000000087600000, 0x0000000087500000| Updating 
| 118|0x0000000087600000, 0x0000000087700000, 0x0000000087700000|100%| O|  |TAMS 0x0000000087700000, 0x0000000087600000| Updating 
| 119|0x0000000087700000, 0x0000000087800000, 0x0000000087800000|100%| O|  |TAMS 0x0000000087800000, 0x0000000087700000| Updating 
| 120|0x0000000087800000, 0x0000000087900000, 0x0000000087900000|100%| O|  |TAMS 0x0000000087900000, 0x0000000087800000| Updating 
| 121|0x0000000087900000, 0x0000000087a00000, 0x0000000087a00000|100%| O|  |TAMS 0x0000000087a00000, 0x0000000087900000| Updating 
| 122|0x0000000087a00000, 0x0000000087b00000, 0x0000000087b00000|100%| O|  |TAMS 0x0000000087b00000, 0x0000000087a00000| Updating 
| 123|0x0000000087b00000, 0x0000000087c00000, 0x0000000087c00000|100%| O|  |TAMS 0x0000000087c00000, 0x0000000087b00000| Updating 
| 124|0x0000000087c00000, 0x0000000087d00000, 0x0000000087d00000|100%| O|  |TAMS 0x0000000087d00000, 0x0000000087c00000| Updating 
| 125|0x0000000087d00000, 0x0000000087e00000, 0x0000000087e00000|100%| O|  |TAMS 0x0000000087e00000, 0x0000000087d00000| Updating 
| 126|0x0000000087e00000, 0x0000000087f00000, 0x0000000087f00000|100%| O|  |TAMS 0x0000000087f00000, 0x0000000087e00000| Updating 
| 127|0x0000000087f00000, 0x0000000088000000, 0x0000000088000000|100%|HS|  |TAMS 0x0000000088000000, 0x0000000087f00000| Complete 
| 128|0x0000000088000000, 0x0000000088100000, 0x0000000088100000|100%|HC|  |TAMS 0x0000000088100000, 0x0000000088000000| Complete 
| 129|0x0000000088100000, 0x0000000088200000, 0x0000000088200000|100%|HS|  |TAMS 0x0000000088200000, 0x0000000088100000| Complete 
| 130|0x0000000088200000, 0x0000000088300000, 0x0000000088300000|100%|HC|  |TAMS 0x0000000088300000, 0x0000000088200000| Complete 
| 131|0x0000000088300000, 0x0000000088400000, 0x0000000088400000|100%|HC|  |TAMS 0x0000000088400000, 0x0000000088300000| Complete 
| 132|0x0000000088400000, 0x0000000088500000, 0x0000000088500000|100%|HC|  |TAMS 0x0000000088500000, 0x0000000088400000| Complete 
| 133|0x0000000088500000, 0x0000000088600000, 0x0000000088600000|100%|HC|  |TAMS 0x0000000088600000, 0x0000000088500000| Complete 
| 134|0x0000000088600000, 0x0000000088700000, 0x0000000088700000|100%|HC|  |TAMS 0x0000000088700000, 0x0000000088600000| Complete 
| 135|0x0000000088700000, 0x0000000088800000, 0x0000000088800000|100%|HS|  |TAMS 0x0000000088800000, 0x0000000088700000| Complete 
| 136|0x0000000088800000, 0x0000000088900000, 0x0000000088900000|100%|HC|  |TAMS 0x0000000088900000, 0x0000000088800000| Complete 
| 137|0x0000000088900000, 0x0000000088a00000, 0x0000000088a00000|100%|HC|  |TAMS 0x0000000088a00000, 0x0000000088900000| Complete 
| 138|0x0000000088a00000, 0x0000000088b00000, 0x0000000088b00000|100%|HC|  |TAMS 0x0000000088b00000, 0x0000000088a00000| Complete 
| 139|0x0000000088b00000, 0x0000000088c00000, 0x0000000088c00000|100%|HS|  |TAMS 0x0000000088c00000, 0x0000000088b00000| Complete 
| 140|0x0000000088c00000, 0x0000000088d00000, 0x0000000088d00000|100%|HS|  |TAMS 0x0000000088d00000, 0x0000000088c00000| Complete 
| 141|0x0000000088d00000, 0x0000000088e00000, 0x0000000088e00000|100%|HS|  |TAMS 0x0000000088e00000, 0x0000000088d00000| Complete 
| 142|0x0000000088e00000, 0x0000000088f00000, 0x0000000088f00000|100%|HS|  |TAMS 0x0000000088f00000, 0x0000000088e00000| Complete 
| 143|0x0000000088f00000, 0x0000000089000000, 0x0000000089000000|100%|HS|  |TAMS 0x0000000089000000, 0x0000000088f00000| Complete 
| 144|0x0000000089000000, 0x0000000089100000, 0x0000000089100000|100%|HC|  |TAMS 0x0000000089100000, 0x0000000089000000| Complete 
| 145|0x0000000089100000, 0x0000000089200000, 0x0000000089200000|100%|HS|  |TAMS 0x0000000089200000, 0x0000000089100000| Complete 
| 146|0x0000000089200000, 0x0000000089300000, 0x0000000089300000|100%|HS|  |TAMS 0x0000000089300000, 0x0000000089200000| Complete 
| 147|0x0000000089300000, 0x0000000089400000, 0x0000000089400000|100%|HC|  |TAMS 0x0000000089400000, 0x0000000089300000| Complete 
| 148|0x0000000089400000, 0x0000000089500000, 0x0000000089500000|100%|HS|  |TAMS 0x0000000089500000, 0x0000000089400000| Complete 
| 149|0x0000000089500000, 0x0000000089600000, 0x0000000089600000|100%|HS|  |TAMS 0x0000000089600000, 0x0000000089500000| Complete 
| 150|0x0000000089600000, 0x0000000089700000, 0x0000000089700000|100%|HC|  |TAMS 0x0000000089700000, 0x0000000089600000| Complete 
| 151|0x0000000089700000, 0x0000000089800000, 0x0000000089800000|100%|HC|  |TAMS 0x0000000089800000, 0x0000000089700000| Complete 
| 152|0x0000000089800000, 0x0000000089900000, 0x0000000089900000|100%| O|  |TAMS 0x0000000089900000, 0x0000000089800000| Updating 
| 153|0x0000000089900000, 0x0000000089a00000, 0x0000000089a00000|100%| O|  |TAMS 0x0000000089a00000, 0x0000000089900000| Updating 
| 154|0x0000000089a00000, 0x0000000089b00000, 0x0000000089b00000|100%| O|  |TAMS 0x0000000089b00000, 0x0000000089a00000| Updating 
| 155|0x0000000089b00000, 0x0000000089c00000, 0x0000000089c00000|100%| O|  |TAMS 0x0000000089c00000, 0x0000000089b00000| Updating 
| 156|0x0000000089c00000, 0x0000000089d00000, 0x0000000089d00000|100%| O|  |TAMS 0x0000000089d00000, 0x0000000089c00000| Updating 
| 157|0x0000000089d00000, 0x0000000089e00000, 0x0000000089e00000|100%| O|  |TAMS 0x0000000089e00000, 0x0000000089d00000| Updating 
| 158|0x0000000089e00000, 0x0000000089f00000, 0x0000000089f00000|100%| O|  |TAMS 0x0000000089f00000, 0x0000000089e00000| Updating 
| 159|0x0000000089f00000, 0x000000008a000000, 0x000000008a000000|100%| O|  |TAMS 0x000000008a000000, 0x0000000089f00000| Updating 
| 160|0x000000008a000000, 0x000000008a100000, 0x000000008a100000|100%| O|  |TAMS 0x000000008a100000, 0x000000008a000000| Updating 
| 161|0x000000008a100000, 0x000000008a200000, 0x000000008a200000|100%| O|  |TAMS 0x000000008a200000, 0x000000008a100000| Updating 
| 162|0x000000008a200000, 0x000000008a300000, 0x000000008a300000|100%| O|  |TAMS 0x000000008a300000, 0x000000008a200000| Updating 
| 163|0x000000008a300000, 0x000000008a400000, 0x000000008a400000|100%| O|  |TAMS 0x000000008a400000, 0x000000008a300000| Updating 
| 164|0x000000008a400000, 0x000000008a500000, 0x000000008a500000|100%| O|  |TAMS 0x000000008a500000, 0x000000008a400000| Updating 
| 165|0x000000008a500000, 0x000000008a600000, 0x000000008a600000|100%| O|  |TAMS 0x000000008a600000, 0x000000008a500000| Updating 
| 166|0x000000008a600000, 0x000000008a700000, 0x000000008a700000|100%| O|  |TAMS 0x000000008a700000, 0x000000008a600000| Updating 
| 167|0x000000008a700000, 0x000000008a800000, 0x000000008a800000|100%|HS|  |TAMS 0x000000008a800000, 0x000000008a700000| Complete 
| 168|0x000000008a800000, 0x000000008a900000, 0x000000008a900000|100%|HC|  |TAMS 0x000000008a900000, 0x000000008a800000| Complete 
| 169|0x000000008a900000, 0x000000008aa00000, 0x000000008aa00000|100%|HC|  |TAMS 0x000000008aa00000, 0x000000008a900000| Complete 
| 170|0x000000008aa00000, 0x000000008ab00000, 0x000000008ab00000|100%| O|  |TAMS 0x000000008ab00000, 0x000000008aa00000| Updating 
| 171|0x000000008ab00000, 0x000000008ac00000, 0x000000008ac00000|100%| O|  |TAMS 0x000000008ac00000, 0x000000008ab00000| Updating 
| 172|0x000000008ac00000, 0x000000008ad00000, 0x000000008ad00000|100%| O|  |TAMS 0x000000008ad00000, 0x000000008ac00000| Updating 
| 173|0x000000008ad00000, 0x000000008ae00000, 0x000000008ae00000|100%| O|  |TAMS 0x000000008ae00000, 0x000000008ad00000| Updating 
| 174|0x000000008ae00000, 0x000000008af00000, 0x000000008af00000|100%| O|  |TAMS 0x000000008af00000, 0x000000008ae00000| Updating 
| 175|0x000000008af00000, 0x000000008b000000, 0x000000008b000000|100%|HS|  |TAMS 0x000000008b000000, 0x000000008af00000| Complete 
| 176|0x000000008b000000, 0x000000008b100000, 0x000000008b100000|100%|HC|  |TAMS 0x000000008b100000, 0x000000008b000000| Complete 
| 177|0x000000008b100000, 0x000000008b200000, 0x000000008b200000|100%| O|  |TAMS 0x000000008b200000, 0x000000008b100000| Updating 
| 178|0x000000008b200000, 0x000000008b300000, 0x000000008b300000|100%| O|  |TAMS 0x000000008b300000, 0x000000008b200000| Updating 
| 179|0x000000008b300000, 0x000000008b400000, 0x000000008b400000|100%| O|  |TAMS 0x000000008b400000, 0x000000008b300000| Updating 
| 180|0x000000008b400000, 0x000000008b500000, 0x000000008b500000|100%| O|  |TAMS 0x000000008b500000, 0x000000008b400000| Updating 
| 181|0x000000008b500000, 0x000000008b600000, 0x000000008b600000|100%| O|  |TAMS 0x000000008b600000, 0x000000008b500000| Updating 
| 182|0x000000008b600000, 0x000000008b700000, 0x000000008b700000|100%| O|  |TAMS 0x000000008b700000, 0x000000008b600000| Updating 
| 183|0x000000008b700000, 0x000000008b800000, 0x000000008b800000|100%| O|  |TAMS 0x000000008b800000, 0x000000008b700000| Updating 
| 184|0x000000008b800000, 0x000000008b900000, 0x000000008b900000|100%| O|  |TAMS 0x000000008b900000, 0x000000008b800000| Updating 
| 185|0x000000008b900000, 0x000000008ba00000, 0x000000008ba00000|100%| O|  |TAMS 0x000000008ba00000, 0x000000008b900000| Updating 
| 186|0x000000008ba00000, 0x000000008bb00000, 0x000000008bb00000|100%| O|  |TAMS 0x000000008bb00000, 0x000000008ba00000| Updating 
| 187|0x000000008bb00000, 0x000000008bc00000, 0x000000008bc00000|100%| O|  |TAMS 0x000000008bc00000, 0x000000008bb00000| Updating 
| 188|0x000000008bc00000, 0x000000008bd00000, 0x000000008bd00000|100%|HS|  |TAMS 0x000000008bd00000, 0x000000008bc00000| Complete 
| 189|0x000000008bd00000, 0x000000008be00000, 0x000000008be00000|100%|HC|  |TAMS 0x000000008be00000, 0x000000008bd00000| Complete 
| 190|0x000000008be00000, 0x000000008bf00000, 0x000000008bf00000|100%|HC|  |TAMS 0x000000008bf00000, 0x000000008be00000| Complete 
| 191|0x000000008bf00000, 0x000000008c000000, 0x000000008c000000|100%|HC|  |TAMS 0x000000008c000000, 0x000000008bf00000| Complete 
| 192|0x000000008c000000, 0x000000008c100000, 0x000000008c100000|100%|HC|  |TAMS 0x000000008c100000, 0x000000008c000000| Complete 
| 193|0x000000008c100000, 0x000000008c200000, 0x000000008c200000|100%|HC|  |TAMS 0x000000008c200000, 0x000000008c100000| Complete 
| 194|0x000000008c200000, 0x000000008c300000, 0x000000008c300000|100%| O|  |TAMS 0x000000008c300000, 0x000000008c200000| Updating 
| 195|0x000000008c300000, 0x000000008c400000, 0x000000008c400000|100%| O|  |TAMS 0x000000008c300000, 0x000000008c300000| Untracked 
| 196|0x000000008c400000, 0x000000008c500000, 0x000000008c500000|100%| O|  |TAMS 0x000000008c400000, 0x000000008c400000| Untracked 
| 197|0x000000008c500000, 0x000000008c600000, 0x000000008c600000|100%| O|  |TAMS 0x000000008c600000, 0x000000008c500000| Updating 
| 198|0x000000008c600000, 0x000000008c700000, 0x000000008c700000|100%| O|  |TAMS 0x000000008c700000, 0x000000008c600000| Updating 
| 199|0x000000008c700000, 0x000000008c800000, 0x000000008c800000|100%| O|  |TAMS 0x000000008c800000, 0x000000008c700000| Updating 
| 200|0x000000008c800000, 0x000000008c900000, 0x000000008c900000|100%|HS|  |TAMS 0x000000008c900000, 0x000000008c800000| Complete 
| 201|0x000000008c900000, 0x000000008ca00000, 0x000000008ca00000|100%|HC|  |TAMS 0x000000008ca00000, 0x000000008c900000| Complete 
| 202|0x000000008ca00000, 0x000000008cb00000, 0x000000008cb00000|100%|HC|  |TAMS 0x000000008cb00000, 0x000000008ca00000| Complete 
| 203|0x000000008cb00000, 0x000000008cc00000, 0x000000008cc00000|100%|HC|  |TAMS 0x000000008cc00000, 0x000000008cb00000| Complete 
| 204|0x000000008cc00000, 0x000000008cd00000, 0x000000008cd00000|100%| O|  |TAMS 0x000000008cd00000, 0x000000008cc00000| Updating 
| 205|0x000000008cd00000, 0x000000008ce00000, 0x000000008ce00000|100%|HS|  |TAMS 0x000000008ce00000, 0x000000008cd00000| Complete 
| 206|0x000000008ce00000, 0x000000008cf00000, 0x000000008cf00000|100%| O|  |TAMS 0x000000008cf00000, 0x000000008ce00000| Updating 
| 207|0x000000008cf00000, 0x000000008d000000, 0x000000008d000000|100%|HS|  |TAMS 0x000000008d000000, 0x000000008cf00000| Complete 
| 208|0x000000008d000000, 0x000000008d100000, 0x000000008d100000|100%| O|  |TAMS 0x000000008d100000, 0x000000008d000000| Updating 
| 209|0x000000008d100000, 0x000000008d200000, 0x000000008d200000|100%|HS|  |TAMS 0x000000008d200000, 0x000000008d100000| Complete 
| 210|0x000000008d200000, 0x000000008d300000, 0x000000008d300000|100%| O|  |TAMS 0x000000008d200000, 0x000000008d200000| Untracked 
| 211|0x000000008d300000, 0x000000008d400000, 0x000000008d400000|100%|HS|  |TAMS 0x000000008d400000, 0x000000008d300000| Complete 
| 212|0x000000008d400000, 0x000000008d500000, 0x000000008d500000|100%| O|  |TAMS 0x000000008d500000, 0x000000008d400000| Updating 
| 213|0x000000008d500000, 0x000000008d600000, 0x000000008d600000|100%| O|  |TAMS 0x000000008d600000, 0x000000008d500000| Updating 
| 214|0x000000008d600000, 0x000000008d700000, 0x000000008d700000|100%| O|  |TAMS 0x000000008d700000, 0x000000008d600000| Updating 
| 215|0x000000008d700000, 0x000000008d800000, 0x000000008d800000|100%|HS|  |TAMS 0x000000008d800000, 0x000000008d700000| Complete 
| 216|0x000000008d800000, 0x000000008d900000, 0x000000008d900000|100%|HC|  |TAMS 0x000000008d900000, 0x000000008d800000| Complete 
| 217|0x000000008d900000, 0x000000008da00000, 0x000000008da00000|100%| O|  |TAMS 0x000000008da00000, 0x000000008d900000| Updating 
| 218|0x000000008da00000, 0x000000008db00000, 0x000000008db00000|100%|HS|  |TAMS 0x000000008db00000, 0x000000008da00000| Complete 
| 219|0x000000008db00000, 0x000000008dc00000, 0x000000008dc00000|100%| O|  |TAMS 0x000000008dc00000, 0x000000008db00000| Updating 
| 220|0x000000008dc00000, 0x000000008dd00000, 0x000000008dd00000|100%| O|  |TAMS 0x000000008dd00000, 0x000000008dc00000| Updating 
| 221|0x000000008dd00000, 0x000000008de00000, 0x000000008de00000|100%| O|  |TAMS 0x000000008de00000, 0x000000008dd00000| Updating 
| 222|0x000000008de00000, 0x000000008df00000, 0x000000008df00000|100%|HS|  |TAMS 0x000000008df00000, 0x000000008de00000| Complete 
| 223|0x000000008df00000, 0x000000008e000000, 0x000000008e000000|100%|HC|  |TAMS 0x000000008e000000, 0x000000008df00000| Complete 
| 224|0x000000008e000000, 0x000000008e100000, 0x000000008e100000|100%| O|  |TAMS 0x000000008e100000, 0x000000008e000000| Updating 
| 225|0x000000008e100000, 0x000000008e200000, 0x000000008e200000|100%| O|  |TAMS 0x000000008e200000, 0x000000008e100000| Updating 
| 226|0x000000008e200000, 0x000000008e300000, 0x000000008e300000|100%| O|  |TAMS 0x000000008e300000, 0x000000008e200000| Updating 
| 227|0x000000008e300000, 0x000000008e400000, 0x000000008e400000|100%| O|  |TAMS 0x000000008e400000, 0x000000008e300000| Updating 
| 228|0x000000008e400000, 0x000000008e500000, 0x000000008e500000|100%| O|  |TAMS 0x000000008e500000, 0x000000008e400000| Updating 
| 229|0x000000008e500000, 0x000000008e600000, 0x000000008e600000|100%| O|  |TAMS 0x000000008e600000, 0x000000008e500000| Updating 
| 230|0x000000008e600000, 0x000000008e700000, 0x000000008e700000|100%| O|  |TAMS 0x000000008e700000, 0x000000008e600000| Updating 
| 231|0x000000008e700000, 0x000000008e800000, 0x000000008e800000|100%| O|  |TAMS 0x000000008e800000, 0x000000008e700000| Updating 
| 232|0x000000008e800000, 0x000000008e900000, 0x000000008e900000|100%|HS|  |TAMS 0x000000008e900000, 0x000000008e800000| Complete 
| 233|0x000000008e900000, 0x000000008ea00000, 0x000000008ea00000|100%|HC|  |TAMS 0x000000008ea00000, 0x000000008e900000| Complete 
| 234|0x000000008ea00000, 0x000000008eb00000, 0x000000008eb00000|100%|HS|  |TAMS 0x000000008eb00000, 0x000000008ea00000| Complete 
| 235|0x000000008eb00000, 0x000000008ec00000, 0x000000008ec00000|100%|HC|  |TAMS 0x000000008ec00000, 0x000000008eb00000| Complete 
| 236|0x000000008ec00000, 0x000000008ed00000, 0x000000008ed00000|100%|HC|  |TAMS 0x000000008ed00000, 0x000000008ec00000| Complete 
| 237|0x000000008ed00000, 0x000000008ee00000, 0x000000008ee00000|100%|HS|  |TAMS 0x000000008ee00000, 0x000000008ed00000| Complete 
| 238|0x000000008ee00000, 0x000000008ef00000, 0x000000008ef00000|100%| O|  |TAMS 0x000000008ef00000, 0x000000008ee00000| Updating 
| 239|0x000000008ef00000, 0x000000008f000000, 0x000000008f000000|100%| O|  |TAMS 0x000000008f000000, 0x000000008ef00000| Updating 
| 240|0x000000008f000000, 0x000000008f100000, 0x000000008f100000|100%| O|  |TAMS 0x000000008f100000, 0x000000008f000000| Updating 
| 241|0x000000008f100000, 0x000000008f200000, 0x000000008f200000|100%| O|  |TAMS 0x000000008f200000, 0x000000008f100000| Updating 
| 242|0x000000008f200000, 0x000000008f300000, 0x000000008f300000|100%| O|  |TAMS 0x000000008f300000, 0x000000008f200000| Updating 
| 243|0x000000008f300000, 0x000000008f400000, 0x000000008f400000|100%| O|  |TAMS 0x000000008f400000, 0x000000008f300000| Updating 
| 244|0x000000008f400000, 0x000000008f500000, 0x000000008f500000|100%| O|  |TAMS 0x000000008f500000, 0x000000008f400000| Updating 
| 245|0x000000008f500000, 0x000000008f600000, 0x000000008f600000|100%| O|  |TAMS 0x000000008f600000, 0x000000008f500000| Updating 
| 246|0x000000008f600000, 0x000000008f700000, 0x000000008f700000|100%| O|  |TAMS 0x000000008f700000, 0x000000008f600000| Updating 
| 247|0x000000008f700000, 0x000000008f800000, 0x000000008f800000|100%| O|  |TAMS 0x000000008f800000, 0x000000008f700000| Updating 
| 248|0x000000008f800000, 0x000000008f900000, 0x000000008f900000|100%| O|  |TAMS 0x000000008f900000, 0x000000008f800000| Updating 
| 249|0x000000008f900000, 0x000000008fa00000, 0x000000008fa00000|100%| O|  |TAMS 0x000000008fa00000, 0x000000008f900000| Updating 
| 250|0x000000008fa00000, 0x000000008fb00000, 0x000000008fb00000|100%| O|  |TAMS 0x000000008fb00000, 0x000000008fa00000| Updating 
| 251|0x000000008fb00000, 0x000000008fc00000, 0x000000008fc00000|100%| O|  |TAMS 0x000000008fc00000, 0x000000008fb00000| Updating 
| 252|0x000000008fc00000, 0x000000008fd00000, 0x000000008fd00000|100%| O|  |TAMS 0x000000008fd00000, 0x000000008fc00000| Updating 
| 253|0x000000008fd00000, 0x000000008fe00000, 0x000000008fe00000|100%| O|  |TAMS 0x000000008fe00000, 0x000000008fd00000| Updating 
| 254|0x000000008fe00000, 0x000000008ff00000, 0x000000008ff00000|100%| O|  |TAMS 0x000000008ff00000, 0x000000008fe00000| Updating 
| 255|0x000000008ff00000, 0x0000000090000000, 0x0000000090000000|100%| O|  |TAMS 0x0000000090000000, 0x000000008ff00000| Updating 
| 256|0x0000000090000000, 0x0000000090100000, 0x0000000090100000|100%| O|  |TAMS 0x0000000090100000, 0x0000000090000000| Updating 
| 257|0x0000000090100000, 0x0000000090200000, 0x0000000090200000|100%|HS|  |TAMS 0x0000000090200000, 0x0000000090100000| Complete 
| 258|0x0000000090200000, 0x0000000090300000, 0x0000000090300000|100%| O|  |TAMS 0x0000000090300000, 0x0000000090200000| Updating 
| 259|0x0000000090300000, 0x0000000090400000, 0x0000000090400000|100%| O|  |TAMS 0x0000000090400000, 0x0000000090300000| Updating 
| 260|0x0000000090400000, 0x0000000090500000, 0x0000000090500000|100%| O|  |TAMS 0x0000000090500000, 0x0000000090400000| Updating 
| 261|0x0000000090500000, 0x0000000090600000, 0x0000000090600000|100%| O|  |TAMS 0x0000000090600000, 0x0000000090500000| Updating 
| 262|0x0000000090600000, 0x0000000090700000, 0x0000000090700000|100%| O|  |TAMS 0x0000000090700000, 0x0000000090600000| Updating 
| 263|0x0000000090700000, 0x0000000090800000, 0x0000000090800000|100%| O|  |TAMS 0x0000000090800000, 0x0000000090700000| Updating 
| 264|0x0000000090800000, 0x0000000090900000, 0x0000000090900000|100%| O|  |TAMS 0x0000000090900000, 0x0000000090800000| Updating 
| 265|0x0000000090900000, 0x0000000090a00000, 0x0000000090a00000|100%| O|  |TAMS 0x0000000090a00000, 0x0000000090900000| Updating 
| 266|0x0000000090a00000, 0x0000000090b00000, 0x0000000090b00000|100%| O|  |TAMS 0x0000000090b00000, 0x0000000090a00000| Updating 
| 267|0x0000000090b00000, 0x0000000090c00000, 0x0000000090c00000|100%| O|  |TAMS 0x0000000090c00000, 0x0000000090b00000| Updating 
| 268|0x0000000090c00000, 0x0000000090d00000, 0x0000000090d00000|100%| O|  |TAMS 0x0000000090d00000, 0x0000000090c00000| Updating 
| 269|0x0000000090d00000, 0x0000000090e00000, 0x0000000090e00000|100%| O|  |TAMS 0x0000000090e00000, 0x0000000090d00000| Updating 
| 270|0x0000000090e00000, 0x0000000090f00000, 0x0000000090f00000|100%| O|  |TAMS 0x0000000090f00000, 0x0000000090e00000| Updating 
| 271|0x0000000090f00000, 0x0000000091000000, 0x0000000091000000|100%| O|  |TAMS 0x0000000091000000, 0x0000000090f00000| Updating 
| 272|0x0000000091000000, 0x0000000091100000, 0x0000000091100000|100%| O|  |TAMS 0x0000000091100000, 0x0000000091000000| Updating 
| 273|0x0000000091100000, 0x0000000091200000, 0x0000000091200000|100%| O|  |TAMS 0x0000000091200000, 0x0000000091100000| Updating 
| 274|0x0000000091200000, 0x0000000091300000, 0x0000000091300000|100%| O|  |TAMS 0x0000000091300000, 0x0000000091200000| Updating 
| 275|0x0000000091300000, 0x0000000091400000, 0x0000000091400000|100%| O|  |TAMS 0x0000000091400000, 0x0000000091300000| Updating 
| 276|0x0000000091400000, 0x0000000091500000, 0x0000000091500000|100%| O|  |TAMS 0x0000000091500000, 0x0000000091400000| Updating 
| 277|0x0000000091500000, 0x0000000091600000, 0x0000000091600000|100%| O|  |TAMS 0x0000000091600000, 0x0000000091500000| Updating 
| 278|0x0000000091600000, 0x0000000091700000, 0x0000000091700000|100%| O|  |TAMS 0x0000000091700000, 0x0000000091600000| Updating 
| 279|0x0000000091700000, 0x0000000091800000, 0x0000000091800000|100%| O|  |TAMS 0x0000000091800000, 0x0000000091700000| Updating 
| 280|0x0000000091800000, 0x0000000091900000, 0x0000000091900000|100%| O|  |TAMS 0x0000000091900000, 0x0000000091800000| Updating 
| 281|0x0000000091900000, 0x0000000091a00000, 0x0000000091a00000|100%| O|  |TAMS 0x0000000091a00000, 0x0000000091900000| Updating 
| 282|0x0000000091a00000, 0x0000000091b00000, 0x0000000091b00000|100%| O|  |TAMS 0x0000000091b00000, 0x0000000091a00000| Updating 
| 283|0x0000000091b00000, 0x0000000091c00000, 0x0000000091c00000|100%| O|  |TAMS 0x0000000091c00000, 0x0000000091b00000| Updating 
| 284|0x0000000091c00000, 0x0000000091d00000, 0x0000000091d00000|100%| O|  |TAMS 0x0000000091d00000, 0x0000000091c00000| Updating 
| 285|0x0000000091d00000, 0x0000000091e00000, 0x0000000091e00000|100%| O|  |TAMS 0x0000000091e00000, 0x0000000091d00000| Updating 
| 286|0x0000000091e00000, 0x0000000091f00000, 0x0000000091f00000|100%| O|  |TAMS 0x0000000091f00000, 0x0000000091e00000| Updating 
| 287|0x0000000091f00000, 0x0000000092000000, 0x0000000092000000|100%| O|  |TAMS 0x0000000092000000, 0x0000000091f00000| Updating 
| 288|0x0000000092000000, 0x0000000092100000, 0x0000000092100000|100%| O|  |TAMS 0x0000000092100000, 0x0000000092000000| Updating 
| 289|0x0000000092100000, 0x0000000092200000, 0x0000000092200000|100%| O|  |TAMS 0x0000000092200000, 0x0000000092100000| Updating 
| 290|0x0000000092200000, 0x0000000092300000, 0x0000000092300000|100%| O|  |TAMS 0x0000000092300000, 0x0000000092200000| Updating 
| 291|0x0000000092300000, 0x0000000092400000, 0x0000000092400000|100%| O|  |TAMS 0x0000000092400000, 0x0000000092300000| Updating 
| 292|0x0000000092400000, 0x0000000092500000, 0x0000000092500000|100%| O|  |TAMS 0x0000000092500000, 0x0000000092400000| Updating 
| 293|0x0000000092500000, 0x0000000092600000, 0x0000000092600000|100%| O|  |TAMS 0x0000000092600000, 0x0000000092500000| Updating 
| 294|0x0000000092600000, 0x0000000092700000, 0x0000000092700000|100%| O|  |TAMS 0x0000000092700000, 0x0000000092600000| Updating 
| 295|0x0000000092700000, 0x0000000092800000, 0x0000000092800000|100%| O|  |TAMS 0x0000000092800000, 0x0000000092700000| Updating 
| 296|0x0000000092800000, 0x0000000092900000, 0x0000000092900000|100%| O|  |TAMS 0x0000000092900000, 0x0000000092800000| Updating 
| 297|0x0000000092900000, 0x0000000092a00000, 0x0000000092a00000|100%| O|  |TAMS 0x0000000092a00000, 0x0000000092900000| Updating 
| 298|0x0000000092a00000, 0x0000000092b00000, 0x0000000092b00000|100%| O|  |TAMS 0x0000000092b00000, 0x0000000092a00000| Updating 
| 299|0x0000000092b00000, 0x0000000092c00000, 0x0000000092c00000|100%| O|  |TAMS 0x0000000092c00000, 0x0000000092b00000| Updating 
| 300|0x0000000092c00000, 0x0000000092d00000, 0x0000000092d00000|100%| O|  |TAMS 0x0000000092d00000, 0x0000000092c00000| Updating 
| 301|0x0000000092d00000, 0x0000000092e00000, 0x0000000092e00000|100%| O|  |TAMS 0x0000000092e00000, 0x0000000092d00000| Updating 
| 302|0x0000000092e00000, 0x0000000092f00000, 0x0000000092f00000|100%| O|  |TAMS 0x0000000092f00000, 0x0000000092e00000| Updating 
| 303|0x0000000092f00000, 0x0000000093000000, 0x0000000093000000|100%| O|  |TAMS 0x0000000093000000, 0x0000000092f00000| Updating 
| 304|0x0000000093000000, 0x0000000093100000, 0x0000000093100000|100%| O|  |TAMS 0x0000000093100000, 0x0000000093000000| Updating 
| 305|0x0000000093100000, 0x0000000093200000, 0x0000000093200000|100%| O|  |TAMS 0x0000000093200000, 0x0000000093100000| Updating 
| 306|0x0000000093200000, 0x0000000093300000, 0x0000000093300000|100%| O|  |TAMS 0x0000000093300000, 0x0000000093200000| Updating 
| 307|0x0000000093300000, 0x0000000093400000, 0x0000000093400000|100%| O|  |TAMS 0x0000000093400000, 0x0000000093300000| Updating 
| 308|0x0000000093400000, 0x0000000093500000, 0x0000000093500000|100%| O|  |TAMS 0x0000000093500000, 0x0000000093400000| Updating 
| 309|0x0000000093500000, 0x0000000093600000, 0x0000000093600000|100%| O|  |TAMS 0x0000000093600000, 0x0000000093500000| Updating 
| 310|0x0000000093600000, 0x0000000093700000, 0x0000000093700000|100%| O|  |TAMS 0x0000000093700000, 0x0000000093600000| Updating 
| 311|0x0000000093700000, 0x0000000093800000, 0x0000000093800000|100%| O|  |TAMS 0x0000000093800000, 0x0000000093700000| Updating 
| 312|0x0000000093800000, 0x0000000093900000, 0x0000000093900000|100%| O|  |TAMS 0x0000000093900000, 0x0000000093800000| Updating 
| 313|0x0000000093900000, 0x0000000093a00000, 0x0000000093a00000|100%| O|  |TAMS 0x0000000093a00000, 0x0000000093900000| Updating 
| 314|0x0000000093a00000, 0x0000000093b00000, 0x0000000093b00000|100%| O|  |TAMS 0x0000000093b00000, 0x0000000093a00000| Updating 
| 315|0x0000000093b00000, 0x0000000093c00000, 0x0000000093c00000|100%| O|  |TAMS 0x0000000093c00000, 0x0000000093b00000| Updating 
| 316|0x0000000093c00000, 0x0000000093d00000, 0x0000000093d00000|100%| O|  |TAMS 0x0000000093d00000, 0x0000000093c00000| Updating 
| 317|0x0000000093d00000, 0x0000000093e00000, 0x0000000093e00000|100%| O|  |TAMS 0x0000000093e00000, 0x0000000093d00000| Updating 
| 318|0x0000000093e00000, 0x0000000093f00000, 0x0000000093f00000|100%| O|  |TAMS 0x0000000093f00000, 0x0000000093e00000| Updating 
| 319|0x0000000093f00000, 0x0000000094000000, 0x0000000094000000|100%| O|  |TAMS 0x0000000094000000, 0x0000000093f00000| Updating 
| 320|0x0000000094000000, 0x0000000094100000, 0x0000000094100000|100%| O|  |TAMS 0x0000000094100000, 0x0000000094000000| Updating 
| 321|0x0000000094100000, 0x0000000094200000, 0x0000000094200000|100%| O|  |TAMS 0x0000000094200000, 0x0000000094100000| Updating 
| 322|0x0000000094200000, 0x0000000094300000, 0x0000000094300000|100%| O|  |TAMS 0x0000000094300000, 0x0000000094200000| Updating 
| 323|0x0000000094300000, 0x0000000094400000, 0x0000000094400000|100%| O|  |TAMS 0x0000000094400000, 0x0000000094300000| Updating 
| 324|0x0000000094400000, 0x0000000094500000, 0x0000000094500000|100%| O|  |TAMS 0x0000000094500000, 0x0000000094400000| Updating 
| 325|0x0000000094500000, 0x0000000094600000, 0x0000000094600000|100%| O|  |TAMS 0x0000000094600000, 0x0000000094500000| Updating 
| 326|0x0000000094600000, 0x0000000094700000, 0x0000000094700000|100%| O|  |TAMS 0x0000000094700000, 0x0000000094600000| Updating 
| 327|0x0000000094700000, 0x0000000094800000, 0x0000000094800000|100%| O|  |TAMS 0x0000000094800000, 0x0000000094700000| Updating 
| 328|0x0000000094800000, 0x0000000094900000, 0x0000000094900000|100%| O|  |TAMS 0x0000000094900000, 0x0000000094800000| Updating 
| 329|0x0000000094900000, 0x0000000094a00000, 0x0000000094a00000|100%| O|  |TAMS 0x0000000094a00000, 0x0000000094900000| Updating 
| 330|0x0000000094a00000, 0x0000000094b00000, 0x0000000094b00000|100%| O|  |TAMS 0x0000000094b00000, 0x0000000094a00000| Updating 
| 331|0x0000000094b00000, 0x0000000094c00000, 0x0000000094c00000|100%| O|  |TAMS 0x0000000094c00000, 0x0000000094b00000| Updating 
| 332|0x0000000094c00000, 0x0000000094d00000, 0x0000000094d00000|100%| O|  |TAMS 0x0000000094d00000, 0x0000000094c00000| Updating 
| 333|0x0000000094d00000, 0x0000000094e00000, 0x0000000094e00000|100%| O|  |TAMS 0x0000000094e00000, 0x0000000094d00000| Updating 
| 334|0x0000000094e00000, 0x0000000094f00000, 0x0000000094f00000|100%| O|  |TAMS 0x0000000094f00000, 0x0000000094e00000| Updating 
| 335|0x0000000094f00000, 0x0000000095000000, 0x0000000095000000|100%| O|  |TAMS 0x0000000095000000, 0x0000000094f00000| Updating 
| 336|0x0000000095000000, 0x0000000095100000, 0x0000000095100000|100%| O|  |TAMS 0x0000000095100000, 0x0000000095000000| Updating 
| 337|0x0000000095100000, 0x0000000095200000, 0x0000000095200000|100%| O|  |TAMS 0x0000000095100000, 0x0000000095100000| Untracked 
| 338|0x0000000095200000, 0x0000000095300000, 0x0000000095300000|100%| O|  |TAMS 0x0000000095200000, 0x0000000095200000| Untracked 
| 339|0x0000000095300000, 0x0000000095400000, 0x0000000095400000|100%| O|  |TAMS 0x0000000095300000, 0x0000000095300000| Untracked 
| 340|0x0000000095400000, 0x0000000095500000, 0x0000000095500000|100%| O|  |TAMS 0x0000000095400000, 0x0000000095400000| Untracked 
| 341|0x0000000095500000, 0x0000000095600000, 0x0000000095600000|100%| O|  |TAMS 0x0000000095500000, 0x0000000095500000| Untracked 
| 342|0x0000000095600000, 0x0000000095700000, 0x0000000095700000|100%| O|  |TAMS 0x0000000095600000, 0x0000000095600000| Untracked 
| 343|0x0000000095700000, 0x0000000095800000, 0x0000000095800000|100%| O|  |TAMS 0x0000000095700000, 0x0000000095700000| Untracked 
| 344|0x0000000095800000, 0x0000000095900000, 0x0000000095900000|100%| O|  |TAMS 0x0000000095800000, 0x0000000095800000| Untracked 
| 345|0x0000000095900000, 0x0000000095a00000, 0x0000000095a00000|100%| O|  |TAMS 0x0000000095900000, 0x0000000095900000| Untracked 
| 346|0x0000000095a00000, 0x0000000095b00000, 0x0000000095b00000|100%| O|  |TAMS 0x0000000095a00000, 0x0000000095a00000| Untracked 
| 347|0x0000000095b00000, 0x0000000095c00000, 0x0000000095c00000|100%| O|  |TAMS 0x0000000095b00000, 0x0000000095b00000| Untracked 
| 348|0x0000000095c00000, 0x0000000095d00000, 0x0000000095d00000|100%| O|  |TAMS 0x0000000095c00000, 0x0000000095c00000| Untracked 
| 349|0x0000000095d00000, 0x0000000095e00000, 0x0000000095e00000|100%| O|  |TAMS 0x0000000095d00000, 0x0000000095d00000| Untracked 
| 350|0x0000000095e00000, 0x0000000095f00000, 0x0000000095f00000|100%| O|  |TAMS 0x0000000095e00000, 0x0000000095e00000| Untracked 
| 351|0x0000000095f00000, 0x0000000096000000, 0x0000000096000000|100%| O|  |TAMS 0x0000000095f00000, 0x0000000095f00000| Untracked 
| 352|0x0000000096000000, 0x0000000096100000, 0x0000000096100000|100%| O|  |TAMS 0x0000000096000000, 0x0000000096000000| Untracked 
| 353|0x0000000096100000, 0x0000000096200000, 0x0000000096200000|100%| O|  |TAMS 0x0000000096100000, 0x0000000096100000| Untracked 
| 354|0x0000000096200000, 0x0000000096300000, 0x0000000096300000|100%| O|  |TAMS 0x0000000096200000, 0x0000000096200000| Untracked 
| 355|0x0000000096300000, 0x0000000096400000, 0x0000000096400000|100%| O|  |TAMS 0x0000000096300000, 0x0000000096300000| Untracked 
| 356|0x0000000096400000, 0x0000000096500000, 0x0000000096500000|100%| O|  |TAMS 0x0000000096400000, 0x0000000096400000| Untracked 
| 357|0x0000000096500000, 0x0000000096600000, 0x0000000096600000|100%| O|  |TAMS 0x0000000096500000, 0x0000000096500000| Untracked 
| 358|0x0000000096600000, 0x0000000096700000, 0x0000000096700000|100%| O|  |TAMS 0x0000000096600000, 0x0000000096600000| Untracked 
| 359|0x0000000096700000, 0x0000000096800000, 0x0000000096800000|100%| O|  |TAMS 0x0000000096700000, 0x0000000096700000| Untracked 
| 360|0x0000000096800000, 0x0000000096900000, 0x0000000096900000|100%| O|  |TAMS 0x0000000096800000, 0x0000000096800000| Untracked 
| 361|0x0000000096900000, 0x0000000096a00000, 0x0000000096a00000|100%| O|  |TAMS 0x0000000096900000, 0x0000000096900000| Untracked 
| 362|0x0000000096a00000, 0x0000000096b00000, 0x0000000096b00000|100%| O|  |TAMS 0x0000000096a00000, 0x0000000096a00000| Untracked 
| 363|0x0000000096b00000, 0x0000000096c00000, 0x0000000096c00000|100%| O|  |TAMS 0x0000000096b00000, 0x0000000096b00000| Untracked 
| 364|0x0000000096c00000, 0x0000000096d00000, 0x0000000096d00000|100%| O|  |TAMS 0x0000000096c00000, 0x0000000096c00000| Untracked 
| 365|0x0000000096d00000, 0x0000000096e00000, 0x0000000096e00000|100%| O|  |TAMS 0x0000000096d00000, 0x0000000096d00000| Untracked 
| 366|0x0000000096e00000, 0x0000000096f00000, 0x0000000096f00000|100%| O|  |TAMS 0x0000000096e00000, 0x0000000096e00000| Untracked 
| 367|0x0000000096f00000, 0x0000000097000000, 0x0000000097000000|100%| O|  |TAMS 0x0000000096f00000, 0x0000000096f00000| Untracked 
| 368|0x0000000097000000, 0x0000000097100000, 0x0000000097100000|100%| O|  |TAMS 0x0000000097000000, 0x0000000097000000| Untracked 
| 369|0x0000000097100000, 0x0000000097200000, 0x0000000097200000|100%| O|  |TAMS 0x0000000097100000, 0x0000000097100000| Untracked 
| 370|0x0000000097200000, 0x0000000097300000, 0x0000000097300000|100%| O|  |TAMS 0x0000000097200000, 0x0000000097200000| Untracked 
| 371|0x0000000097300000, 0x0000000097400000, 0x0000000097400000|100%| O|  |TAMS 0x0000000097300000, 0x0000000097300000| Untracked 
| 372|0x0000000097400000, 0x0000000097500000, 0x0000000097500000|100%| O|  |TAMS 0x0000000097400000, 0x0000000097400000| Untracked 
| 373|0x0000000097500000, 0x0000000097600000, 0x0000000097600000|100%| O|  |TAMS 0x0000000097500000, 0x0000000097500000| Untracked 
| 374|0x0000000097600000, 0x0000000097700000, 0x0000000097700000|100%| O|  |TAMS 0x0000000097600000, 0x0000000097600000| Untracked 
| 375|0x0000000097700000, 0x0000000097800000, 0x0000000097800000|100%| O|  |TAMS 0x0000000097700000, 0x0000000097700000| Untracked 
| 376|0x0000000097800000, 0x0000000097900000, 0x0000000097900000|100%| O|  |TAMS 0x0000000097800000, 0x0000000097800000| Untracked 
| 377|0x0000000097900000, 0x0000000097a00000, 0x0000000097a00000|100%| O|  |TAMS 0x0000000097900000, 0x0000000097900000| Untracked 
| 378|0x0000000097a00000, 0x0000000097b00000, 0x0000000097b00000|100%| O|  |TAMS 0x0000000097a00000, 0x0000000097a00000| Untracked 
| 379|0x0000000097b00000, 0x0000000097c00000, 0x0000000097c00000|100%| O|  |TAMS 0x0000000097b00000, 0x0000000097b00000| Untracked 
| 380|0x0000000097c00000, 0x0000000097d00000, 0x0000000097d00000|100%| O|  |TAMS 0x0000000097c00000, 0x0000000097c00000| Untracked 
| 381|0x0000000097d00000, 0x0000000097e00000, 0x0000000097e00000|100%| O|  |TAMS 0x0000000097d00000, 0x0000000097d00000| Untracked 
| 382|0x0000000097e00000, 0x0000000097f00000, 0x0000000097f00000|100%| O|  |TAMS 0x0000000097e00000, 0x0000000097e00000| Untracked 
| 383|0x0000000097f00000, 0x0000000098000000, 0x0000000098000000|100%| O|  |TAMS 0x0000000097f00000, 0x0000000097f00000| Untracked 
| 384|0x0000000098000000, 0x0000000098100000, 0x0000000098100000|100%| O|  |TAMS 0x0000000098000000, 0x0000000098000000| Untracked 
| 385|0x0000000098100000, 0x0000000098200000, 0x0000000098200000|100%| O|  |TAMS 0x0000000098100000, 0x0000000098100000| Untracked 
| 386|0x0000000098200000, 0x0000000098300000, 0x0000000098300000|100%| O|  |TAMS 0x0000000098200000, 0x0000000098200000| Untracked 
| 387|0x0000000098300000, 0x0000000098400000, 0x0000000098400000|100%| O|  |TAMS 0x0000000098300000, 0x0000000098300000| Untracked 
| 388|0x0000000098400000, 0x0000000098500000, 0x0000000098500000|100%| O|  |TAMS 0x0000000098400000, 0x0000000098400000| Untracked 
| 389|0x0000000098500000, 0x0000000098600000, 0x0000000098600000|100%| O|  |TAMS 0x0000000098500000, 0x0000000098500000| Untracked 
| 390|0x0000000098600000, 0x0000000098700000, 0x0000000098700000|100%| O|  |TAMS 0x0000000098600000, 0x0000000098600000| Untracked 
| 391|0x0000000098700000, 0x0000000098800000, 0x0000000098800000|100%| O|  |TAMS 0x0000000098700000, 0x0000000098700000| Untracked 
| 392|0x0000000098800000, 0x0000000098900000, 0x0000000098900000|100%| O|  |TAMS 0x0000000098800000, 0x0000000098800000| Untracked 
| 393|0x0000000098900000, 0x0000000098a00000, 0x0000000098a00000|100%| O|  |TAMS 0x0000000098900000, 0x0000000098900000| Untracked 
| 394|0x0000000098a00000, 0x0000000098a80000, 0x0000000098b00000| 50%| O|  |TAMS 0x0000000098a00000, 0x0000000098a00000| Untracked 
| 395|0x0000000098b00000, 0x0000000098b00000, 0x0000000098c00000|  0%| F|  |TAMS 0x0000000098b00000, 0x0000000098b00000| Untracked 
| 396|0x0000000098c00000, 0x0000000098c00000, 0x0000000098d00000|  0%| F|  |TAMS 0x0000000098c00000, 0x0000000098c00000| Untracked 
| 397|0x0000000098d00000, 0x0000000098d00000, 0x0000000098e00000|  0%| F|  |TAMS 0x0000000098d00000, 0x0000000098d00000| Untracked 
| 398|0x0000000098e00000, 0x0000000098e00000, 0x0000000098f00000|  0%| F|  |TAMS 0x0000000098e00000, 0x0000000098e00000| Untracked 
| 399|0x0000000098f00000, 0x0000000098f00000, 0x0000000099000000|  0%| F|  |TAMS 0x0000000098f00000, 0x0000000098f00000| Untracked 
| 400|0x0000000099000000, 0x0000000099000000, 0x0000000099100000|  0%| F|  |TAMS 0x0000000099000000, 0x0000000099000000| Untracked 
| 401|0x0000000099100000, 0x0000000099100000, 0x0000000099200000|  0%| F|  |TAMS 0x0000000099100000, 0x0000000099100000| Untracked 
| 402|0x0000000099200000, 0x0000000099200000, 0x0000000099300000|  0%| F|  |TAMS 0x0000000099200000, 0x0000000099200000| Untracked 
| 403|0x0000000099300000, 0x0000000099300000, 0x0000000099400000|  0%| F|  |TAMS 0x0000000099300000, 0x0000000099300000| Untracked 
| 404|0x0000000099400000, 0x0000000099400000, 0x0000000099500000|  0%| F|  |TAMS 0x0000000099400000, 0x0000000099400000| Untracked 
| 405|0x0000000099500000, 0x0000000099500000, 0x0000000099600000|  0%| F|  |TAMS 0x0000000099500000, 0x0000000099500000| Untracked 
| 406|0x0000000099600000, 0x0000000099600000, 0x0000000099700000|  0%| F|  |TAMS 0x0000000099600000, 0x0000000099600000| Untracked 
| 407|0x0000000099700000, 0x0000000099700000, 0x0000000099800000|  0%| F|  |TAMS 0x0000000099700000, 0x0000000099700000| Untracked 
| 408|0x0000000099800000, 0x0000000099800000, 0x0000000099900000|  0%| F|  |TAMS 0x0000000099800000, 0x0000000099800000| Untracked 
| 409|0x0000000099900000, 0x0000000099900000, 0x0000000099a00000|  0%| F|  |TAMS 0x0000000099900000, 0x0000000099900000| Untracked 
| 410|0x0000000099a00000, 0x0000000099a00000, 0x0000000099b00000|  0%| F|  |TAMS 0x0000000099a00000, 0x0000000099a00000| Untracked 
| 411|0x0000000099b00000, 0x0000000099b00000, 0x0000000099c00000|  0%| F|  |TAMS 0x0000000099b00000, 0x0000000099b00000| Untracked 
| 412|0x0000000099c00000, 0x0000000099c00000, 0x0000000099d00000|  0%| F|  |TAMS 0x0000000099c00000, 0x0000000099c00000| Untracked 
| 413|0x0000000099d00000, 0x0000000099d00000, 0x0000000099e00000|  0%| F|  |TAMS 0x0000000099d00000, 0x0000000099d00000| Untracked 
| 414|0x0000000099e00000, 0x0000000099e00000, 0x0000000099f00000|  0%| F|  |TAMS 0x0000000099e00000, 0x0000000099e00000| Untracked 
| 415|0x0000000099f00000, 0x0000000099f00000, 0x000000009a000000|  0%| F|  |TAMS 0x0000000099f00000, 0x0000000099f00000| Untracked 
| 416|0x000000009a000000, 0x000000009a000000, 0x000000009a100000|  0%| F|  |TAMS 0x000000009a000000, 0x000000009a000000| Untracked 
| 417|0x000000009a100000, 0x000000009a100000, 0x000000009a200000|  0%| F|  |TAMS 0x000000009a100000, 0x000000009a100000| Untracked 
| 418|0x000000009a200000, 0x000000009a200000, 0x000000009a300000|  0%| F|  |TAMS 0x000000009a200000, 0x000000009a200000| Untracked 
| 419|0x000000009a300000, 0x000000009a300000, 0x000000009a400000|  0%| F|  |TAMS 0x000000009a300000, 0x000000009a300000| Untracked 
| 420|0x000000009a400000, 0x000000009a400000, 0x000000009a500000|  0%| F|  |TAMS 0x000000009a400000, 0x000000009a400000| Untracked 
| 421|0x000000009a500000, 0x000000009a500000, 0x000000009a600000|  0%| F|  |TAMS 0x000000009a500000, 0x000000009a500000| Untracked 
| 422|0x000000009a600000, 0x000000009a600000, 0x000000009a700000|  0%| F|  |TAMS 0x000000009a600000, 0x000000009a600000| Untracked 
| 423|0x000000009a700000, 0x000000009a700000, 0x000000009a800000|  0%| F|  |TAMS 0x000000009a700000, 0x000000009a700000| Untracked 
| 424|0x000000009a800000, 0x000000009a800000, 0x000000009a900000|  0%| F|  |TAMS 0x000000009a800000, 0x000000009a800000| Untracked 
| 425|0x000000009a900000, 0x000000009a900000, 0x000000009aa00000|  0%| F|  |TAMS 0x000000009a900000, 0x000000009a900000| Untracked 
| 426|0x000000009aa00000, 0x000000009aa00000, 0x000000009ab00000|  0%| F|  |TAMS 0x000000009aa00000, 0x000000009aa00000| Untracked 
| 427|0x000000009ab00000, 0x000000009ab00000, 0x000000009ac00000|  0%| F|  |TAMS 0x000000009ab00000, 0x000000009ab00000| Untracked 
| 428|0x000000009ac00000, 0x000000009ac00000, 0x000000009ad00000|  0%| F|  |TAMS 0x000000009ac00000, 0x000000009ac00000| Untracked 
| 429|0x000000009ad00000, 0x000000009ad00000, 0x000000009ae00000|  0%| F|  |TAMS 0x000000009ad00000, 0x000000009ad00000| Untracked 
| 430|0x000000009ae00000, 0x000000009ae00000, 0x000000009af00000|  0%| F|  |TAMS 0x000000009ae00000, 0x000000009ae00000| Untracked 
| 431|0x000000009af00000, 0x000000009af00000, 0x000000009b000000|  0%| F|  |TAMS 0x000000009af00000, 0x000000009af00000| Untracked 
| 432|0x000000009b000000, 0x000000009b000000, 0x000000009b100000|  0%| F|  |TAMS 0x000000009b000000, 0x000000009b000000| Untracked 
| 433|0x000000009b100000, 0x000000009b100000, 0x000000009b200000|  0%| F|  |TAMS 0x000000009b100000, 0x000000009b100000| Untracked 
| 434|0x000000009b200000, 0x000000009b200000, 0x000000009b300000|  0%| F|  |TAMS 0x000000009b200000, 0x000000009b200000| Untracked 
| 435|0x000000009b300000, 0x000000009b300000, 0x000000009b400000|  0%| F|  |TAMS 0x000000009b300000, 0x000000009b300000| Untracked 
| 436|0x000000009b400000, 0x000000009b400000, 0x000000009b500000|  0%| F|  |TAMS 0x000000009b400000, 0x000000009b400000| Untracked 
| 437|0x000000009b500000, 0x000000009b500000, 0x000000009b600000|  0%| F|  |TAMS 0x000000009b500000, 0x000000009b500000| Untracked 
| 438|0x000000009b600000, 0x000000009b600000, 0x000000009b700000|  0%| F|  |TAMS 0x000000009b600000, 0x000000009b600000| Untracked 
| 439|0x000000009b700000, 0x000000009b700000, 0x000000009b800000|  0%| F|  |TAMS 0x000000009b700000, 0x000000009b700000| Untracked 
| 440|0x000000009b800000, 0x000000009b800000, 0x000000009b900000|  0%| F|  |TAMS 0x000000009b800000, 0x000000009b800000| Untracked 
| 441|0x000000009b900000, 0x000000009b900000, 0x000000009ba00000|  0%| F|  |TAMS 0x000000009b900000, 0x000000009b900000| Untracked 
| 442|0x000000009ba00000, 0x000000009ba00000, 0x000000009bb00000|  0%| F|  |TAMS 0x000000009ba00000, 0x000000009ba00000| Untracked 
| 443|0x000000009bb00000, 0x000000009bb00000, 0x000000009bc00000|  0%| F|  |TAMS 0x000000009bb00000, 0x000000009bb00000| Untracked 
| 444|0x000000009bc00000, 0x000000009bc00000, 0x000000009bd00000|  0%| F|  |TAMS 0x000000009bc00000, 0x000000009bc00000| Untracked 
| 445|0x000000009bd00000, 0x000000009bd00000, 0x000000009be00000|  0%| F|  |TAMS 0x000000009bd00000, 0x000000009bd00000| Untracked 
| 446|0x000000009be00000, 0x000000009be00000, 0x000000009bf00000|  0%| F|  |TAMS 0x000000009be00000, 0x000000009be00000| Untracked 
| 447|0x000000009bf00000, 0x000000009bf00000, 0x000000009c000000|  0%| F|  |TAMS 0x000000009bf00000, 0x000000009bf00000| Untracked 
| 448|0x000000009c000000, 0x000000009c000000, 0x000000009c100000|  0%| F|  |TAMS 0x000000009c000000, 0x000000009c000000| Untracked 
| 449|0x000000009c100000, 0x000000009c100000, 0x000000009c200000|  0%| F|  |TAMS 0x000000009c100000, 0x000000009c100000| Untracked 
| 450|0x000000009c200000, 0x000000009c200000, 0x000000009c300000|  0%| F|  |TAMS 0x000000009c200000, 0x000000009c200000| Untracked 
| 451|0x000000009c300000, 0x000000009c300000, 0x000000009c400000|  0%| F|  |TAMS 0x000000009c300000, 0x000000009c300000| Untracked 
| 452|0x000000009c400000, 0x000000009c400000, 0x000000009c500000|  0%| F|  |TAMS 0x000000009c400000, 0x000000009c400000| Untracked 
| 453|0x000000009c500000, 0x000000009c500000, 0x000000009c600000|  0%| F|  |TAMS 0x000000009c500000, 0x000000009c500000| Untracked 
| 454|0x000000009c600000, 0x000000009c600000, 0x000000009c700000|  0%| F|  |TAMS 0x000000009c600000, 0x000000009c600000| Untracked 
| 455|0x000000009c700000, 0x000000009c700000, 0x000000009c800000|  0%| F|  |TAMS 0x000000009c700000, 0x000000009c700000| Untracked 
| 456|0x000000009c800000, 0x000000009c800000, 0x000000009c900000|  0%| F|  |TAMS 0x000000009c800000, 0x000000009c800000| Untracked 
| 457|0x000000009c900000, 0x000000009c900000, 0x000000009ca00000|  0%| F|  |TAMS 0x000000009c900000, 0x000000009c900000| Untracked 
| 458|0x000000009ca00000, 0x000000009ca00000, 0x000000009cb00000|  0%| F|  |TAMS 0x000000009ca00000, 0x000000009ca00000| Untracked 
| 459|0x000000009cb00000, 0x000000009cb00000, 0x000000009cc00000|  0%| F|  |TAMS 0x000000009cb00000, 0x000000009cb00000| Untracked 
| 460|0x000000009cc00000, 0x000000009cc00000, 0x000000009cd00000|  0%| F|  |TAMS 0x000000009cc00000, 0x000000009cc00000| Untracked 
| 461|0x000000009cd00000, 0x000000009cd00000, 0x000000009ce00000|  0%| F|  |TAMS 0x000000009cd00000, 0x000000009cd00000| Untracked 
| 462|0x000000009ce00000, 0x000000009ce00000, 0x000000009cf00000|  0%| F|  |TAMS 0x000000009ce00000, 0x000000009ce00000| Untracked 
| 463|0x000000009cf00000, 0x000000009cf00000, 0x000000009d000000|  0%| F|  |TAMS 0x000000009cf00000, 0x000000009cf00000| Untracked 
| 464|0x000000009d000000, 0x000000009d000000, 0x000000009d100000|  0%| F|  |TAMS 0x000000009d000000, 0x000000009d000000| Untracked 
| 465|0x000000009d100000, 0x000000009d100000, 0x000000009d200000|  0%| F|  |TAMS 0x000000009d100000, 0x000000009d100000| Untracked 
| 466|0x000000009d200000, 0x000000009d200000, 0x000000009d300000|  0%| F|  |TAMS 0x000000009d200000, 0x000000009d200000| Untracked 
| 467|0x000000009d300000, 0x000000009d300000, 0x000000009d400000|  0%| F|  |TAMS 0x000000009d300000, 0x000000009d300000| Untracked 
| 468|0x000000009d400000, 0x000000009d400000, 0x000000009d500000|  0%| F|  |TAMS 0x000000009d400000, 0x000000009d400000| Untracked 
| 469|0x000000009d500000, 0x000000009d500000, 0x000000009d600000|  0%| F|  |TAMS 0x000000009d500000, 0x000000009d500000| Untracked 
| 470|0x000000009d600000, 0x000000009d600000, 0x000000009d700000|  0%| F|  |TAMS 0x000000009d600000, 0x000000009d600000| Untracked 
| 471|0x000000009d700000, 0x000000009d700000, 0x000000009d800000|  0%| F|  |TAMS 0x000000009d700000, 0x000000009d700000| Untracked 
| 472|0x000000009d800000, 0x000000009d800000, 0x000000009d900000|  0%| F|  |TAMS 0x000000009d800000, 0x000000009d800000| Untracked 
| 473|0x000000009d900000, 0x000000009d900000, 0x000000009da00000|  0%| F|  |TAMS 0x000000009d900000, 0x000000009d900000| Untracked 
| 474|0x000000009da00000, 0x000000009da00000, 0x000000009db00000|  0%| F|  |TAMS 0x000000009da00000, 0x000000009da00000| Untracked 
| 475|0x000000009db00000, 0x000000009db00000, 0x000000009dc00000|  0%| F|  |TAMS 0x000000009db00000, 0x000000009db00000| Untracked 
| 476|0x000000009dc00000, 0x000000009dc00000, 0x000000009dd00000|  0%| F|  |TAMS 0x000000009dc00000, 0x000000009dc00000| Untracked 
| 477|0x000000009dd00000, 0x000000009dd00000, 0x000000009de00000|  0%| F|  |TAMS 0x000000009dd00000, 0x000000009dd00000| Untracked 
| 478|0x000000009de00000, 0x000000009de00000, 0x000000009df00000|  0%| F|  |TAMS 0x000000009de00000, 0x000000009de00000| Untracked 
| 479|0x000000009df00000, 0x000000009df00000, 0x000000009e000000|  0%| F|  |TAMS 0x000000009df00000, 0x000000009df00000| Untracked 
| 480|0x000000009e000000, 0x000000009e000000, 0x000000009e100000|  0%| F|  |TAMS 0x000000009e000000, 0x000000009e000000| Untracked 
| 481|0x000000009e100000, 0x000000009e100000, 0x000000009e200000|  0%| F|  |TAMS 0x000000009e100000, 0x000000009e100000| Untracked 
| 482|0x000000009e200000, 0x000000009e200000, 0x000000009e300000|  0%| F|  |TAMS 0x000000009e200000, 0x000000009e200000| Untracked 
| 483|0x000000009e300000, 0x000000009e400000, 0x000000009e400000|100%| S|CS|TAMS 0x000000009e300000, 0x000000009e300000| Complete 
| 484|0x000000009e400000, 0x000000009e500000, 0x000000009e500000|100%| S|CS|TAMS 0x000000009e400000, 0x000000009e400000| Complete 
| 485|0x000000009e500000, 0x000000009e600000, 0x000000009e600000|100%| S|CS|TAMS 0x000000009e500000, 0x000000009e500000| Complete 
| 486|0x000000009e600000, 0x000000009e700000, 0x000000009e700000|100%| S|CS|TAMS 0x000000009e600000, 0x000000009e600000| Complete 
| 487|0x000000009e700000, 0x000000009e800000, 0x000000009e800000|100%| S|CS|TAMS 0x000000009e700000, 0x000000009e700000| Complete 
| 488|0x000000009e800000, 0x000000009e900000, 0x000000009e900000|100%| S|CS|TAMS 0x000000009e800000, 0x000000009e800000| Complete 
| 489|0x000000009e900000, 0x000000009ea00000, 0x000000009ea00000|100%| S|CS|TAMS 0x000000009e900000, 0x000000009e900000| Complete 
| 490|0x000000009ea00000, 0x000000009ea00000, 0x000000009eb00000|  0%| F|  |TAMS 0x000000009ea00000, 0x000000009ea00000| Untracked 
| 491|0x000000009eb00000, 0x000000009eb00000, 0x000000009ec00000|  0%| F|  |TAMS 0x000000009eb00000, 0x000000009eb00000| Untracked 
| 492|0x000000009ec00000, 0x000000009ec00000, 0x000000009ed00000|  0%| F|  |TAMS 0x000000009ec00000, 0x000000009ec00000| Untracked 
| 493|0x000000009ed00000, 0x000000009ed00000, 0x000000009ee00000|  0%| F|  |TAMS 0x000000009ed00000, 0x000000009ed00000| Untracked 
| 494|0x000000009ee00000, 0x000000009ee00000, 0x000000009ef00000|  0%| F|  |TAMS 0x000000009ee00000, 0x000000009ee00000| Untracked 
| 495|0x000000009ef00000, 0x000000009ef00000, 0x000000009f000000|  0%| F|  |TAMS 0x000000009ef00000, 0x000000009ef00000| Untracked 
| 496|0x000000009f000000, 0x000000009f000000, 0x000000009f100000|  0%| F|  |TAMS 0x000000009f000000, 0x000000009f000000| Untracked 
| 497|0x000000009f100000, 0x000000009f100000, 0x000000009f200000|  0%| F|  |TAMS 0x000000009f100000, 0x000000009f100000| Untracked 
| 498|0x000000009f200000, 0x000000009f200000, 0x000000009f300000|  0%| F|  |TAMS 0x000000009f200000, 0x000000009f200000| Untracked 
| 499|0x000000009f300000, 0x000000009f300000, 0x000000009f400000|  0%| F|  |TAMS 0x000000009f300000, 0x000000009f300000| Untracked 
| 500|0x000000009f400000, 0x000000009f400000, 0x000000009f500000|  0%| F|  |TAMS 0x000000009f400000, 0x000000009f400000| Untracked 
| 501|0x000000009f500000, 0x000000009f500000, 0x000000009f600000|  0%| F|  |TAMS 0x000000009f500000, 0x000000009f500000| Untracked 
| 502|0x000000009f600000, 0x000000009f600000, 0x000000009f700000|  0%| F|  |TAMS 0x000000009f600000, 0x000000009f600000| Untracked 
| 503|0x000000009f700000, 0x000000009f700000, 0x000000009f800000|  0%| F|  |TAMS 0x000000009f700000, 0x000000009f700000| Untracked 
| 504|0x000000009f800000, 0x000000009f800000, 0x000000009f900000|  0%| F|  |TAMS 0x000000009f800000, 0x000000009f800000| Untracked 
| 505|0x000000009f900000, 0x000000009f900000, 0x000000009fa00000|  0%| F|  |TAMS 0x000000009f900000, 0x000000009f900000| Untracked 
| 506|0x000000009fa00000, 0x000000009fa00000, 0x000000009fb00000|  0%| F|  |TAMS 0x000000009fa00000, 0x000000009fa00000| Untracked 
| 507|0x000000009fb00000, 0x000000009fb00000, 0x000000009fc00000|  0%| F|  |TAMS 0x000000009fb00000, 0x000000009fb00000| Untracked 
| 508|0x000000009fc00000, 0x000000009fc00000, 0x000000009fd00000|  0%| F|  |TAMS 0x000000009fc00000, 0x000000009fc00000| Untracked 
| 509|0x000000009fd00000, 0x000000009fd00000, 0x000000009fe00000|  0%| F|  |TAMS 0x000000009fd00000, 0x000000009fd00000| Untracked 
| 510|0x000000009fe00000, 0x000000009fe00000, 0x000000009ff00000|  0%| F|  |TAMS 0x000000009fe00000, 0x000000009fe00000| Untracked 
| 511|0x000000009ff00000, 0x000000009ff00000, 0x00000000a0000000|  0%| F|  |TAMS 0x000000009ff00000, 0x000000009ff00000| Untracked 
| 512|0x00000000a0000000, 0x00000000a0000000, 0x00000000a0100000|  0%| F|  |TAMS 0x00000000a0000000, 0x00000000a0000000| Untracked 
| 513|0x00000000a0100000, 0x00000000a0100000, 0x00000000a0200000|  0%| F|  |TAMS 0x00000000a0100000, 0x00000000a0100000| Untracked 
| 514|0x00000000a0200000, 0x00000000a0200000, 0x00000000a0300000|  0%| F|  |TAMS 0x00000000a0200000, 0x00000000a0200000| Untracked 
| 515|0x00000000a0300000, 0x00000000a0300000, 0x00000000a0400000|  0%| F|  |TAMS 0x00000000a0300000, 0x00000000a0300000| Untracked 
| 516|0x00000000a0400000, 0x00000000a0400000, 0x00000000a0500000|  0%| F|  |TAMS 0x00000000a0400000, 0x00000000a0400000| Untracked 
| 517|0x00000000a0500000, 0x00000000a0500000, 0x00000000a0600000|  0%| F|  |TAMS 0x00000000a0500000, 0x00000000a0500000| Untracked 
| 518|0x00000000a0600000, 0x00000000a0600000, 0x00000000a0700000|  0%| F|  |TAMS 0x00000000a0600000, 0x00000000a0600000| Untracked 
| 519|0x00000000a0700000, 0x00000000a0700000, 0x00000000a0800000|  0%| F|  |TAMS 0x00000000a0700000, 0x00000000a0700000| Untracked 
| 520|0x00000000a0800000, 0x00000000a0800000, 0x00000000a0900000|  0%| F|  |TAMS 0x00000000a0800000, 0x00000000a0800000| Untracked 
| 521|0x00000000a0900000, 0x00000000a0900000, 0x00000000a0a00000|  0%| F|  |TAMS 0x00000000a0900000, 0x00000000a0900000| Untracked 
| 522|0x00000000a0a00000, 0x00000000a0a00000, 0x00000000a0b00000|  0%| F|  |TAMS 0x00000000a0a00000, 0x00000000a0a00000| Untracked 
| 523|0x00000000a0b00000, 0x00000000a0b00000, 0x00000000a0c00000|  0%| F|  |TAMS 0x00000000a0b00000, 0x00000000a0b00000| Untracked 
| 524|0x00000000a0c00000, 0x00000000a0c00000, 0x00000000a0d00000|  0%| F|  |TAMS 0x00000000a0c00000, 0x00000000a0c00000| Untracked 
| 525|0x00000000a0d00000, 0x00000000a0d00000, 0x00000000a0e00000|  0%| F|  |TAMS 0x00000000a0d00000, 0x00000000a0d00000| Untracked 
| 526|0x00000000a0e00000, 0x00000000a0e00000, 0x00000000a0f00000|  0%| F|  |TAMS 0x00000000a0e00000, 0x00000000a0e00000| Untracked 
| 527|0x00000000a0f00000, 0x00000000a0f00000, 0x00000000a1000000|  0%| F|  |TAMS 0x00000000a0f00000, 0x00000000a0f00000| Untracked 
| 528|0x00000000a1000000, 0x00000000a1000000, 0x00000000a1100000|  0%| F|  |TAMS 0x00000000a1000000, 0x00000000a1000000| Untracked 
| 529|0x00000000a1100000, 0x00000000a1100000, 0x00000000a1200000|  0%| F|  |TAMS 0x00000000a1100000, 0x00000000a1100000| Untracked 
| 530|0x00000000a1200000, 0x00000000a1200000, 0x00000000a1300000|  0%| F|  |TAMS 0x00000000a1200000, 0x00000000a1200000| Untracked 
| 531|0x00000000a1300000, 0x00000000a1300000, 0x00000000a1400000|  0%| F|  |TAMS 0x00000000a1300000, 0x00000000a1300000| Untracked 
| 532|0x00000000a1400000, 0x00000000a1400000, 0x00000000a1500000|  0%| F|  |TAMS 0x00000000a1400000, 0x00000000a1400000| Untracked 
| 533|0x00000000a1500000, 0x00000000a1500000, 0x00000000a1600000|  0%| F|  |TAMS 0x00000000a1500000, 0x00000000a1500000| Untracked 
| 534|0x00000000a1600000, 0x00000000a1600000, 0x00000000a1700000|  0%| F|  |TAMS 0x00000000a1600000, 0x00000000a1600000| Untracked 
| 535|0x00000000a1700000, 0x00000000a1700000, 0x00000000a1800000|  0%| F|  |TAMS 0x00000000a1700000, 0x00000000a1700000| Untracked 

Card table byte_map: [0x000001c93dcc0000,0x000001c93e0c0000] _byte_map_base: 0x000001c93d8c0000

Marking Bits (Prev, Next): (CMBitMap*) 0x000001c92aab87f8, (CMBitMap*) 0x000001c92aab8830
 Prev Bits: [0x000001c93e4c0000, 0x000001c9404c0000)
 Next Bits: [0x000001c9404c0000, 0x000001c9424c0000)

Polling page: 0x000001c9289c0000

Metaspace:

Usage:
  Non-class:     89.51 MB capacity,    87.86 MB ( 98%) used,     1.32 MB (  1%) free+waste,   338.44 KB ( <1%) overhead. 
      Class:     14.43 MB capacity,    13.28 MB ( 92%) used,  1021.74 KB (  7%) free+waste,   154.44 KB (  1%) overhead. 
       Both:    103.94 MB capacity,   101.14 MB ( 97%) used,     2.32 MB (  2%) free+waste,   492.88 KB ( <1%) overhead. 

Virtual space:
  Non-class space:       90.00 MB reserved,      89.75 MB (>99%) committed 
      Class space:        1.00 GB reserved,      14.45 MB (  1%) committed 
             Both:        1.09 GB reserved,     104.20 MB (  9%) committed 

Chunk freelists:
   Non-Class:  53.00 KB
       Class:  0 bytes
        Both:  53.00 KB

MaxMetaspaceSize: 17179869184.00 GB
CompressedClassSpaceSize: 1.00 GB
Initial GC threshold: 20.80 MB
Current GC threshold: 173.67 MB
CDS: off

CodeHeap 'non-profiled nmethods': size=120000Kb used=11504Kb max_used=11753Kb free=108495Kb
 bounds [0x000001c936060000, 0x000001c936be0000, 0x000001c93d590000]
CodeHeap 'profiled nmethods': size=120000Kb used=30357Kb max_used=31184Kb free=89642Kb
 bounds [0x000001c92eb30000, 0x000001c9309b0000, 0x000001c936060000]
CodeHeap 'non-nmethods': size=5760Kb used=2421Kb max_used=2500Kb free=3338Kb
 bounds [0x000001c92e590000, 0x000001c92e820000, 0x000001c92eb30000]
 total_blobs=14811 nmethods=13863 adapters=860
 compilation: enabled
              stopped_count=0, restarted_count=0
 full_count=0

Compilation events (20 events):
Event: 28.081 Thread 0x000001c9457f5000 nmethod 14692% 0x000001c936250490 code [0x000001c936252440, 0x000001c93625feb8]
Event: 28.082 Thread 0x000001c945800800 14736       2       com.android.tools.r8.graph.j1$g::h (26 bytes)
Event: 28.082 Thread 0x000001c945800800 nmethod 14736 0x000001c92ec22c10 code [0x000001c92ec22dc0, 0x000001c92ec22f38]
Event: 28.082 Thread 0x000001c945800800 14737       2       com.android.tools.r8.dex.i::h (963 bytes)
Event: 28.083 Thread 0x000001c9457f5000 14731       4       java.util.IdentityHashMap::put (137 bytes)
Event: 28.088 Thread 0x000001c945800800 nmethod 14737 0x000001c92ec18190 code [0x000001c92ec18780, 0x000001c92ec1ace8]
Event: 28.088 Thread 0x000001c945800800 14739       2       com.android.tools.r8.graph.j1$a::<init> (10 bytes)
Event: 28.088 Thread 0x000001c945800800 nmethod 14739 0x000001c92ebd7a10 code [0x000001c92ebd7bc0, 0x000001c92ebd7cf8]
Event: 28.088 Thread 0x000001c945800800 14740       2       com.android.tools.r8.dex.code.f4::<init> (7 bytes)
Event: 28.088 Thread 0x000001c945800800 nmethod 14740 0x000001c92ec17990 code [0x000001c92ec17b60, 0x000001c92ec17d98]
Event: 28.098 Thread 0x000001c9457f5000 nmethod 14731 0x000001c9360c4290 code [0x000001c9360c4460, 0x000001c9360c4b28]
Event: 28.098 Thread 0x000001c9457f5000 14741       4       com.android.tools.r8.dex.code.v1::a (4134 bytes)
Event: 28.101 Thread 0x000001c945800800 14742       2       com.android.tools.r8.dex.code.P3::<init> (7 bytes)
Event: 28.101 Thread 0x000001c945800800 nmethod 14742 0x000001c92ec22810 code [0x000001c92ec229c0, 0x000001c92ec22b18]
Event: 28.103 Thread 0x000001c94635d000 nmethod 14730 0x000001c9360c3410 code [0x000001c9360c35c0, 0x000001c9360c3fd8]
Event: 28.104 Thread 0x000001c94635d000 14738       4       com.android.tools.r8.graph.j1::<init> (5 bytes)
Event: 28.104 Thread 0x000001c94635d000 nmethod 14738 0x000001c9360b9690 code [0x000001c9360b9820, 0x000001c9360b9878]
Event: 28.104 Thread 0x000001c94635d000 14617       4       com.android.tools.r8.graph.T0::a (10 bytes)
Event: 28.105 Thread 0x000001c94635d000 nmethod 14617 0x000001c9360b9190 code [0x000001c9360b9340, 0x000001c9360b9448]
Event: 28.105 Thread 0x000001c94635d000 14743       4       com.android.tools.r8.dex.i::d (507 bytes)

GC Heap History (20 events):
Event: 25.373 GC heap after
{Heap after GC invocations=36 (full 0):
 garbage-first heap   total 289792K, used 230536K [0x0000000080000000, 0x0000000100000000)
  region size 1024K, 5 young (5120K), 5 survivors (5120K)
 Metaspace       used 101052K, capacity 103806K, committed 104268K, reserved 1138688K
  class space    used 13105K, capacity 14230K, committed 14412K, reserved 1048576K
}
Event: 25.445 GC heap before
{Heap before GC invocations=37 (full 0):
 garbage-first heap   total 289792K, used 246920K [0x0000000080000000, 0x0000000100000000)
  region size 1024K, 21 young (21504K), 5 survivors (5120K)
 Metaspace       used 101052K, capacity 103806K, committed 104268K, reserved 1138688K
  class space    used 13105K, capacity 14230K, committed 14412K, reserved 1048576K
}
Event: 25.465 GC heap after
{Heap after GC invocations=38 (full 0):
 garbage-first heap   total 289792K, used 239207K [0x0000000080000000, 0x0000000100000000)
  region size 1024K, 3 young (3072K), 3 survivors (3072K)
 Metaspace       used 101052K, capacity 103806K, committed 104268K, reserved 1138688K
  class space    used 13105K, capacity 14230K, committed 14412K, reserved 1048576K
}
Event: 25.560 GC heap before
{Heap before GC invocations=38 (full 0):
 garbage-first heap   total 289792K, used 251495K [0x0000000080000000, 0x0000000100000000)
  region size 1024K, 14 young (14336K), 3 survivors (3072K)
 Metaspace       used 101052K, capacity 103806K, committed 104268K, reserved 1138688K
  class space    used 13105K, capacity 14230K, committed 14412K, reserved 1048576K
}
Event: 25.578 GC heap after
{Heap after GC invocations=39 (full 0):
 garbage-first heap   total 348160K, used 246260K [0x0000000080000000, 0x0000000100000000)
  region size 1024K, 2 young (2048K), 2 survivors (2048K)
 Metaspace       used 101052K, capacity 103806K, committed 104268K, reserved 1138688K
  class space    used 13105K, capacity 14230K, committed 14412K, reserved 1048576K
}
Event: 25.875 GC heap before
{Heap before GC invocations=39 (full 0):
 garbage-first heap   total 348160K, used 278004K [0x0000000080000000, 0x0000000100000000)
  region size 1024K, 32 young (32768K), 2 survivors (2048K)
 Metaspace       used 101069K, capacity 103806K, committed 104268K, reserved 1138688K
  class space    used 13106K, capacity 14230K, committed 14412K, reserved 1048576K
}
Event: 25.900 GC heap after
{Heap after GC invocations=40 (full 0):
 garbage-first heap   total 348160K, used 259526K [0x0000000080000000, 0x0000000100000000)
  region size 1024K, 4 young (4096K), 4 survivors (4096K)
 Metaspace       used 101069K, capacity 103806K, committed 104268K, reserved 1138688K
  class space    used 13106K, capacity 14230K, committed 14412K, reserved 1048576K
}
Event: 25.974 GC heap before
{Heap before GC invocations=41 (full 0):
 garbage-first heap   total 348160K, used 272838K [0x0000000080000000, 0x0000000100000000)
  region size 1024K, 18 young (18432K), 4 survivors (4096K)
 Metaspace       used 101069K, capacity 103806K, committed 104268K, reserved 1138688K
  class space    used 13106K, capacity 14230K, committed 14412K, reserved 1048576K
}
Event: 25.997 GC heap after
{Heap after GC invocations=42 (full 0):
 garbage-first heap   total 348160K, used 265216K [0x0000000080000000, 0x0000000100000000)
  region size 1024K, 4 young (4096K), 4 survivors (4096K)
 Metaspace       used 101069K, capacity 103806K, committed 104268K, reserved 1138688K
  class space    used 13106K, capacity 14230K, committed 14412K, reserved 1048576K
}
Event: 26.227 GC heap before
{Heap before GC invocations=42 (full 0):
 garbage-first heap   total 348160K, used 292864K [0x0000000080000000, 0x0000000100000000)
  region size 1024K, 25 young (25600K), 4 survivors (4096K)
 Metaspace       used 101071K, capacity 103806K, committed 104268K, reserved 1138688K
  class space    used 13106K, capacity 14230K, committed 14412K, reserved 1048576K
}
Event: 26.250 GC heap after
{Heap after GC invocations=43 (full 0):
 garbage-first heap   total 348160K, used 280332K [0x0000000080000000, 0x0000000100000000)
  region size 1024K, 4 young (4096K), 4 survivors (4096K)
 Metaspace       used 101071K, capacity 103806K, committed 104268K, reserved 1138688K
  class space    used 13106K, capacity 14230K, committed 14412K, reserved 1048576K
}
Event: 26.381 GC heap before
{Heap before GC invocations=43 (full 0):
 garbage-first heap   total 348160K, used 294668K [0x0000000080000000, 0x0000000100000000)
  region size 1024K, 19 young (19456K), 4 survivors (4096K)
 Metaspace       used 101236K, capacity 104036K, committed 104524K, reserved 1138688K
  class space    used 13133K, capacity 14264K, committed 14412K, reserved 1048576K
}
Event: 26.415 GC heap after
{Heap after GC invocations=44 (full 0):
 garbage-first heap   total 548864K, used 284736K [0x0000000080000000, 0x0000000100000000)
  region size 1024K, 3 young (3072K), 3 survivors (3072K)
 Metaspace       used 101236K, capacity 104036K, committed 104524K, reserved 1138688K
  class space    used 13133K, capacity 14264K, committed 14412K, reserved 1048576K
}
Event: 26.951 GC heap before
{Heap before GC invocations=45 (full 0):
 garbage-first heap   total 548864K, used 366656K [0x0000000080000000, 0x0000000100000000)
  region size 1024K, 83 young (84992K), 3 survivors (3072K)
 Metaspace       used 103508K, capacity 106367K, committed 106444K, reserved 1140736K
  class space    used 13597K, capacity 14774K, committed 14796K, reserved 1048576K
}
Event: 26.993 GC heap after
{Heap after GC invocations=46 (full 0):
 garbage-first heap   total 548864K, used 317038K [0x0000000080000000, 0x0000000100000000)
  region size 1024K, 11 young (11264K), 11 survivors (11264K)
 Metaspace       used 103508K, capacity 106367K, committed 106444K, reserved 1140736K
  class space    used 13597K, capacity 14774K, committed 14796K, reserved 1048576K
}
Event: 27.212 GC heap before
{Heap before GC invocations=46 (full 0):
 garbage-first heap   total 548864K, used 388718K [0x0000000080000000, 0x0000000100000000)
  region size 1024K, 82 young (83968K), 11 survivors (11264K)
 Metaspace       used 103527K, capacity 106369K, committed 106444K, reserved 1140736K
  class space    used 13597K, capacity 14774K, committed 14796K, reserved 1048576K
}
Event: 27.274 GC heap after
{Heap after GC invocations=47 (full 0):
 garbage-first heap   total 548864K, used 356352K [0x0000000080000000, 0x0000000100000000)
  region size 1024K, 11 young (11264K), 11 survivors (11264K)
 Metaspace       used 103527K, capacity 106369K, committed 106444K, reserved 1140736K
  class space    used 13597K, capacity 14774K, committed 14796K, reserved 1048576K
}
Event: 27.894 GC heap before
{Heap before GC invocations=47 (full 0):
 garbage-first heap   total 548864K, used 409600K [0x0000000080000000, 0x0000000100000000)
  region size 1024K, 67 young (68608K), 11 survivors (11264K)
 Metaspace       used 103560K, capacity 106433K, committed 106700K, reserved 1140736K
  class space    used 13597K, capacity 14774K, committed 14796K, reserved 1048576K
}
Event: 27.935 GC heap after
{Heap after GC invocations=48 (full 0):
 garbage-first heap   total 548864K, used 384000K [0x0000000080000000, 0x0000000100000000)
  region size 1024K, 9 young (9216K), 9 survivors (9216K)
 Metaspace       used 103560K, capacity 106433K, committed 106700K, reserved 1140736K
  class space    used 13597K, capacity 14774K, committed 14796K, reserved 1048576K
}
Event: 28.130 GC heap before
{Heap before GC invocations=48 (full 0):
 garbage-first heap   total 548864K, used 430080K [0x0000000080000000, 0x0000000100000000)
  region size 1024K, 55 young (56320K), 9 survivors (9216K)
 Metaspace       used 103564K, capacity 106433K, committed 106700K, reserved 1140736K
  class space    used 13597K, capacity 14774K, committed 14796K, reserved 1048576K
}

Deoptimization events (20 events):
Event: 28.082 Thread 0x000001c949510800 DEOPT PACKING pc=0x000001c93610b5b4 sp=0x0000001d5a3fe830
Event: 28.082 Thread 0x000001c949510800 DEOPT UNPACKING pc=0x000001c92e5da1af sp=0x0000001d5a3fe810 mode 2
Event: 28.089 Thread 0x000001c94950c800 DEOPT PACKING pc=0x000001c92ec9c35b sp=0x0000001d5a1fe2a0
Event: 28.089 Thread 0x000001c94950c800 DEOPT UNPACKING pc=0x000001c92e5da95e sp=0x0000001d5a1fdf38 mode 0
Event: 28.095 Thread 0x000001c94950b800 DEOPT PACKING pc=0x000001c92ec9c35b sp=0x0000001d5a5fe4a0
Event: 28.095 Thread 0x000001c94950b800 DEOPT UNPACKING pc=0x000001c92e5da95e sp=0x0000001d5a5fe138 mode 0
Event: 28.098 Thread 0x000001c94950b800 DEOPT PACKING pc=0x000001c92ec9c35b sp=0x0000001d5a5fe4a0
Event: 28.098 Thread 0x000001c94950b800 DEOPT UNPACKING pc=0x000001c92e5da95e sp=0x0000001d5a5fe138 mode 0
Event: 28.103 Thread 0x000001c949a6a000 DEOPT PACKING pc=0x000001c92ec9c35b sp=0x0000001d59ffe300
Event: 28.103 Thread 0x000001c949a6a000 DEOPT UNPACKING pc=0x000001c92e5da95e sp=0x0000001d59ffdf98 mode 0
Event: 28.107 Thread 0x000001c94950c800 DEOPT PACKING pc=0x000001c92ec9c35b sp=0x0000001d5a1fe2a0
Event: 28.107 Thread 0x000001c94950c800 DEOPT UNPACKING pc=0x000001c92e5da95e sp=0x0000001d5a1fdf38 mode 0
Event: 28.112 Thread 0x000001c949a6a000 DEOPT PACKING pc=0x000001c92ec9c35b sp=0x0000001d59ffe0f0
Event: 28.113 Thread 0x000001c949a6a000 DEOPT UNPACKING pc=0x000001c92e5da95e sp=0x0000001d59ffdd88 mode 0
Event: 28.117 Thread 0x000001c94950b800 DEOPT PACKING pc=0x000001c92ec9c35b sp=0x0000001d5a5fe4a0
Event: 28.117 Thread 0x000001c94950b800 DEOPT UNPACKING pc=0x000001c92e5da95e sp=0x0000001d5a5fe138 mode 0
Event: 28.117 Thread 0x000001c94950f000 DEOPT PACKING pc=0x000001c92ec9c35b sp=0x0000001d5a0fdf00
Event: 28.117 Thread 0x000001c94950f000 DEOPT UNPACKING pc=0x000001c92e5da95e sp=0x0000001d5a0fdb98 mode 0
Event: 28.122 Thread 0x000001c94950b800 DEOPT PACKING pc=0x000001c92ec9c35b sp=0x0000001d5a5fe4a0
Event: 28.122 Thread 0x000001c94950b800 DEOPT UNPACKING pc=0x000001c92e5da95e sp=0x0000001d5a5fe138 mode 0

Classes redefined (0 events):
No events

Internal exceptions (20 events):
Event: 22.281 Thread 0x000001c94ab2c800 Exception <a 'java/lang/NoSuchMethodError'{0x000000008c2b71a8}: <clinit>> (0x000000008c2b71a8) thrown at [src/hotspot/share/prims/jni.cpp, line 1367]
Event: 22.284 Thread 0x000001c94ab2c800 Exception <a 'java/lang/NoSuchMethodError'{0x000000008c103378}: <clinit>> (0x000000008c103378) thrown at [src/hotspot/share/prims/jni.cpp, line 1367]
Event: 22.285 Thread 0x000001c94ab2c800 Exception <a 'java/lang/NoSuchMethodError'{0x000000008c11b3e8}: <clinit>> (0x000000008c11b3e8) thrown at [src/hotspot/share/prims/jni.cpp, line 1367]
Event: 24.489 Thread 0x000001c9513d0800 Exception <a 'java/lang/NoSuchMethodError'{0x000000008ea956c8}: 'void java.lang.invoke.DirectMethodHandle$Holder.invokeStatic(java.lang.Object, long)'> (0x000000008ea956c8) thrown at [src/hotspot/share/interpreter/linkResolver.cpp, line 773]
Event: 24.490 Thread 0x000001c9513d0800 Exception <a 'java/lang/NoSuchMethodError'{0x000000008ea9ab88}: 'java.lang.Object java.lang.invoke.DirectMethodHandle$Holder.invokeStatic(java.lang.Object, long)'> (0x000000008ea9ab88) thrown at [src/hotspot/share/interpreter/linkResolver.cpp, line 773]
Event: 24.490 Thread 0x000001c9513d0800 Exception <a 'java/lang/NoSuchMethodError'{0x000000008ea9e158}: 'java.lang.Object java.lang.invoke.DirectMethodHandle$Holder.invokeSpecial(java.lang.Object, java.lang.Object, long)'> (0x000000008ea9e158) thrown at [src/hotspot/share/interpreter/linkResolver.cpp, line 773]
Event: 24.495 Thread 0x000001c9513d0800 Exception <a 'java/lang/NoSuchMethodError'{0x000000008e8eb068}: 'java.lang.Object java.lang.invoke.DirectMethodHandle$Holder.invokeStaticInit(java.lang.Object, java.lang.Object, long, java.lang.Object)'> (0x000000008e8eb068) thrown at [src/hotspot/share/interpreter/linkResolver.cpp, line 773]
Event: 24.681 Thread 0x000001c9513cf800 Exception <a 'sun/nio/fs/WindowsException'{0x000000008d726140}> (0x000000008d726140) thrown at [src/hotspot/share/prims/jni.cpp, line 617]
Event: 24.726 Thread 0x000001c9513d0800 Exception <a 'java/lang/NoSuchMethodError'{0x000000008cd46c98}: 'int java.lang.invoke.DirectMethodHandle$Holder.invokeSpecialIFC(java.lang.Object, java.lang.Object, java.lang.Object)'> (0x000000008cd46c98) thrown at [src/hotspot/share/interpreter/linkResolver.cpp, line 773]
Event: 24.735 Thread 0x000001c9513cf800 Exception <a 'java/lang/NoSuchMethodError'{0x000000008cca2c88}: 'java.lang.Object java.lang.invoke.DirectMethodHandle$Holder.newInvokeSpecial(java.lang.Object, int)'> (0x000000008cca2c88) thrown at [src/hotspot/share/interpreter/linkResolver.cpp, line 773]
Event: 24.998 Thread 0x000001c9513cf800 Exception <a 'java/lang/NoSuchMethodError'{0x000000008afc4160}: 'java.lang.Object java.lang.invoke.DirectMethodHandle$Holder.invokeStaticInit(java.lang.Object, java.lang.Object, java.lang.Object, java.lang.Object, java.lang.Object, java.lang.Object, java.lang.Object, java.lang.Object, java.lang.Object, java.lang.Object, java.lang.Object, java.lang.Object, java.lang.Object, java.lang.Object, java.lang.Object, java.lang.Object, java.lang.Object, java.lang.Object, java.lang.Object, int, java.lang.Object, java
Event: 26.449 Thread 0x000001c94950c800 Exception <a 'java/lang/IncompatibleClassChangeError'{0x00000000a1426890}: Found class java.lang.Object, but interface was expected> (0x00000000a1426890) thrown at [src/hotspot/share/interpreter/linkResolver.cpp, line 839]
Event: 26.449 Thread 0x000001c94950b800 Exception <a 'java/lang/IncompatibleClassChangeError'{0x00000000a1744028}: Found class java.lang.Object, but interface was expected> (0x00000000a1744028) thrown at [src/hotspot/share/interpreter/linkResolver.cpp, line 839]
Event: 26.461 Thread 0x000001c94950b800 Exception <a 'java/lang/IncompatibleClassChangeError'{0x00000000a13421a0}: Found class java.lang.Object, but interface was expected> (0x00000000a13421a0) thrown at [src/hotspot/share/interpreter/linkResolver.cpp, line 839]
Event: 26.461 Thread 0x000001c94950c800 Exception <a 'java/lang/IncompatibleClassChangeError'{0x00000000a143f620}: Found class java.lang.Object, but interface was expected> (0x00000000a143f620) thrown at [src/hotspot/share/interpreter/linkResolver.cpp, line 839]
Event: 26.464 Thread 0x000001c94950b800 Exception <a 'java/lang/IncompatibleClassChangeError'{0x00000000a13c12d0}: Found class java.lang.Object, but interface was expected> (0x00000000a13c12d0) thrown at [src/hotspot/share/interpreter/linkResolver.cpp, line 839]
Event: 26.623 Thread 0x000001c9513d8000 Exception <a 'java/lang/NoSuchMethodError'{0x00000000a06ab960}: 'long java.lang.invoke.DirectMethodHandle$Holder.invokeStatic(java.lang.Object, java.lang.Object, java.lang.Object)'> (0x00000000a06ab960) thrown at [src/hotspot/share/interpreter/linkResolver.cpp, line 773]
Event: 26.623 Thread 0x000001c94950f000 Exception <a 'java/lang/NoSuchMethodError'{0x00000000a051d5c8}: 'long java.lang.invoke.DirectMethodHandle$Holder.invokeStatic(java.lang.Object, java.lang.Object, java.lang.Object)'> (0x00000000a051d5c8) thrown at [src/hotspot/share/interpreter/linkResolver.cpp, line 773]
Event: 26.623 Thread 0x000001c94950f800 Exception <a 'java/lang/NoSuchMethodError'{0x00000000a07eea18}: 'long java.lang.invoke.DirectMethodHandle$Holder.invokeStatic(java.lang.Object, java.lang.Object, java.lang.Object)'> (0x00000000a07eea18) thrown at [src/hotspot/share/interpreter/linkResolver.cpp, line 773]
Event: 26.623 Thread 0x000001c949a6a000 Exception <a 'java/lang/NoSuchMethodError'{0x00000000a072dc08}: 'long java.lang.invoke.DirectMethodHandle$Holder.invokeStatic(java.lang.Object, java.lang.Object, java.lang.Object)'> (0x00000000a072dc08) thrown at [src/hotspot/share/interpreter/linkResolver.cpp, line 773]

Events (20 events):
Event: 26.703 loading class com/android/tools/r8/graph/R2 done
Event: 26.703 loading class com/android/tools/r8/graph/R2
Event: 26.703 loading class com/android/tools/r8/graph/R2 done
Event: 26.703 loading class com/android/tools/r8/graph/R2
Event: 26.703 loading class com/android/tools/r8/graph/R2 done
Event: 26.703 loading class com/android/tools/r8/graph/R2
Event: 26.703 loading class com/android/tools/r8/graph/R2 done
Event: 26.704 loading class com/android/tools/r8/internal/PL
Event: 26.704 loading class com/android/tools/r8/internal/PL done
Event: 26.705 loading class com/android/tools/r8/internal/UL
Event: 26.705 loading class com/android/tools/r8/internal/UL done
Event: 26.950 Executing VM operation: G1CollectForAllocation
Event: 26.993 Executing VM operation: G1CollectForAllocation done
Event: 27.211 Executing VM operation: G1CollectForAllocation
Event: 27.274 Executing VM operation: G1CollectForAllocation done
Event: 27.800 Executing VM operation: CGC_Operation
Event: 27.825 Executing VM operation: CGC_Operation done
Event: 27.892 Executing VM operation: G1CollectForAllocation
Event: 27.935 Executing VM operation: G1CollectForAllocation done
Event: 28.128 Executing VM operation: G1CollectForAllocation


Dynamic libraries:
0x00007ff7a6a30000 - 0x00007ff7a6a3a000 	C:\Program Files\Android\Android Studio\jbr\bin\java.exe
0x00007ffdb1410000 - 0x00007ffdb1627000 	C:\WINDOWS\SYSTEM32\ntdll.dll
0x00007ffdaff20000 - 0x00007ffdaffe4000 	C:\WINDOWS\System32\KERNEL32.DLL
0x00007ffdae830000 - 0x00007ffdaebe9000 	C:\WINDOWS\System32\KERNELBASE.dll
0x00007ffdaeeb0000 - 0x00007ffdaefc1000 	C:\WINDOWS\System32\ucrtbase.dll
0x00007ffd8e4a0000 - 0x00007ffd8e4b7000 	C:\Program Files\Android\Android Studio\jbr\bin\jli.dll
0x00007ffd9ccf0000 - 0x00007ffd9cd0b000 	C:\Program Files\Android\Android Studio\jbr\bin\VCRUNTIME140.dll
0x00007ffdaf660000 - 0x00007ffdaf80e000 	C:\WINDOWS\System32\USER32.dll
0x00007ffd8e770000 - 0x00007ffd8ea02000 	C:\WINDOWS\WinSxS\amd64_microsoft.windows.common-controls_6595b64144ccf1df_6.0.22621.4391_none_2715d37f73803e96\COMCTL32.dll
0x00007ffdaec20000 - 0x00007ffdaec46000 	C:\WINDOWS\System32\win32u.dll
0x00007ffdaf930000 - 0x00007ffdaf9d7000 	C:\WINDOWS\System32\msvcrt.dll
0x00007ffdb09c0000 - 0x00007ffdb09e9000 	C:\WINDOWS\System32\GDI32.dll
0x00007ffdae710000 - 0x00007ffdae82b000 	C:\WINDOWS\System32\gdi32full.dll
0x00007ffdaefd0000 - 0x00007ffdaf06a000 	C:\WINDOWS\System32\msvcp_win.dll
0x00007ffdb1290000 - 0x00007ffdb12c1000 	C:\WINDOWS\System32\IMM32.DLL
0x00007ffda6870000 - 0x00007ffda687c000 	C:\Program Files\Android\Android Studio\jbr\bin\vcruntime140_1.dll
0x00007ffd87070000 - 0x00007ffd870fd000 	C:\Program Files\Android\Android Studio\jbr\bin\msvcp140.dll
0x00007ffd26760000 - 0x00007ffd2731c000 	C:\Program Files\Android\Android Studio\jbr\bin\server\jvm.dll
0x00007ffdaf2f0000 - 0x00007ffdaf3a2000 	C:\WINDOWS\System32\ADVAPI32.dll
0x00007ffdaf9e0000 - 0x00007ffdafa87000 	C:\WINDOWS\System32\sechost.dll
0x00007ffdaebf0000 - 0x00007ffdaec18000 	C:\WINDOWS\System32\bcrypt.dll
0x00007ffdaf810000 - 0x00007ffdaf924000 	C:\WINDOWS\System32\RPCRT4.dll
0x00007ffdaff10000 - 0x00007ffdaff18000 	C:\WINDOWS\System32\PSAPI.DLL
0x00007ffd9ed10000 - 0x00007ffd9ed19000 	C:\WINDOWS\SYSTEM32\WSOCK32.dll
0x00007ffda4030000 - 0x00007ffda4064000 	C:\WINDOWS\SYSTEM32\WINMM.dll
0x00007ffda2b80000 - 0x00007ffda2b8a000 	C:\WINDOWS\SYSTEM32\VERSION.dll
0x00007ffdafff0000 - 0x00007ffdb0061000 	C:\WINDOWS\System32\WS2_32.dll
0x00007ffdad750000 - 0x00007ffdad768000 	C:\WINDOWS\SYSTEM32\kernel.appcore.dll
0x00007ffd8e510000 - 0x00007ffd8e520000 	C:\Program Files\Android\Android Studio\jbr\bin\verify.dll
0x00007ffdac020000 - 0x00007ffdac252000 	C:\WINDOWS\SYSTEM32\DBGHELP.DLL
0x00007ffdb0180000 - 0x00007ffdb050f000 	C:\WINDOWS\System32\combase.dll
0x00007ffdb07c0000 - 0x00007ffdb0897000 	C:\WINDOWS\System32\OLEAUT32.dll
0x00007ffda3010000 - 0x00007ffda3042000 	C:\WINDOWS\SYSTEM32\dbgcore.DLL
0x00007ffdaee30000 - 0x00007ffdaeeab000 	C:\WINDOWS\System32\bcryptPrimitives.dll
0x00007ffd8e4e0000 - 0x00007ffd8e508000 	C:\Program Files\Android\Android Studio\jbr\bin\java.dll
0x00007ffd8e4d0000 - 0x00007ffd8e4da000 	C:\Program Files\Android\Android Studio\jbr\bin\jimage.dll
0x00007ffd8e4c0000 - 0x00007ffd8e4ce000 	C:\Program Files\Android\Android Studio\jbr\bin\instrument.dll
0x00007ffd8e480000 - 0x00007ffd8e498000 	C:\Program Files\Android\Android Studio\jbr\bin\zip.dll
0x00007ffdb09f0000 - 0x00007ffdb1266000 	C:\WINDOWS\System32\SHELL32.dll
0x00007ffdac650000 - 0x00007ffdacf53000 	C:\WINDOWS\SYSTEM32\windows.storage.dll
0x00007ffdac3a0000 - 0x00007ffdac4df000 	C:\WINDOWS\SYSTEM32\wintypes.dll
0x00007ffdb08c0000 - 0x00007ffdb09b9000 	C:\WINDOWS\System32\SHCORE.dll
0x00007ffdaf600000 - 0x00007ffdaf65e000 	C:\WINDOWS\System32\shlwapi.dll
0x00007ffdae640000 - 0x00007ffdae66b000 	C:\WINDOWS\SYSTEM32\profapi.dll
0x00007ffd8e430000 - 0x00007ffd8e43a000 	C:\Program Files\Android\Android Studio\jbr\bin\management.dll
0x00007ffd8e420000 - 0x00007ffd8e42b000 	C:\Program Files\Android\Android Studio\jbr\bin\management_ext.dll
0x00007ffd8e460000 - 0x00007ffd8e479000 	C:\Program Files\Android\Android Studio\jbr\bin\net.dll
0x00007ffda3c10000 - 0x00007ffda3d46000 	C:\WINDOWS\SYSTEM32\WINHTTP.dll
0x00007ffdadbd0000 - 0x00007ffdadc39000 	C:\WINDOWS\system32\mswsock.dll
0x00007ffd8e440000 - 0x00007ffd8e453000 	C:\Program Files\Android\Android Studio\jbr\bin\nio.dll
0x00007ffd693e0000 - 0x00007ffd693f7000 	C:\WINDOWS\system32\napinsp.dll
0x00007ffd693c0000 - 0x00007ffd693db000 	C:\WINDOWS\system32\pnrpnsp.dll
0x00007ffdad230000 - 0x00007ffdad332000 	C:\WINDOWS\SYSTEM32\DNSAPI.dll
0x00007ffdad1c0000 - 0x00007ffdad1ed000 	C:\WINDOWS\SYSTEM32\IPHLPAPI.DLL
0x00007ffdb0510000 - 0x00007ffdb0519000 	C:\WINDOWS\System32\NSI.dll
0x00007ffd69400000 - 0x00007ffd69411000 	C:\WINDOWS\System32\winrnr.dll
0x00007ffda3fc0000 - 0x00007ffda3fd5000 	C:\WINDOWS\system32\wshbth.dll
0x00007ffd73e70000 - 0x00007ffd73e97000 	C:\WINDOWS\system32\nlansp_c.dll
0x00007ffda07a0000 - 0x00007ffda07aa000 	C:\Windows\System32\rasadhlp.dll
0x00007ffda2af0000 - 0x00007ffda2b73000 	C:\WINDOWS\System32\fwpuclnt.dll
0x00007ffd8fb70000 - 0x00007ffd8fb97000 	C:\Users\Lenovo\.gradle\native\e1d6ef7f7dcc3fd88c89a11ec53ec762bb8ba0a96d01ffa2cd45eb1d1d8dd5c5\windows-amd64\native-platform.dll
0x00007ffd77bf0000 - 0x00007ffd77d34000 	C:\Users\Lenovo\.gradle\native\0d407fdbe67a94daf76414ababcb853783967236a71b16ec16e742cd7a986fd3\windows-amd64\native-platform-file-events.dll
0x00007ffdade20000 - 0x00007ffdade3b000 	C:\WINDOWS\SYSTEM32\CRYPTSP.dll
0x00007ffdad6b0000 - 0x00007ffdad6e5000 	C:\WINDOWS\system32\rsaenh.dll
0x00007ffdadcc0000 - 0x00007ffdadce8000 	C:\WINDOWS\SYSTEM32\USERENV.dll
0x00007ffdade40000 - 0x00007ffdade4c000 	C:\WINDOWS\SYSTEM32\CRYPTBASE.dll
0x00007ffda38f0000 - 0x00007ffda3909000 	C:\WINDOWS\SYSTEM32\dhcpcsvc6.DLL
0x00007ffda38d0000 - 0x00007ffda38ef000 	C:\WINDOWS\SYSTEM32\dhcpcsvc.DLL

dbghelp: loaded successfully - version: 4.0.5 - missing functions: none
symbol engine: initialized successfully - sym options: 0x614 - pdb path: .;C:\Program Files\Android\Android Studio\jbr\bin;C:\WINDOWS\SYSTEM32;C:\WINDOWS\WinSxS\amd64_microsoft.windows.common-controls_6595b64144ccf1df_6.0.22621.4391_none_2715d37f73803e96;C:\Program Files\Android\Android Studio\jbr\bin\server;C:\Users\Lenovo\.gradle\native\e1d6ef7f7dcc3fd88c89a11ec53ec762bb8ba0a96d01ffa2cd45eb1d1d8dd5c5\windows-amd64;C:\Users\Lenovo\.gradle\native\0d407fdbe67a94daf76414ababcb853783967236a71b16ec16e742cd7a986fd3\windows-amd64

VM Arguments:
jvm_args: -javaagent:C:\Program Files\Android\Android Studio\plugins\android\resources\trace_agent.jar=C:\Users\Lenovo\AppData\Local\Temp\sync.trace.profile --add-opens=java.base/java.util=ALL-UNNAMED --add-opens=java.base/java.lang=ALL-UNNAMED --add-opens=java.base/java.lang.invoke=ALL-UNNAMED --add-opens=java.base/java.util=ALL-UNNAMED --add-opens=java.prefs/java.util.prefs=ALL-UNNAMED --add-opens=java.prefs/java.util.prefs=ALL-UNNAMED --add-opens=java.base/java.nio.charset=ALL-UNNAMED --add-opens=java.base/java.net=ALL-UNNAMED --add-opens=java.base/java.util.concurrent.atomic=ALL-UNNAMED -Xmx2048m -Dfile.encoding=UTF-8 -Duser.country=IN -Duser.language=en -Duser.variant 
java_command: org.gradle.launcher.daemon.bootstrap.GradleDaemon 7.5
java_class_path (initial): C:\Users\Lenovo\.gradle\wrapper\dists\gradle-7.5-bin\f1w0cc9nuo0eivz97x2xlu9sv\gradle-7.5\lib\gradle-launcher-7.5.jar
Launcher Type: SUN_STANDARD

[Global flags]
     intx CICompilerCount                          = 4                                         {product} {ergonomic}
     uint ConcGCThreads                            = 2                                         {product} {ergonomic}
     uint G1ConcRefinementThreads                  = 8                                         {product} {ergonomic}
   size_t G1HeapRegionSize                         = 1048576                                   {product} {ergonomic}
    uintx GCDrainStackTargetSize                   = 64                                        {product} {ergonomic}
   size_t InitialHeapSize                          = 264241152                                 {product} {ergonomic}
   size_t MarkStackSize                            = 4194304                                   {product} {ergonomic}
   size_t MaxHeapSize                              = 2147483648                                {product} {command line}
   size_t MaxNewSize                               = 1287651328                                {product} {ergonomic}
   size_t MinHeapDeltaBytes                        = 1048576                                   {product} {ergonomic}
    uintx NonNMethodCodeHeapSize                   = 5836300                                {pd product} {ergonomic}
    uintx NonProfiledCodeHeapSize                  = 122910970                              {pd product} {ergonomic}
    uintx ProfiledCodeHeapSize                     = 122910970                              {pd product} {ergonomic}
    uintx ReservedCodeCacheSize                    = 251658240                              {pd product} {ergonomic}
     bool SegmentedCodeCache                       = true                                      {product} {ergonomic}
     bool UseCompressedClassPointers               = true                                 {lp64_product} {ergonomic}
     bool UseCompressedOops                        = true                                 {lp64_product} {ergonomic}
     bool UseG1GC                                  = true                                      {product} {ergonomic}
     bool UseLargePagesIndividualAllocation        = false                                  {pd product} {ergonomic}

Logging:
Log output configuration:
 #0: stdout all=warning uptime,level,tags
 #1: stderr all=off uptime,level,tags

Environment Variables:
PATH=C:\Program Files\Eclipse Adoptium\jdk-11.0.22.7-hotspot\bin;C:\Python312\Scripts\;C:\Python312\;C:\WINDOWS\system32;C:\WINDOWS;C:\WINDOWS\System32\Wbem;C:\WINDOWS\System32\WindowsPowerShell\v1.0\;C:\WINDOWS\System32\OpenSSH\;C:\Program Files\nodejs\;C:\ProgramData\chocolatey\bin;C:\Program Files\dotnet\;C:\Program Files\Git\cmd;C:\Users\Lenovo\AppData\Local\Microsoft\WindowsApps;C:\Users\Lenovo\AppData\Roaming\npm
USERNAME=Lenovo
OS=Windows_NT
PROCESSOR_IDENTIFIER=Intel64 Family 6 Model 142 Stepping 12, GenuineIntel



---------------  S Y S T E M  ---------------

OS: Windows 11 , 64 bit Build 22621 (10.0.22621.4391)
OS uptime: 11 days 0:50 hours

CPU:total 8 (initial active 8) (4 cores per cpu, 2 threads per core) family 6 model 142 stepping 12 microcode 0xf0, cmov, cx8, fxsr, mmx, sse, sse2, sse3, ssse3, sse4.1, sse4.2, popcnt, avx, avx2, aes, clmul, erms, 3dnowpref, lzcnt, ht, tsc, tscinvbit, bmi1, bmi2, adx, fma

Memory: 4k page, system-wide physical 16120M (473M free)
TotalPageFile size 33876M (AvailPageFile size 272M)
current process WorkingSet (physical memory assigned to process): 819M, peak: 819M
current process commit charge ("private bytes"): 914M, peak: 1263M

vm_info: OpenJDK 64-Bit Server VM (11.0.15+0-b2043.56-9505619) for windows-amd64 JRE (11.0.15+0-b2043.56-9505619), built on Jan 19 2023 02:48:00 by "builduser" with unknown MS VC++:1929

END.
